// GENERATED by scratch/gen_i18n.py from scratch/i18n_src.py -- do not hand-edit.
// Every UI string of the mod in every language the game ships. See mgmp_i18n.h.
#pragma once
#include <cstdint>
namespace mgmp {
enum class Tx : uint16_t {
    PAGE_MAIN,
    PAGE_SAVES,
    PAGE_HOUSE,
    PAGE_COLLAR,
    PAGE_GEAR,
    PAGE_CHAPTER,
    PAGE_INGAME,
    UNKNOWN,
    CLASS_0,
    CLASS_1,
    CLASS_2,
    CLASS_3,
    CLASS_4,
    CLASS_5,
    CLASS_6,
    CLASS_7,
    CLASS_8,
    CLASS_9,
    CLASS_10,
    CLASS_11,
    CLASS_12,
    CLASS_13,
    MENU_MULTI,
    MENU_BACKUP,
    NET_READY,
    NET_LISTEN,
    NET_CONNECTING,
    NET_HANDSHAKE,
    NET_FAILED,
    NET_CLOSED,
    NET_IDLE,
    LOCK,
    UNLOCK,
    UNLOCK_WHEN,
    LEAVE_ROOM,
    BACK,
    FOLD,
    CANCEL,
    OK,
    CONNECT_FIRST,
    SERVER_ADDR,
    PLAYER_NAME,
    NAME_HINT,
    SERVER_LOST,
    CONNECT,
    CONNECTING_SERVER,
    CONNECTED_AS,
    NO_ROOMS,
    COL_ROOM,
    COL_HOST,
    COL_PLAYERS,
    FULL,
    JOIN,
    ROOM_NAME,
    ROOM_NAME_HINT,
    CREATE_ROOM,
    REFRESH,
    DISCONNECT_SERVER,
    ROOM_LINE,
    ROLE_HOST,
    ROLE_PLAYER,
    PLAYERS_OF,
    PLAYERS_N,
    YOU_SUFFIX,
    AWAY_BOSS,
    FETCHING_PLAYERS,
    LOCKED_LINE,
    UNLOCKED_HOST,
    UNLOCKED_CLIENT,
    HALTED,
    ENTERED_ROOM,
    LEFT_ROOM,
    SLOT_EMPTY,
    SLOT_PCT,
    SLOT_NOPCT,
    CURRENT_SAVES,
    BACKUP_NAME,
    BACKUP_NAME_HINT,
    CLICK_AGAIN,
    UNDO_LOAD,
    ROOM_NO_WRITE,
    EMPTY_POS,
    CONFIRM_OVERWRITE,
    OVERWRITE,
    SAVE,
    CONFIRM_LOAD,
    LOAD,
    CONFIRM_DELETE,
    DELETE_BTN,
    DLG_LOAD_T,
    DLG_LOAD_B,
    DLG_OW_T,
    DLG_OW_B,
    DLG_DEL_T,
    DLG_DEL_B,
    EXPORT,
    IMPORT,
    CONFIRM_IMPORT,
    LOADED_HINT,
    BACKUP_FOOT,
    EXPORT_TITLE,
    IMPORT_TITLE,
    FILE_FILTER,
    SS_READ_HS_FAIL,
    SS_WRITE_HS_FAIL_F,
    SS_CLEAR_HS_FAIL,
    SS_READ_FAIL,
    SS_CREATE_FAIL,
    SS_TMP_FAIL,
    SS_WRITE_FAIL,
    SS_WRITE_HS_FAIL,
    SS_META_FAIL,
    SS_PLACE_FAIL,
    SS_MISSING,
    SS_CORRUPT,
    SS_IN_USE,
    SS_WRITE_PARTIAL,
    SS_CLEAR_FAIL,
    SS_NO_POS,
    SS_NO_DIR,
    SS_NOTHING,
    SS_DEFAULT_NAME,
    AUTO_HEADER,
    AUTO_NAME,
    SS_AUTO_SAVED,
    SS_AUTO_LOADED,
    SS_AUTO_EXPORTED,
    SS_SAVED_HS,
    SS_SAVED,
    SS_EMPTY_POS,
    SS_UNDO_NAME,
    SS_LOADED_HS,
    SS_LOADED,
    SS_ALREADY_EMPTY,
    SS_DELETE_FAIL,
    SS_DELETED,
    SS_NAME_EMPTY,
    SS_RENAME_FAIL,
    SS_RENAMED,
    SS_NO_UNDO,
    SS_UNDONE,
    SS_EXPORTED,
    SS_EXPORT_FAIL,
    SS_IMPORT_BAD,
    SS_IMPORTED,
    TIME_UNKNOWN,
    SYNC_WAIT_HOST,
    SYNC_WAIT_OTHERS,
    SYNC_ALL_PICKED,
    SYNC_THEN_HOST,
    PICKED,
    NOT_PICKED,
    REPICK,
    CHOOSE_SYNC,
    CHOOSE_SYNC_HINT,
    PREP_STAGE,
    SYNC_ENTRY,
    LATEST,
    COMBO_INVALID,
    COMBO_INVALID_1,
    COMBO_INVALID_2,
    OK_REPICK,
    AB_TITLE,
    AB_ASK,
    AB_AGREED_WAIT,
    AB_WAIT,
    AB_PROPOSER,
    AB_AGREED,
    AB_WAITING,
    AB_TIMER,
    AB_YES,
    AB_NO,
    AB_CANCEL,
    AB_DENIED,
    AB_WITHDRAWN,
    AB_TIMEOUT,
    AB_BUSY,
    AB_CHANGED,
    AB_GOING,
    NOTICE_TITLE,
    R_BOSS_SOLO_START,
    R_BOSS_SOLO_DONE,
    R_PEER_AWAY_BOSS,
    R_PEER_DROPPED,
    R_REPICK_BY,
    R_SOLO_BACK,
    R_NOT_CONNECTED,
    R_ALREADY_PICKED,
    R_LOCK_FIRST_HOST,
    R_LOCK_FIRST_CLIENT,
    R_WAIT_BOSS,
    R_NEED_TWO,
    R_WAIT_CONNECT,
    R_UNLOCK_DENIED,
    R_PARTY_LIMIT,
    R_PARTY_RESELECT,
    R_PARTY_OVER,
    R_PARTY_OVER_PEER,
    SYNC_BTN,
    SYNC_TITLE,
    SYNC_HINT,
    SYNC_SLOT_H,
    SYNC_NONE,
    SYNC_DETAIL,
    SYNC_BOSS,
    SYNC_DAY,
    SYNC_DO,
    DLG_SYNC_B,
    SS_SYNC_GONE,
    SS_SYNC_DONE,
    SYNC_STAGE_PREP,
    SYNC_STAGE_READY,
    SYNC_ENTRY_STAGE,
    SS_SYNC_DONE_STAGE,
    R_STORY_ITEM,
    R_STORY_ONLY_HOST,
    R_CHAPTER_CLIENT,
    R_CHAPTER_WAIT,
    BETA_TITLE,
    BETA_TEXT,
    BETA_DONT_SHOW,
    SEARCH,
    SEARCH_HINT,
    NO_MATCH,
    ROOM_PW,
    ROOM_PW_HINT,
    PW_TITLE,
    PW_WRONG,
    PW_SERVER_OLD,
    PW_LOCKED_TIP,
    LOG_TITLE,
    LOG_HINT,
    LOG_ADDR,
    LOG_DESC,
    LOG_DESC_HINT,
    LOG_FILES,
    LOG_PRIVACY,
    LOG_UPLOAD,
    LOG_CLOSE,
    LOG_BUSY,
    LOG_DONE,
    LOG_FAIL_CONNECT,
    LOG_FAIL_OLD,
    LOG_FAIL_REFUSED,
    LOG_FAIL_LOST,
    LOG_FAIL_NOFILE,
    LOG_PREV_HINT,
    LOG_DESYNC_TITLE,
    LOG_DESYNC_HINT,
    HALT_TITLE,
    HALT_ADVICE,
    HALT_AUTOFINISH,
    CHAT_TITLE,
    CHAT_HINT,
    CHAT_EMPTY,
    SYNC_AFTER_BOSS,
    LOG_PREV_AUTO_DONE,
    LOG_PREV_AUTO_FAIL,
    LAN_TAB_ONLINE,
    LAN_TAB_LAN,
    LAN_HOST_TITLE,
    LAN_CREATE,
    LAN_JOIN_TITLE,
    LAN_SEARCH_BTN,
    LAN_SEARCHING,
    LAN_FOUND,
    LAN_NONE,
    LAN_YOUR_ADDR,
    LAN_START_FAIL,
    LAN_FAILED,
    LAN_FIREWALL,
    DIAL_FAILED,
    SERVER_SAID,
    MENU_SETTINGS,
    SET_BLOCK_CATS,
    SET_BLOCK_CATS_NOTE,
    SET_IN_ROOM,
    R_PEER_DROPPED_FIGHT,
    R_START_READY,
    R_START_WAIT,
    R_CHAPTER_LOCKED_2,
    R_CHAPTER_LOCKED_3,
    COMBO_INVALID_3,
    COMBO_INVALID_4,
    R_SYNC_TROUBLE,
    TR_LABEL,
    TR_DIRECT,
    TR_STEAM,
    TR_CHECKING,
    TR_OPEN,
    TR_CLOSED,
    TR_BUSY,
    TR_NOANSWER,
    TR_RECHECK,
    TR_STEAM_NA,
    TR_RELAY,
    TR_RELAY_NA,
    TR_RELAY_FULL,
    TR_RELAY_SEL,
    TR_RELAY_WARN,
    TR_RELAY_OK,
    COUNT
};
constexpr int kLangCount = 10;
// Column order: en, es, fr, de, it, pt, ru, ko, ja, zh
static const char* const kTxTable[(int)Tx::COUNT][kLangCount] = {
    { // PAGE_MAIN
        "Main menu",
        "Men\xC3\xBA principal",
        "Menu principal",
        "Hauptmen\xC3\xBC",
        "Menu principale",
        "Menu principal",
        "\xD0\x93\xD0\xBB\xD0\xB0\xD0\xB2\xD0\xBD\xD0\xBE\xD0\xB5 \xD0\xBC\xD0\xB5\xD0\xBD\xD1\x8E",
        "\xEB\xA9\x94\xEC\x9D\xB8 \xEB\xA9\x94\xEB\x89\xB4",
        "\xE3\x83\xA1\xE3\x82\xA4\xE3\x83\xB3\xE3\x83\xA1\xE3\x83\x8B\xE3\x83\xA5\xE3\x83\xBC",
        "\xE4\xB8\xBB\xE8\x8F\x9C\xE5\x8D\x95",
    },
    { // PAGE_SAVES
        "Save select",
        "Partidas",
        "Sauvegardes",
        "Spielst\xC3\xA4nde",
        "Salvataggi",
        "Saves",
        "\xD0\xA1\xD0\xBE\xD1\x85\xD1\x80\xD0\xB0\xD0\xBD\xD0\xB5\xD0\xBD\xD0\xB8\xD1\x8F",
        "\xEC\xA0\x80\xEC\x9E\xA5 \xEC\x84\xA0\xED\x83\x9D",
        "\xE3\x82\xBB\xE3\x83\xBC\xE3\x83\x96\xE9\x81\xB8\xE6\x8A\x9E",
        "\xE5\xAD\x98\xE6\xA1\xA3\xE6\xA0\x8F",
    },
    { // PAGE_HOUSE
        "House",
        "Casa",
        "Maison",
        "Haus",
        "Casa",
        "Casa",
        "\xD0\x94\xD0\xBE\xD0\xBC",
        "\xEC\xA7\x91",
        "\xE3\x83\x8F\xE3\x82\xA6\xE3\x82\xB9",
        "\xE4\xBB\x93\xE5\xBA\x93",
    },
    { // PAGE_COLLAR
        "Choosing collars",
        "Eligiendo collares",
        "Choix des colliers",
        "Halsb\xC3\xA4nder w\xC3\xA4hlen",
        "Scelta collari",
        "Escolhendo coleiras",
        "\xD0\x92\xD1\x8B\xD0\xB1\xD0\xBE\xD1\x80 \xD0\xBE\xD1\x88\xD0\xB5\xD0\xB9\xD0\xBD\xD0\xB8\xD0\xBA\xD0\xBE\xD0\xB2",
        "\xEB\xAA\xA9\xEA\xB1\xB8\xEC\x9D\xB4 \xEC\x84\xA0\xED\x83\x9D",
        "\xE9\xA6\x96\xE8\xBC\xAA\xE3\x82\x92\xE9\x81\xB8\xE6\x8A\x9E\xE4\xB8\xAD",
        "\xE9\x80\x89\xE6\x8B\xA9\xE9\xA1\xB9\xE5\x9C\x88",
    },
    { // PAGE_GEAR
        "Choosing gear",
        "Eligiendo equipo",
        "Choix de l'\xC3\xA9quipement",
        "Ausr\xC3\xBCstung w\xC3\xA4hlen",
        "Scelta equipaggiamento",
        "Escolhendo equipamento",
        "\xD0\x92\xD1\x8B\xD0\xB1\xD0\xBE\xD1\x80 \xD1\x81\xD0\xBD\xD0\xB0\xD1\x80\xD1\x8F\xD0\xB6\xD0\xB5\xD0\xBD\xD0\xB8\xD1\x8F",
        "\xEC\x9E\xA5\xEB\xB9\x84 \xEC\x84\xA0\xED\x83\x9D",
        "\xE8\xA3\x85\xE5\x82\x99\xE3\x82\x92\xE9\x81\xB8\xE6\x8A\x9E\xE4\xB8\xAD",
        "\xE9\x80\x89\xE6\x8B\xA9\xE8\xA3\x85\xE5\xA4\x87",
    },
    { // PAGE_CHAPTER
        "Ready to depart",
        "Listo para partir",
        "Pr\xC3\xAAt \xC3\xA0 partir",
        "Bereit zum Aufbruch",
        "Pronto a partire",
        "Pronto para partir",
        "\xD0\x93\xD0\xBE\xD1\x82\xD0\xBE\xD0\xB2 \xD0\xBA \xD0\xBE\xD1\x82\xD0\xBF\xD1\x80\xD0\xB0\xD0\xB2\xD0\xBA\xD0\xB5",
        "\xEC\xB6\x9C\xEB\xB0\x9C \xEC\xA4\x80\xEB\xB9\x84",
        "\xE5\x87\xBA\xE7\x99\xBA\xE6\xBA\x96\xE5\x82\x99",
        "\xE5\x87\x86\xE5\xA4\x87\xE5\xBC\x80\xE5\xA7\x8B",
    },
    { // PAGE_INGAME
        "In game",
        "En partida",
        "En jeu",
        "Im Spiel",
        "In gioco",
        "Em jogo",
        "\xD0\x92 \xD0\xB8\xD0\xB3\xD1\x80\xD0\xB5",
        "\xEA\xB2\x8C\xEC\x9E\x84 \xEC\xA4\x91",
        "\xE3\x83\x97\xE3\x83\xAC\xE3\x82\xA4\xE4\xB8\xAD",
        "\xE6\xB8\xB8\xE6\x88\x8F\xE4\xB8\xAD",
    },
    { // UNKNOWN
        "Unknown",
        "Desconocido",
        "Inconnu",
        "Unbekannt",
        "Sconosciuto",
        "Desconhecido",
        "\xD0\x9D\xD0\xB5\xD0\xB8\xD0\xB7\xD0\xB2\xD0\xB5\xD1\x81\xD1\x82\xD0\xBD\xD0\xBE",
        "\xEC\x95\x8C \xEC\x88\x98 \xEC\x97\x86\xEC\x9D\x8C",
        "\xE4\xB8\x8D\xE6\x98\x8E",
        "\xE6\x9C\xAA\xE7\x9F\xA5",
    },
    { // CLASS_0
        "Fighter",
        "Luchador",
        "Pugiliste",
        "Krieger",
        "Guerriero",
        "Lutador",
        "\xD0\x91\xD0\xBE\xD0\xB5\xD1\x86",
        "\xEC\xA0\x84\xEC\x82\xAC",
        "\xE3\x83\x95\xE3\x82\xA1\xE3\x82\xA4\xE3\x82\xBF\xE3\x83\xBC",
        "\xE6\x88\x98\xE5\xA3\xAB",
    },
    { // CLASS_1
        "Hunter",
        "Cazador",
        "Sentinelle",
        "J\xC3\xA4ger",
        "Cacciatore",
        "Ca\xC3\xA7" "ador",
        "\xD0\x9E\xD1\x85\xD0\xBE\xD1\x82\xD0\xBD\xD0\xB8\xD0\xBA",
        "\xEC\x82\xAC\xEB\x83\xA5\xEA\xBE\xBC",
        "\xE3\x83\x8F\xE3\x83\xB3\xE3\x82\xBF\xE3\x83\xBC",
        "\xE7\x8C\x8E\xE6\x89\x8B",
    },
    { // CLASS_2
        "Mage",
        "Mago",
        "Mage",
        "Magier",
        "Mago",
        "Mago",
        "\xD0\x9C\xD0\xB0\xD0\xB3",
        "\xEB\xA7\x88\xEB\xB2\x95\xEC\x82\xAC",
        "\xE3\x83\xA1\xE3\x82\xA4\xE3\x82\xB8",
        "\xE6\xB3\x95\xE5\xB8\x88",
    },
    { // CLASS_3
        "Cleric",
        "Cl\xC3\xA9rigo",
        "Sage",
        "Kleriker",
        "Chierico",
        "Cl\xC3\xA9rigo",
        "\xD0\x9A\xD0\xBB\xD0\xB8\xD1\x80\xD0\xB8\xD0\xBA",
        "\xEC\x84\xB1\xEC\xA7\x81\xEC\x9E\x90",
        "\xE3\x82\xAF\xE3\x83\xAC\xE3\x83\xAA\xE3\x83\x83\xE3\x82\xAF",
        "\xE7\x89\xA7\xE5\xB8\x88",
    },
    { // CLASS_4
        "Tank",
        "Tanque",
        "Tank",
        "Tank",
        "Corazzato",
        "Tanque",
        "\xD0\xA2\xD0\xB0\xD0\xBD\xD0\xBA",
        "\xED\x83\xB1\xEC\xBB\xA4",
        "\xE3\x82\xBF\xE3\x83\xB3\xE3\x82\xAF",
        "\xE5\x9D\xA6\xE5\x85\x8B",
    },
    { // CLASS_5
        "Thief",
        "Ladr\xC3\xB3n",
        "Fourbe",
        "Dieb",
        "Ladro",
        "Ladr\xC3\xA3o",
        "\xD0\x92\xD0\xBE\xD1\x80",
        "\xEB\x8F\x84\xEB\x91\x91",
        "\xE3\x82\xB7\xE3\x83\xBC\xE3\x83\x95",
        "\xE7\x9B\x97\xE8\xB4\xBC",
    },
    { // CLASS_6
        "Collarless",
        "Sin collar",
        "Sans collier",
        "Klassenlos",
        "Senza Collare",
        "Sem coleira",
        "\xD0\x91\xD0\xB5\xD0\xB7\xD0\xBE\xD1\x88\xD0\xB5\xD0\xB9\xD0\xBD\xD0\xB8\xD0\xBA",
        "\xEB\xAA\xA9\xEA\xB1\xB8\xEC\x9D\xB4 \xEC\x97\x86\xEC\x9D\x8C",
        "\xE3\x82\xBF\xE3\x82\xB0\xE3\x81\xAA\xE3\x81\x97",
        "\xE6\x97\xA0\xE8\x81\x8C\xE4\xB8\x9A",
    },
    { // CLASS_7
        "Monk",
        "Monje",
        "Moine",
        "M\xC3\xB6nch",
        "Monaco",
        "Monge",
        "\xD0\x9C\xD0\xBE\xD0\xBD\xD0\xB0\xD1\x85",
        "\xEC\x88\x98\xEB\x8F\x84\xEC\x82\xAC",
        "\xE3\x83\xA2\xE3\x83\xB3\xE3\x82\xAF",
        "\xE6\xAD\xA6\xE5\x83\xA7",
    },
    { // CLASS_8
        "Butcher",
        "Carnicero",
        "Barbare",
        "Schlachter",
        "Macellaio",
        "A\xC3\xA7ougueiro",
        "\xD0\x9C\xD1\x8F\xD1\x81\xD0\xBD\xD0\xB8\xD0\xBA",
        "\xEB\x8F\x84\xEC\x82\xB4\xEC\x9E\x90",
        "\xE3\x83\x96\xE3\x83\x83\xE3\x83\x81\xE3\x83\xA3\xE3\x83\xBC",
        "\xE5\xB1\xA0\xE5\xA4\xAB",
    },
    { // CLASS_9
        "Druid",
        "Druida",
        "Druide",
        "Druide",
        "Druido",
        "Druida",
        "\xD0\x94\xD1\x80\xD1\x83\xD0\xB8\xD0\xB4",
        "\xEB\x93\x9C\xEB\xA3\xA8\xEC\x9D\xB4\xEB\x93\x9C",
        "\xE3\x83\x89\xE3\x83\xAB\xE3\x82\xA4\xE3\x83\x89",
        "\xE5\xBE\xB7\xE9\xB2\x81\xE4\xBC\x8A",
    },
    { // CLASS_10
        "Tinkerer",
        "Manitas",
        "Scientifique",
        "Bastler",
        "Inventore",
        "Art\xC3\xAD" "fice",
        "\xD0\xA2\xD0\xB5\xD1\x85\xD0\xBD\xD0\xB8\xD0\xBA",
        "\xEB\x95\x9C\xEC\x9E\xA5\xEC\x9D\xB4",
        "\xE3\x83\xA1\xE3\x82\xAB\xE3\x83\x8B\xE3\x83\x83\xE3\x82\xAF",
        "\xE5\xB7\xA5\xE7\xA8\x8B\xE5\xB8\x88",
    },
    { // CLASS_11
        "Necromancer",
        "Nigromante",
        "Occultiste",
        "Totenbeschw\xC3\xB6rer",
        "Necromante",
        "Necromante",
        "\xD0\x9D\xD0\xB5\xD0\xBA\xD1\x80\xD0\xBE\xD0\xBC\xD0\xB0\xD0\xBD\xD1\x82",
        "\xEB\x84\xA4\xED\x81\xAC\xEB\xA1\x9C\xEB\xA7\xA8\xEC\x84\x9C",
        "\xE3\x83\x8D\xE3\x82\xAF\xE3\x83\xAD\xE3\x83\x9E\xE3\x83\xB3\xE3\x82\xB5\xE3\x83\xBC",
        "\xE6\xAD\xBB\xE7\x81\xB5\xE6\xB3\x95\xE5\xB8\x88",
    },
    { // CLASS_12
        "Psychic",
        "Ocultista",
        "M\xC3\xA9" "dium",
        "Medium",
        "Psionico",
        "Ps\xC3\xADquico",
        "\xD0\xA2\xD0\xB5\xD0\xBB\xD0\xB5\xD0\xBA\xD0\xB8\xD0\xBD\xD0\xB5\xD1\x82\xD0\xB8\xD0\xBA",
        "\xEC\x82\xAC\xEC\x9D\xB4\xED\x82\xA5",
        "\xE3\x82\xB5\xE3\x82\xA4\xE3\x82\xAD\xE3\x83\x83\xE3\x82\xAF",
        "\xE5\xBC\x82\xE8\x83\xBD\xE8\x80\x85",
    },
    { // CLASS_13
        "Jester",
        "Buf\xC3\xB3n",
        "Joker",
        "Narr",
        "Giullare",
        "Curinga",
        "\xD0\xA8\xD1\x83\xD1\x82",
        "\xEA\xB4\x91\xEB\x8C\x80",
        "\xE3\x82\xB8\xE3\x83\xA7\xE3\x83\xBC\xE3\x82\xAB\xE3\x83\xBC",
        "\xE5\xB0\x8F\xE4\xB8\x91",
    },
    { // MENU_MULTI
        "Multiplayer",
        "Multijugador",
        "Multijoueur",
        "Mehrspieler",
        "Multigiocatore",
        "Multijogador",
        "\xD0\x9C\xD1\x83\xD0\xBB\xD1\x8C\xD1\x82\xD0\xB8\xD0\xBF\xD0\xBB\xD0\xB5\xD0\xB5\xD1\x80",
        "\xEB\xA9\x80\xED\x8B\xB0\xED\x94\x8C\xEB\xA0\x88\xEC\x9D\xB4",
        "\xE3\x83\x9E\xE3\x83\xAB\xE3\x83\x81\xE3\x83\x97\xE3\x83\xAC\xE3\x82\xA4",
        "\xE5\xA4\x9A\xE4\xBA\xBA\xE6\xB8\xB8\xE6\x88\x8F",
    },
    { // MENU_BACKUP
        "Save backups",
        "Copias de partidas",
        "Sauvegardes de secours",
        "Spielstand-Backups",
        "Backup salvataggi",
        "Backups de saves",
        "\xD0\xA0\xD0\xB5\xD0\xB7\xD0\xB5\xD1\x80\xD0\xB2\xD0\xBD\xD1\x8B\xD0\xB5 \xD0\xBA\xD0\xBE\xD0\xBF\xD0\xB8\xD0\xB8",
        "\xEC\xA0\x80\xEC\x9E\xA5 \xEB\xB0\xB1\xEC\x97\x85",
        "\xE3\x82\xBB\xE3\x83\xBC\xE3\x83\x96\xE3\x81\xAE\xE3\x83\x90\xE3\x83\x83\xE3\x82\xAF\xE3\x82\xA2\xE3\x83\x83\xE3\x83\x97",
        "\xE5\xAD\x98\xE6\xA1\xA3\xE5\xA4\x87\xE4\xBB\xBD",
    },
    { // NET_READY
        "In sync",
        "Sincronizado",
        "Synchronis\xC3\xA9",
        "Synchron",
        "Sincronizzato",
        "Sincronizado",
        "\xD0\xA1\xD0\xB8\xD0\xBD\xD1\x85\xD1\x80\xD0\xBE\xD0\xBD\xD0\xB8\xD0\xB7\xD0\xB8\xD1\x80\xD0\xBE\xD0\xB2\xD0\xB0\xD0\xBD\xD0\xBE",
        "\xEB\x8F\x99\xEA\xB8\xB0\xED\x99\x94\xEB\x90\xA8",
        "\xE5\x90\x8C\xE6\x9C\x9F\xE6\xB8\x88\xE3\x81\xBF",
        "\xE5\xB7\xB2\xE5\x90\x8C\xE6\xAD\xA5",
    },
    { // NET_LISTEN
        "Waiting for teammates",
        "Esperando compa\xC3\xB1" "eros",
        "En attente des co\xC3\xA9quipiers",
        "Warte auf Mitspieler",
        "In attesa dei compagni",
        "Aguardando companheiros",
        "\xD0\x9E\xD0\xB6\xD0\xB8\xD0\xB4\xD0\xB0\xD0\xBD\xD0\xB8\xD0\xB5 \xD1\x81\xD0\xBE\xD1\x8E\xD0\xB7\xD0\xBD\xD0\xB8\xD0\xBA\xD0\xBE\xD0\xB2",
        "\xED\x8C\x80\xEC\x9B\x90\xEC\x9D\x84 \xEA\xB8\xB0\xEB\x8B\xA4\xEB\xA6\xAC\xEB\x8A\x94 \xEC\xA4\x91",
        "\xE4\xBB\xB2\xE9\x96\x93\xE3\x82\x92\xE5\xBE\x85\xE3\x81\xA3\xE3\x81\xA6\xE3\x81\x84\xE3\x81\xBE\xE3\x81\x99",
        "\xE7\xAD\x89\xE5\xBE\x85\xE9\x98\x9F\xE5\x8F\x8B\xE5\x8A\xA0\xE5\x85\xA5",
    },
    { // NET_CONNECTING
        "Connecting to teammates",
        "Conectando con compa\xC3\xB1" "eros",
        "Connexion aux co\xC3\xA9quipiers",
        "Verbinde mit Mitspielern",
        "Connessione ai compagni",
        "Conectando aos companheiros",
        "\xD0\x9F\xD0\xBE\xD0\xB4\xD0\xBA\xD0\xBB\xD1\x8E\xD1\x87\xD0\xB5\xD0\xBD\xD0\xB8\xD0\xB5 \xD0\xBA \xD1\x81\xD0\xBE\xD1\x8E\xD0\xB7\xD0\xBD\xD0\xB8\xD0\xBA\xD0\xB0\xD0\xBC",
        "\xED\x8C\x80\xEC\x9B\x90\xEC\x97\x90\xEA\xB2\x8C \xEC\x97\xB0\xEA\xB2\xB0 \xEC\xA4\x91",
        "\xE4\xBB\xB2\xE9\x96\x93\xE3\x81\xAB\xE6\x8E\xA5\xE7\xB6\x9A\xE4\xB8\xAD",
        "\xE6\xAD\xA3\xE5\x9C\xA8\xE8\xBF\x9E\xE6\x8E\xA5\xE9\x98\x9F\xE5\x8F\x8B",
    },
    { // NET_HANDSHAKE
        "Handshaking",
        "Estableciendo conexi\xC3\xB3n",
        "N\xC3\xA9gociation",
        "Verbindungsaufbau",
        "Handshake in corso",
        "Estabelecendo conex\xC3\xA3o",
        "\xD0\xA3\xD1\x81\xD1\x82\xD0\xB0\xD0\xBD\xD0\xBE\xD0\xB2\xD0\xBA\xD0\xB0 \xD1\x81\xD0\xB2\xD1\x8F\xD0\xB7\xD0\xB8",
        "\xED\x95\xB8\xEB\x93\x9C\xEC\x85\xB0\xEC\x9D\xB4\xED\x81\xAC \xEC\xA4\x91",
        "\xE3\x83\x8F\xE3\x83\xB3\xE3\x83\x89\xE3\x82\xB7\xE3\x82\xA7\xE3\x82\xA4\xE3\x82\xAF\xE4\xB8\xAD",
        "\xE6\xAD\xA3\xE5\x9C\xA8\xE6\x8F\xA1\xE6\x89\x8B",
    },
    { // NET_FAILED
        "Connection failed",
        "Error de conexi\xC3\xB3n",
        "\xC3\x89" "chec de la connexion",
        "Verbindung fehlgeschlagen",
        "Connessione non riuscita",
        "Falha na conex\xC3\xA3o",
        "\xD0\xA1\xD0\xB1\xD0\xBE\xD0\xB9 \xD0\xBF\xD0\xBE\xD0\xB4\xD0\xBA\xD0\xBB\xD1\x8E\xD1\x87\xD0\xB5\xD0\xBD\xD0\xB8\xD1\x8F",
        "\xEC\x97\xB0\xEA\xB2\xB0 \xEC\x8B\xA4\xED\x8C\xA8",
        "\xE6\x8E\xA5\xE7\xB6\x9A\xE3\x81\xAB\xE5\xA4\xB1\xE6\x95\x97\xE3\x81\x97\xE3\x81\xBE\xE3\x81\x97\xE3\x81\x9F",
        "\xE8\xBF\x9E\xE6\x8E\xA5\xE5\xA4\xB1\xE8\xB4\xA5",
    },
    { // NET_CLOSED
        "Disconnected",
        "Desconectado",
        "D\xC3\xA9" "connect\xC3\xA9",
        "Getrennt",
        "Disconnesso",
        "Desconectado",
        "\xD0\x9E\xD1\x82\xD0\xBA\xD0\xBB\xD1\x8E\xD1\x87\xD0\xB5\xD0\xBD\xD0\xBE",
        "\xEC\x97\xB0\xEA\xB2\xB0 \xEB\x81\x8A\xEA\xB9\x80",
        "\xE5\x88\x87\xE6\x96\xAD\xE3\x81\x95\xE3\x82\x8C\xE3\x81\xBE\xE3\x81\x97\xE3\x81\x9F",
        "\xE5\xB7\xB2\xE6\x96\xAD\xE5\xBC\x80",
    },
    { // NET_IDLE
        "Not started",
        "Sin iniciar",
        "Pas commenc\xC3\xA9",
        "Nicht gestartet",
        "Non avviato",
        "N\xC3\xA3o iniciado",
        "\xD0\x9D\xD0\xB5 \xD0\xB7\xD0\xB0\xD0\xBF\xD1\x83\xD1\x89\xD0\xB5\xD0\xBD\xD0\xBE",
        "\xEC\x8B\x9C\xEC\x9E\x91 \xEC\x95\x88 \xED\x95\xA8",
        "\xE6\x9C\xAA\xE9\x96\x8B\xE5\xA7\x8B",
        "\xE5\xB0\x9A\xE6\x9C\xAA\xE5\xBC\x80\xE5\xA7\x8B",
    },
    { // LOCK
        "Lock room",
        "Bloquear sala",
        "Verrouiller le salon",
        "Raum sperren",
        "Blocca stanza",
        "Trancar sala",
        "\xD0\x97\xD0\xB0\xD0\xBA\xD1\x80\xD1\x8B\xD1\x82\xD1\x8C \xD0\xBA\xD0\xBE\xD0\xBC\xD0\xBD\xD0\xB0\xD1\x82\xD1\x83",
        "\xEB\xB0\xA9 \xEC\x9E\xA0\xEA\xB7\xB8\xEA\xB8\xB0",
        "\xE3\x83\xAB\xE3\x83\xBC\xE3\x83\xA0\xE3\x82\x92\xE3\x83\xAD\xE3\x83\x83\xE3\x82\xAF",
        "\xE9\x94\x81\xE5\xAE\x9A\xE6\x88\xBF\xE9\x97\xB4",
    },
    { // UNLOCK
        "Unlock room",
        "Desbloquear sala",
        "D\xC3\xA9verrouiller le salon",
        "Raum entsperren",
        "Sblocca stanza",
        "Destrancar sala",
        "\xD0\x9E\xD1\x82\xD0\xBA\xD1\x80\xD1\x8B\xD1\x82\xD1\x8C \xD0\xBA\xD0\xBE\xD0\xBC\xD0\xBD\xD0\xB0\xD1\x82\xD1\x83",
        "\xEB\xB0\xA9 \xEC\x9E\xA0\xEA\xB8\x88 \xED\x95\xB4\xEC\xA0\x9C",
        "\xE3\x83\xAB\xE3\x83\xBC\xE3\x83\xA0\xE3\x81\xAE\xE3\x83\xAD\xE3\x83\x83\xE3\x82\xAF\xE8\xA7\xA3\xE9\x99\xA4",
        "\xE8\xA7\xA3\xE9\x94\x81\xE6\x88\xBF\xE9\x97\xB4",
    },
    { // UNLOCK_WHEN
        "Unlock room (everyone must be on the main menu or save screen)",
        "Desbloquear sala (todos en el men\xC3\xBA o en partidas)",
        "D\xC3\xA9verrouiller (tous au menu ou aux sauvegardes)",
        "Entsperren (alle im Men\xC3\xBC oder bei Spielst\xC3\xA4nden)",
        "Sblocca (tutti nel menu o nei salvataggi)",
        "Destrancar (todos no menu ou nos saves)",
        "\xD0\x9E\xD1\x82\xD0\xBA\xD1\x80\xD1\x8B\xD1\x82\xD1\x8C (\xD0\xB2\xD1\x81\xD0\xB5 \xD0\xB2 \xD0\xBC\xD0\xB5\xD0\xBD\xD1\x8E \xD0\xB8\xD0\xBB\xD0\xB8 \xD0\xB2 \xD1\x81\xD0\xBE\xD1\x85\xD1\x80\xD0\xB0\xD0\xBD\xD0\xB5\xD0\xBD\xD0\xB8\xD1\x8F\xD1\x85)",
        "\xEC\x9E\xA0\xEA\xB8\x88 \xED\x95\xB4\xEC\xA0\x9C (\xEB\xAA\xA8\xEB\x91\x90 \xEB\xA9\x94\xEC\x9D\xB8 \xEB\xA9\x94\xEB\x89\xB4 \xEB\x98\x90\xEB\x8A\x94 \xEC\xA0\x80\xEC\x9E\xA5 \xED\x99\x94\xEB\xA9\xB4)",
        "\xE3\x83\xAD\xE3\x83\x83\xE3\x82\xAF\xE8\xA7\xA3\xE9\x99\xA4\xEF\xBC\x88\xE5\x85\xA8\xE5\x93\xA1\xE3\x81\x8C\xE3\x83\xA1\xE3\x83\x8B\xE3\x83\xA5\xE3\x83\xBC\xE3\x81\x8B\xE3\x82\xBB\xE3\x83\xBC\xE3\x83\x96\xE7\x94\xBB\xE9\x9D\xA2\xE3\x81\xAB\xE3\x81\x84\xE3\x82\x8B\xE6\x99\x82\xE3\x81\xAE\xE3\x81\xBF\xEF\xBC\x89",
        "\xE8\xA7\xA3\xE9\x94\x81\xE6\x88\xBF\xE9\x97\xB4\xEF\xBC\x88\xE9\x9C\x80\xE6\x89\x80\xE6\x9C\x89\xE7\x8E\xA9\xE5\xAE\xB6\xE5\x9C\xA8\xE4\xB8\xBB\xE8\x8F\x9C\xE5\x8D\x95\xE6\x88\x96\xE5\xAD\x98\xE6\xA1\xA3\xE9\xA1\xB5\xE9\x9D\xA2\xEF\xBC\x89",
    },
    { // LEAVE_ROOM
        "Leave room",
        "Salir de la sala",
        "Quitter le salon",
        "Raum verlassen",
        "Esci dalla stanza",
        "Sair da sala",
        "\xD0\x9F\xD0\xBE\xD0\xBA\xD0\xB8\xD0\xBD\xD1\x83\xD1\x82\xD1\x8C \xD0\xBA\xD0\xBE\xD0\xBC\xD0\xBD\xD0\xB0\xD1\x82\xD1\x83",
        "\xEB\xB0\xA9 \xEB\x82\x98\xEA\xB0\x80\xEA\xB8\xB0",
        "\xE3\x83\xAB\xE3\x83\xBC\xE3\x83\xA0\xE3\x82\x92\xE9\x80\x80\xE5\x87\xBA",
        "\xE7\xA6\xBB\xE5\xBC\x80\xE6\x88\xBF\xE9\x97\xB4",
    },
    { // BACK
        "Back",
        "Volver",
        "Retour",
        "Zur\xC3\xBC" "ck",
        "Indietro",
        "Voltar",
        "\xD0\x9D\xD0\xB0\xD0\xB7\xD0\xB0\xD0\xB4",
        "\xEB\x92\xA4\xEB\xA1\x9C",
        "\xE6\x88\xBB\xE3\x82\x8B",
        "\xE8\xBF\x94\xE5\x9B\x9E",
    },
    { // FOLD
        "Hide",
        "Ocultar",
        "Masquer",
        "Einklappen",
        "Nascondi",
        "Ocultar",
        "\xD0\xA1\xD0\xB2\xD0\xB5\xD1\x80\xD0\xBD\xD1\x83\xD1\x82\xD1\x8C",
        "\xEC\xA0\x91\xEA\xB8\xB0",
        "\xE9\x96\x89\xE3\x81\x98\xE3\x82\x8B",
        "\xE6\x94\xB6\xE8\xB5\xB7",
    },
    { // CANCEL
        "Cancel",
        "Cancelar",
        "Annuler",
        "Abbrechen",
        "Annulla",
        "Cancelar",
        "\xD0\x9E\xD1\x82\xD0\xBC\xD0\xB5\xD0\xBD\xD0\xB0",
        "\xEC\xB7\xA8\xEC\x86\x8C",
        "\xE3\x82\xAD\xE3\x83\xA3\xE3\x83\xB3\xE3\x82\xBB\xE3\x83\xAB",
        "\xE5\x8F\x96\xE6\xB6\x88",
    },
    { // OK
        "OK",
        "Aceptar",
        "OK",
        "OK",
        "OK",
        "OK",
        "\xD0\x9E\xD0\x9A",
        "\xED\x99\x95\xEC\x9D\xB8",
        "OK",
        "\xE7\xA1\xAE\xE5\xAE\x9A",
    },
    { // CONNECT_FIRST
        "Connect to a server first",
        "Con\xC3\xA9" "ctate a un servidor primero",
        "Connectez-vous d'abord \xC3\xA0 un serveur",
        "Zuerst mit einem Server verbinden",
        "Connettiti prima a un server",
        "Conecte-se a um servidor primeiro",
        "\xD0\xA1\xD0\xBD\xD0\xB0\xD1\x87\xD0\xB0\xD0\xBB\xD0\xB0 \xD0\xBF\xD0\xBE\xD0\xB4\xD0\xBA\xD0\xBB\xD1\x8E\xD1\x87\xD0\xB8\xD1\x82\xD0\xB5\xD1\x81\xD1\x8C \xD0\xBA \xD1\x81\xD0\xB5\xD1\x80\xD0\xB2\xD0\xB5\xD1\x80\xD1\x83",
        "\xEB\xA8\xBC\xEC\xA0\x80 \xEC\x84\x9C\xEB\xB2\x84\xEC\x97\x90 \xEC\x97\xB0\xEA\xB2\xB0\xED\x95\x98\xEC\x84\xB8\xEC\x9A\x94",
        "\xE3\x81\xBE\xE3\x81\x9A\xE3\x82\xB5\xE3\x83\xBC\xE3\x83\x90\xE3\x83\xBC\xE3\x81\xAB\xE6\x8E\xA5\xE7\xB6\x9A\xE3\x81\x97\xE3\x81\xA6\xE3\x81\x8F\xE3\x81\xA0\xE3\x81\x95\xE3\x81\x84",
        "\xE8\xAF\xB7\xE5\x85\x88\xE8\xBF\x9E\xE6\x8E\xA5\xE6\x9C\x8D\xE5\x8A\xA1\xE5\x99\xA8",
    },
    { // SERVER_ADDR
        "Server address",
        "Direcci\xC3\xB3n del servidor",
        "Adresse du serveur",
        "Serveradresse",
        "Indirizzo server",
        "Endere\xC3\xA7o do servidor",
        "\xD0\x90\xD0\xB4\xD1\x80\xD0\xB5\xD1\x81 \xD1\x81\xD0\xB5\xD1\x80\xD0\xB2\xD0\xB5\xD1\x80\xD0\xB0",
        "\xEC\x84\x9C\xEB\xB2\x84 \xEC\xA3\xBC\xEC\x86\x8C",
        "\xE3\x82\xB5\xE3\x83\xBC\xE3\x83\x90\xE3\x83\xBC\xE3\x82\xA2\xE3\x83\x89\xE3\x83\xAC\xE3\x82\xB9",
        "\xE6\x9C\x8D\xE5\x8A\xA1\xE5\x99\xA8\xE5\x9C\xB0\xE5\x9D\x80",
    },
    { // PLAYER_NAME
        "Player name",
        "Nombre de jugador",
        "Nom du joueur",
        "Spielername",
        "Nome giocatore",
        "Nome do jogador",
        "\xD0\x98\xD0\xBC\xD1\x8F \xD0\xB8\xD0\xB3\xD1\x80\xD0\xBE\xD0\xBA\xD0\xB0",
        "\xED\x94\x8C\xEB\xA0\x88\xEC\x9D\xB4\xEC\x96\xB4 \xEC\x9D\xB4\xEB\xA6\x84",
        "\xE3\x83\x97\xE3\x83\xAC\xE3\x82\xA4\xE3\x83\xA4\xE3\x83\xBC\xE5\x90\x8D",
        "\xE7\x8E\xA9\xE5\xAE\xB6\xE5\x90\x8D\xE7\xA7\xB0",
    },
    { // NAME_HINT
        "Leave empty to use the computer name",
        "Vac\xC3\xADo = nombre del equipo",
        "Vide = nom de l'ordinateur",
        "Leer = Computername",
        "Vuoto = nome del computer",
        "Vazio = nome do computador",
        "\xD0\x9F\xD1\x83\xD1\x81\xD1\x82\xD0\xBE = \xD0\xB8\xD0\xBC\xD1\x8F \xD0\xBA\xD0\xBE\xD0\xBC\xD0\xBF\xD1\x8C\xD1\x8E\xD1\x82\xD0\xB5\xD1\x80\xD0\xB0",
        "\xEB\xB9\x84\xEC\x9A\xB0\xEB\xA9\xB4 \xEC\xBB\xB4\xED\x93\xA8\xED\x84\xB0 \xEC\x9D\xB4\xEB\xA6\x84 \xEC\x82\xAC\xEC\x9A\xA9",
        "\xE7\xA9\xBA\xE6\xAC\x84\xE3\x81\xAA\xE3\x82\x89PC\xE5\x90\x8D\xE3\x82\x92\xE4\xBD\xBF\xE7\x94\xA8",
        "\xE7\x95\x99\xE7\xA9\xBA\xE4\xBD\xBF\xE7\x94\xA8\xE7\x94\xB5\xE8\x84\x91\xE5\x90\x8D",
    },
    { // SERVER_LOST
        "The server closed the connection",
        "El servidor cerr\xC3\xB3 la conexi\xC3\xB3n",
        "Le serveur a ferm\xC3\xA9 la connexion",
        "Der Server hat die Verbindung getrennt",
        "Il server ha chiuso la connessione",
        "O servidor encerrou a conex\xC3\xA3o",
        "\xD0\xA1\xD0\xB5\xD1\x80\xD0\xB2\xD0\xB5\xD1\x80 \xD1\x80\xD0\xB0\xD0\xB7\xD0\xBE\xD1\x80\xD0\xB2\xD0\xB0\xD0\xBB \xD1\x81\xD0\xBE\xD0\xB5\xD0\xB4\xD0\xB8\xD0\xBD\xD0\xB5\xD0\xBD\xD0\xB8\xD0\xB5",
        "\xEC\x84\x9C\xEB\xB2\x84 \xEC\x97\xB0\xEA\xB2\xB0\xEC\x9D\xB4 \xEB\x81\x8A\xEA\xB2\xBC\xEC\x8A\xB5\xEB\x8B\x88\xEB\x8B\xA4",
        "\xE3\x82\xB5\xE3\x83\xBC\xE3\x83\x90\xE3\x83\xBC\xE3\x81\xA8\xE3\x81\xAE\xE6\x8E\xA5\xE7\xB6\x9A\xE3\x81\x8C\xE5\x88\x87\xE3\x82\x8C\xE3\x81\xBE\xE3\x81\x97\xE3\x81\x9F",
        "\xE6\x9C\x8D\xE5\x8A\xA1\xE5\x99\xA8\xE5\xB7\xB2\xE6\x96\xAD\xE5\xBC\x80\xE8\xBF\x9E\xE6\x8E\xA5",
    },
    { // CONNECT
        "Connect",
        "Conectar",
        "Se connecter",
        "Verbinden",
        "Connetti",
        "Conectar",
        "\xD0\x9F\xD0\xBE\xD0\xB4\xD0\xBA\xD0\xBB\xD1\x8E\xD1\x87\xD0\xB8\xD1\x82\xD1\x8C\xD1\x81\xD1\x8F",
        "\xEC\x97\xB0\xEA\xB2\xB0",
        "\xE6\x8E\xA5\xE7\xB6\x9A",
        "\xE8\xBF\x9E\xE6\x8E\xA5",
    },
    { // CONNECTING_SERVER
        "Connecting to the server%.*s",
        "Conectando al servidor%.*s",
        "Connexion au serveur%.*s",
        "Verbinde mit dem Server%.*s",
        "Connessione al server%.*s",
        "Conectando ao servidor%.*s",
        "\xD0\x9F\xD0\xBE\xD0\xB4\xD0\xBA\xD0\xBB\xD1\x8E\xD1\x87\xD0\xB5\xD0\xBD\xD0\xB8\xD0\xB5 \xD0\xBA \xD1\x81\xD0\xB5\xD1\x80\xD0\xB2\xD0\xB5\xD1\x80\xD1\x83%.*s",
        "\xEC\x84\x9C\xEB\xB2\x84\xEC\x97\x90 \xEC\x97\xB0\xEA\xB2\xB0 \xEC\xA4\x91%.*s",
        "\xE3\x82\xB5\xE3\x83\xBC\xE3\x83\x90\xE3\x83\xBC\xE3\x81\xAB\xE6\x8E\xA5\xE7\xB6\x9A\xE4\xB8\xAD%.*s",
        "\xE6\xAD\xA3\xE5\x9C\xA8\xE8\xBF\x9E\xE6\x8E\xA5\xE6\x9C\x8D\xE5\x8A\xA1\xE5\x99\xA8%.*s",
    },
    { // CONNECTED_AS
        "Connected to %s  \xC2\xB7  you are %s",
        "Conectado a %s  \xC2\xB7  eres %s",
        "Connect\xC3\xA9 \xC3\xA0 %s  \xC2\xB7  vous \xC3\xAAtes %s",
        "Verbunden mit %s  \xC2\xB7  du bist %s",
        "Connesso a %s  \xC2\xB7  sei %s",
        "Conectado a %s  \xC2\xB7  voc\xC3\xAA \xC3\xA9 %s",
        "\xD0\x9F\xD0\xBE\xD0\xB4\xD0\xBA\xD0\xBB\xD1\x8E\xD1\x87\xD0\xB5\xD0\xBD\xD0\xBE \xD0\xBA %s  \xC2\xB7  \xD0\xB2\xD1\x8B \xE2\x80\x94 %s",
        "%s\xEC\x97\x90 \xEC\x97\xB0\xEA\xB2\xB0\xEB\x90\xA8  \xC2\xB7  \xEB\x82\x98: %s",
        "%s \xE3\x81\xAB\xE6\x8E\xA5\xE7\xB6\x9A\xE4\xB8\xAD  \xC2\xB7  \xE3\x81\x82\xE3\x81\xAA\xE3\x81\x9F: %s",
        "\xE5\xB7\xB2\xE8\xBF\x9E\xE6\x8E\xA5\xE5\x88\xB0 %s  \xC2\xB7  \xE4\xBD\xA0\xE6\x98\xAF %s",
    },
    { // NO_ROOMS
        "No rooms yet",
        "A\xC3\xBAn no hay salas",
        "Aucun salon pour l'instant",
        "Noch keine R\xC3\xA4ume",
        "Ancora nessuna stanza",
        "Nenhuma sala ainda",
        "\xD0\x9A\xD0\xBE\xD0\xBC\xD0\xBD\xD0\xB0\xD1\x82 \xD0\xBF\xD0\xBE\xD0\xBA\xD0\xB0 \xD0\xBD\xD0\xB5\xD1\x82",
        "\xEC\x95\x84\xEC\xA7\x81 \xEB\xB0\xA9\xEC\x9D\xB4 \xEC\x97\x86\xEC\x8A\xB5\xEB\x8B\x88\xEB\x8B\xA4",
        "\xE3\x83\xAB\xE3\x83\xBC\xE3\x83\xA0\xE3\x81\xAF\xE3\x81\xBE\xE3\x81\xA0\xE3\x81\x82\xE3\x82\x8A\xE3\x81\xBE\xE3\x81\x9B\xE3\x82\x93",
        "\xE8\xBF\x98\xE6\xB2\xA1\xE6\x9C\x89\xE6\x88\xBF\xE9\x97\xB4",
    },
    { // COL_ROOM
        "Room",
        "Sala",
        "Salon",
        "Raum",
        "Stanza",
        "Sala",
        "\xD0\x9A\xD0\xBE\xD0\xBC\xD0\xBD\xD0\xB0\xD1\x82\xD0\xB0",
        "\xEB\xB0\xA9",
        "\xE3\x83\xAB\xE3\x83\xBC\xE3\x83\xA0",
        "\xE6\x88\xBF\xE9\x97\xB4",
    },
    { // COL_HOST
        "Host",
        "Anfitri\xC3\xB3n",
        "H\xC3\xB4te",
        "Host",
        "Host",
        "Anfitri\xC3\xA3o",
        "\xD0\xA5\xD0\xBE\xD1\x81\xD1\x82",
        "\xEB\xB0\xA9\xEC\x9E\xA5",
        "\xE3\x83\x9B\xE3\x82\xB9\xE3\x83\x88",
        "\xE6\x88\xBF\xE4\xB8\xBB",
    },
    { // COL_PLAYERS
        "Players",
        "Jugadores",
        "Joueurs",
        "Spieler",
        "Giocatori",
        "Jogadores",
        "\xD0\x98\xD0\xB3\xD1\x80\xD0\xBE\xD0\xBA\xD0\xB8",
        "\xEC\x9D\xB8\xEC\x9B\x90",
        "\xE4\xBA\xBA\xE6\x95\xB0",
        "\xE4\xBA\xBA\xE6\x95\xB0",
    },
    { // FULL
        "Full",
        "Llena",
        "Plein",
        "Voll",
        "Piena",
        "Cheia",
        "\xD0\x9F\xD0\xBE\xD0\xBB\xD0\xBD\xD0\xB0",
        "\xEA\xB0\x80\xEB\x93\x9D \xEC\xB0\xB8",
        "\xE6\xBA\x80\xE5\x93\xA1",
        "\xE5\xB7\xB2\xE6\xBB\xA1",
    },
    { // JOIN
        "Join",
        "Unirse",
        "Rejoindre",
        "Beitreten",
        "Unisciti",
        "Entrar",
        "\xD0\x92\xD0\xBE\xD0\xB9\xD1\x82\xD0\xB8",
        "\xEC\xB0\xB8\xEA\xB0\x80",
        "\xE5\x8F\x82\xE5\x8A\xA0",
        "\xE5\x8A\xA0\xE5\x85\xA5",
    },
    { // ROOM_NAME
        "Room name",
        "Nombre de sala",
        "Nom du salon",
        "Raumname",
        "Nome stanza",
        "Nome da sala",
        "\xD0\x9D\xD0\xB0\xD0\xB7\xD0\xB2\xD0\xB0\xD0\xBD\xD0\xB8\xD0\xB5",
        "\xEB\xB0\xA9 \xEC\x9D\xB4\xEB\xA6\x84",
        "\xE3\x83\xAB\xE3\x83\xBC\xE3\x83\xA0\xE5\x90\x8D",
        "\xE6\x88\xBF\xE9\x97\xB4\xE5\x90\x8D",
    },
    { // ROOM_NAME_HINT
        "Leave empty for an automatic name",
        "Vac\xC3\xADo = nombre autom\xC3\xA1tico",
        "Vide = nom automatique",
        "Leer = automatischer Name",
        "Vuoto = nome automatico",
        "Vazio = nome autom\xC3\xA1tico",
        "\xD0\x9F\xD1\x83\xD1\x81\xD1\x82\xD0\xBE = \xD0\xB0\xD0\xB2\xD1\x82\xD0\xBE\xD0\xBC\xD0\xB0\xD1\x82\xD0\xB8\xD1\x87\xD0\xB5\xD1\x81\xD0\xBA\xD0\xB8",
        "\xEB\xB9\x84\xEC\x9A\xB0\xEB\xA9\xB4 \xEC\x9E\x90\xEB\x8F\x99 \xEC\x9D\xB4\xEB\xA6\x84",
        "\xE7\xA9\xBA\xE6\xAC\x84\xE3\x81\xAA\xE3\x82\x89\xE8\x87\xAA\xE5\x8B\x95\xE5\x91\xBD\xE5\x90\x8D",
        "\xE7\x95\x99\xE7\xA9\xBA\xE8\x87\xAA\xE5\x8A\xA8\xE5\x91\xBD\xE5\x90\x8D",
    },
    { // CREATE_ROOM
        "Create room",
        "Crear sala",
        "Cr\xC3\xA9" "er un salon",
        "Raum erstellen",
        "Crea stanza",
        "Criar sala",
        "\xD0\xA1\xD0\xBE\xD0\xB7\xD0\xB4\xD0\xB0\xD1\x82\xD1\x8C \xD0\xBA\xD0\xBE\xD0\xBC\xD0\xBD\xD0\xB0\xD1\x82\xD1\x83",
        "\xEB\xB0\xA9 \xEB\xA7\x8C\xEB\x93\xA4\xEA\xB8\xB0",
        "\xE3\x83\xAB\xE3\x83\xBC\xE3\x83\xA0\xE3\x82\x92\xE4\xBD\x9C\xE6\x88\x90",
        "\xE5\x88\x9B\xE5\xBB\xBA\xE6\x88\xBF\xE9\x97\xB4",
    },
    { // REFRESH
        "Refresh",
        "Actualizar",
        "Actualiser",
        "Aktualisieren",
        "Aggiorna",
        "Atualizar",
        "\xD0\x9E\xD0\xB1\xD0\xBD\xD0\xBE\xD0\xB2\xD0\xB8\xD1\x82\xD1\x8C",
        "\xEC\x83\x88\xEB\xA1\x9C\xEA\xB3\xA0\xEC\xB9\xA8",
        "\xE6\x9B\xB4\xE6\x96\xB0",
        "\xE5\x88\xB7\xE6\x96\xB0",
    },
    { // DISCONNECT_SERVER
        "Disconnect",
        "Desconectar",
        "Se d\xC3\xA9" "connecter",
        "Trennen",
        "Disconnetti",
        "Desconectar",
        "\xD0\x9E\xD1\x82\xD0\xBA\xD0\xBB\xD1\x8E\xD1\x87\xD0\xB8\xD1\x82\xD1\x8C\xD1\x81\xD1\x8F",
        "\xEC\x84\x9C\xEB\xB2\x84 \xEC\x97\xB0\xEA\xB2\xB0 \xEB\x81\x8A\xEA\xB8\xB0",
        "\xE3\x82\xB5\xE3\x83\xBC\xE3\x83\x90\xE3\x83\xBC\xE3\x81\x8B\xE3\x82\x89\xE5\x88\x87\xE6\x96\xAD",
        "\xE6\x96\xAD\xE5\xBC\x80\xE6\x9C\x8D\xE5\x8A\xA1\xE5\x99\xA8",
    },
    { // ROOM_LINE
        "Room %s   \xC2\xB7   you are the %s",
        "Sala %s   \xC2\xB7   eres %s",
        "Salon %s   \xC2\xB7   vous \xC3\xAAtes %s",
        "Raum %s   \xC2\xB7   du bist %s",
        "Stanza %s   \xC2\xB7   sei %s",
        "Sala %s   \xC2\xB7   voc\xC3\xAA \xC3\xA9 %s",
        "\xD0\x9A\xD0\xBE\xD0\xBC\xD0\xBD\xD0\xB0\xD1\x82\xD0\xB0 %s   \xC2\xB7   \xD0\xB2\xD1\x8B \xE2\x80\x94 %s",
        "\xEB\xB0\xA9 \xEB\xB2\x88\xED\x98\xB8 %s   \xC2\xB7   \xEB\x82\x98: %s",
        "\xE3\x83\xAB\xE3\x83\xBC\xE3\x83\xA0 %s   \xC2\xB7   \xE3\x81\x82\xE3\x81\xAA\xE3\x81\x9F\xE3\x81\xAF%s",
        "\xE6\x88\xBF\xE9\x97\xB4\xE5\x8F\xB7 %s   \xC2\xB7   \xE4\xBD\xA0\xE6\x98\xAF%s",
    },
    { // ROLE_HOST
        "host",
        "el anfitri\xC3\xB3n",
        "l'h\xC3\xB4te",
        "Host",
        "l'host",
        "o anfitri\xC3\xA3o",
        "\xD1\x85\xD0\xBE\xD1\x81\xD1\x82",
        "\xEB\xB0\xA9\xEC\x9E\xA5",
        "\xE3\x83\x9B\xE3\x82\xB9\xE3\x83\x88",
        "\xE6\x88\xBF\xE4\xB8\xBB",
    },
    { // ROLE_PLAYER
        "player",
        "jugador",
        "joueur",
        "Spieler",
        "giocatore",
        "jogador",
        "\xD0\xB8\xD0\xB3\xD1\x80\xD0\xBE\xD0\xBA",
        "\xED\x94\x8C\xEB\xA0\x88\xEC\x9D\xB4\xEC\x96\xB4",
        "\xE3\x83\x97\xE3\x83\xAC\xE3\x82\xA4\xE3\x83\xA4\xE3\x83\xBC",
        "\xE7\x8E\xA9\xE5\xAE\xB6",
    },
    { // PLAYERS_OF
        "Players  %u/%u",
        "Jugadores  %u/%u",
        "Joueurs  %u/%u",
        "Spieler  %u/%u",
        "Giocatori  %u/%u",
        "Jogadores  %u/%u",
        "\xD0\x98\xD0\xB3\xD1\x80\xD0\xBE\xD0\xBA\xD0\xB8  %u/%u",
        "\xED\x94\x8C\xEB\xA0\x88\xEC\x9D\xB4\xEC\x96\xB4  %u/%u",
        "\xE3\x83\x97\xE3\x83\xAC\xE3\x82\xA4\xE3\x83\xA4\xE3\x83\xBC  %u/%u",
        "\xE7\x8E\xA9\xE5\xAE\xB6  %u/%u",
    },
    { // PLAYERS_N
        "Players  %u",
        "Jugadores  %u",
        "Joueurs  %u",
        "Spieler  %u",
        "Giocatori  %u",
        "Jogadores  %u",
        "\xD0\x98\xD0\xB3\xD1\x80\xD0\xBE\xD0\xBA\xD0\xB8  %u",
        "\xED\x94\x8C\xEB\xA0\x88\xEC\x9D\xB4\xEC\x96\xB4  %u",
        "\xE3\x83\x97\xE3\x83\xAC\xE3\x82\xA4\xE3\x83\xA4\xE3\x83\xBC  %u",
        "\xE7\x8E\xA9\xE5\xAE\xB6  %u",
    },
    { // YOU_SUFFIX
        " (you)",
        " (t\xC3\xBA)",
        " (vous)",
        " (du)",
        " (tu)",
        " (voc\xC3\xAA)",
        " (\xD0\xB2\xD1\x8B)",
        " (\xEB\x82\x98)",
        "\xEF\xBC\x88\xE3\x81\x82\xE3\x81\xAA\xE3\x81\x9F\xEF\xBC\x89",
        "\xEF\xBC\x88\xE4\xBD\xA0\xEF\xBC\x89",
    },
    { // AWAY_BOSS
        "Fighting a house boss alone",
        "Luchando solo contra un jefe de la casa",
        "Combat seul contre un boss de la maison",
        "K\xC3\xA4mpft allein gegen einen Haus-Boss",
        "Combatte da solo un boss della casa",
        "Enfrentando sozinho um chefe da casa",
        "\xD0\x9E\xD0\xB4\xD0\xB8\xD0\xBD \xD1\x81\xD1\x80\xD0\xB0\xD0\xB6\xD0\xB0\xD0\xB5\xD1\x82\xD1\x81\xD1\x8F \xD1\x81 \xD0\xB1\xD0\xBE\xD1\x81\xD1\x81\xD0\xBE\xD0\xBC \xD0\xB4\xD0\xBE\xD0\xBC\xD0\xB0",
        "\xED\x98\xBC\xEC\x9E\x90 \xEC\xA7\x91 \xEB\xB3\xB4\xEC\x8A\xA4\xEC\x99\x80 \xEC\xA0\x84\xED\x88\xAC \xEC\xA4\x91",
        "\xE3\x81\xB2\xE3\x81\xA8\xE3\x82\x8A\xE3\x81\xA7\xE3\x83\x8F\xE3\x82\xA6\xE3\x82\xB9\xE3\x83\x9C\xE3\x82\xB9\xE3\x81\xA8\xE6\x88\xA6\xE9\x97\x98\xE4\xB8\xAD",
        "\xE5\x8D\x95\xE4\xBA\xBA\xE5\xAE\xB6\xE5\x9B\xAD" "Boss\xE6\x88\x98\xE4\xB8\xAD",
    },
    { // FETCHING_PLAYERS
        "Fetching the player list\xE2\x80\xA6",
        "Obteniendo la lista de jugadores\xE2\x80\xA6",
        "R\xC3\xA9" "cup\xC3\xA9ration de la liste des joueurs\xE2\x80\xA6",
        "Spielerliste wird geladen\xE2\x80\xA6",
        "Recupero elenco giocatori\xE2\x80\xA6",
        "Obtendo lista de jogadores\xE2\x80\xA6",
        "\xD0\x9F\xD0\xBE\xD0\xBB\xD1\x83\xD1\x87\xD0\xB5\xD0\xBD\xD0\xB8\xD0\xB5 \xD1\x81\xD0\xBF\xD0\xB8\xD1\x81\xD0\xBA\xD0\xB0 \xD0\xB8\xD0\xB3\xD1\x80\xD0\xBE\xD0\xBA\xD0\xBE\xD0\xB2\xE2\x80\xA6",
        "\xED\x94\x8C\xEB\xA0\x88\xEC\x9D\xB4\xEC\x96\xB4 \xEB\xAA\xA9\xEB\xA1\x9D\xEC\x9D\x84 \xEB\xB6\x88\xEB\x9F\xAC\xEC\x98\xA4\xEB\x8A\x94 \xEC\xA4\x91\xE2\x80\xA6",
        "\xE3\x83\x97\xE3\x83\xAC\xE3\x82\xA4\xE3\x83\xA4\xE3\x83\xBC\xE4\xB8\x80\xE8\xA6\xA7\xE3\x82\x92\xE5\x8F\x96\xE5\xBE\x97\xE4\xB8\xAD\xE2\x80\xA6",
        "\xE6\xAD\xA3\xE5\x9C\xA8\xE8\x8E\xB7\xE5\x8F\x96\xE7\x8E\xA9\xE5\xAE\xB6\xE5\x88\x97\xE8\xA1\xA8\xE2\x80\xA6",
    },
    { // LOCKED_LINE
        "Room locked: saves can be picked, nobody else can join",
        "Sala bloqueada: se pueden elegir partidas y nadie m\xC3\xA1s puede unirse",
        "Salon verrouill\xC3\xA9 : choix des sauvegardes possible, personne ne peut rejoindre",
        "Raum gesperrt: Spielst\xC3\xA4nde w\xC3\xA4hlbar, niemand kann beitreten",
        "Stanza bloccata: si possono scegliere i salvataggi, nessun altro pu\xC3\xB2 entrare",
        "Sala trancada: saves podem ser escolhidos, ningu\xC3\xA9m mais pode entrar",
        "\xD0\x9A\xD0\xBE\xD0\xBC\xD0\xBD\xD0\xB0\xD1\x82\xD0\xB0 \xD0\xB7\xD0\xB0\xD0\xBA\xD1\x80\xD1\x8B\xD1\x82\xD0\xB0: \xD0\xBC\xD0\xBE\xD0\xB6\xD0\xBD\xD0\xBE \xD0\xB2\xD1\x8B\xD0\xB1\xD0\xB8\xD1\x80\xD0\xB0\xD1\x82\xD1\x8C \xD1\x81\xD0\xBE\xD1\x85\xD1\x80\xD0\xB0\xD0\xBD\xD0\xB5\xD0\xBD\xD0\xB8\xD1\x8F, \xD0\xBD\xD0\xBE\xD0\xB2\xD1\x8B\xD0\xB5 \xD0\xB8\xD0\xB3\xD1\x80\xD0\xBE\xD0\xBA\xD0\xB8 \xD0\xBD\xD0\xB5 \xD0\xB2\xD0\xBE\xD0\xB9\xD0\xB4\xD1\x83\xD1\x82",
        "\xEB\xB0\xA9 \xEC\x9E\xA0\xEA\xB9\x80: \xEC\xA0\x80\xEC\x9E\xA5\xEC\x9D\x84 \xEC\x84\xA0\xED\x83\x9D\xED\x95\xA0 \xEC\x88\x98 \xEC\x9E\x88\xEC\x9C\xBC\xEB\xA9\xB0 \xEB\x8B\xA4\xEB\xA5\xB8 \xED\x94\x8C\xEB\xA0\x88\xEC\x9D\xB4\xEC\x96\xB4\xEB\x8A\x94 \xEC\xB0\xB8\xEA\xB0\x80\xED\x95\xA0 \xEC\x88\x98 \xEC\x97\x86\xEC\x8A\xB5\xEB\x8B\x88\xEB\x8B\xA4",
        "\xE3\x83\xAD\xE3\x83\x83\xE3\x82\xAF\xE4\xB8\xAD\xEF\xBC\x9A\xE3\x82\xBB\xE3\x83\xBC\xE3\x83\x96\xE3\x82\x92\xE9\x81\xB8\xE3\x81\xB9\xE3\x81\xBE\xE3\x81\x99\xE3\x80\x82\xE4\xBB\x96\xE3\x81\xAE\xE3\x83\x97\xE3\x83\xAC\xE3\x82\xA4\xE3\x83\xA4\xE3\x83\xBC\xE3\x81\xAF\xE5\x8F\x82\xE5\x8A\xA0\xE3\x81\xA7\xE3\x81\x8D\xE3\x81\xBE\xE3\x81\x9B\xE3\x82\x93",
        "\xE6\x88\xBF\xE9\x97\xB4\xE5\xB7\xB2\xE9\x94\x81\xE5\xAE\x9A\xEF\xBC\x9A\xE5\x8F\xAF\xE4\xBB\xA5\xE9\x80\x89\xE6\x8B\xA9\xE5\xAD\x98\xE6\xA1\xA3\xEF\xBC\x8C\xE5\x85\xB6\xE4\xBB\x96\xE7\x8E\xA9\xE5\xAE\xB6\xE6\x97\xA0\xE6\xB3\x95\xE5\x8A\xA0\xE5\x85\xA5",
    },
    { // UNLOCKED_HOST
        "Room not locked: lock it before anyone picks a save",
        "Sala sin bloquear: bloqu\xC3\xA9" "ala antes de elegir partidas",
        "Salon non verrouill\xC3\xA9 : verrouillez-le avant de choisir les sauvegardes",
        "Raum nicht gesperrt: vor der Spielstandwahl sperren",
        "Stanza non bloccata: bloccala prima di scegliere i salvataggi",
        "Sala destrancada: tranque-a antes de escolher os saves",
        "\xD0\x9A\xD0\xBE\xD0\xBC\xD0\xBD\xD0\xB0\xD1\x82\xD0\xB0 \xD0\xBE\xD1\x82\xD0\xBA\xD1\x80\xD1\x8B\xD1\x82\xD0\xB0: \xD0\xB7\xD0\xB0\xD0\xBA\xD1\x80\xD0\xBE\xD0\xB9\xD1\x82\xD0\xB5 \xD0\xB5\xD1\x91 \xD0\xBF\xD0\xB5\xD1\x80\xD0\xB5\xD0\xB4 \xD0\xB2\xD1\x8B\xD0\xB1\xD0\xBE\xD1\x80\xD0\xBE\xD0\xBC \xD1\x81\xD0\xBE\xD1\x85\xD1\x80\xD0\xB0\xD0\xBD\xD0\xB5\xD0\xBD\xD0\xB8\xD0\xB9",
        "\xEB\xB0\xA9 \xEC\x9E\xA0\xEA\xB8\x88 \xEC\x95\x88 \xEB\x90\xA8: \xEC\xA0\x80\xEC\x9E\xA5\xEC\x9D\x84 \xEA\xB3\xA0\xEB\xA5\xB4\xEA\xB8\xB0 \xEC\xA0\x84\xEC\x97\x90 \xEB\xB0\xA9\xEC\x9D\x84 \xEC\x9E\xA0\xEA\xB7\xB8\xEC\x84\xB8\xEC\x9A\x94",
        "\xE6\x9C\xAA\xE3\x83\xAD\xE3\x83\x83\xE3\x82\xAF\xEF\xBC\x9A\xE3\x82\xBB\xE3\x83\xBC\xE3\x83\x96\xE3\x82\x92\xE9\x81\xB8\xE3\x81\xB6\xE5\x89\x8D\xE3\x81\xAB\xE3\x83\xAB\xE3\x83\xBC\xE3\x83\xA0\xE3\x82\x92\xE3\x83\xAD\xE3\x83\x83\xE3\x82\xAF\xE3\x81\x97\xE3\x81\xA6\xE3\x81\x8F\xE3\x81\xA0\xE3\x81\x95\xE3\x81\x84",
        "\xE6\x88\xBF\xE9\x97\xB4\xE6\x9C\xAA\xE9\x94\x81\xE5\xAE\x9A\xEF\xBC\x9A\xE9\x94\x81\xE5\xAE\x9A\xE6\x88\xBF\xE9\x97\xB4\xE5\x90\x8E\xE6\x89\x8D\xE8\x83\xBD\xE9\x80\x89\xE6\x8B\xA9\xE5\xAD\x98\xE6\xA1\xA3",
    },
    { // UNLOCKED_CLIENT
        "Room not locked: waiting for the host to lock it",
        "Sala sin bloquear: esperando a que el anfitri\xC3\xB3n la bloquee",
        "Salon non verrouill\xC3\xA9 : en attente de l'h\xC3\xB4te",
        "Raum nicht gesperrt: warte auf den Host",
        "Stanza non bloccata: in attesa dell'host",
        "Sala destrancada: aguardando o anfitri\xC3\xA3o",
        "\xD0\x9A\xD0\xBE\xD0\xBC\xD0\xBD\xD0\xB0\xD1\x82\xD0\xB0 \xD0\xBE\xD1\x82\xD0\xBA\xD1\x80\xD1\x8B\xD1\x82\xD0\xB0: \xD0\xB6\xD0\xB4\xD1\x91\xD0\xBC, \xD0\xBF\xD0\xBE\xD0\xBA\xD0\xB0 \xD1\x85\xD0\xBE\xD1\x81\xD1\x82 \xD0\xB5\xD1\x91 \xD0\xB7\xD0\xB0\xD0\xBA\xD1\x80\xD0\xBE\xD0\xB5\xD1\x82",
        "\xEB\xB0\xA9 \xEC\x9E\xA0\xEA\xB8\x88 \xEC\x95\x88 \xEB\x90\xA8: \xEB\xB0\xA9\xEC\x9E\xA5\xEC\x9D\xB4 \xEC\x9E\xA0\xEA\xB7\xB8\xEA\xB8\xB0\xEB\xA5\xBC \xEA\xB8\xB0\xEB\x8B\xA4\xEB\xA6\xAC\xEB\x8A\x94 \xEC\xA4\x91",
        "\xE6\x9C\xAA\xE3\x83\xAD\xE3\x83\x83\xE3\x82\xAF\xEF\xBC\x9A\xE3\x83\x9B\xE3\x82\xB9\xE3\x83\x88\xE3\x81\xAE\xE3\x83\xAD\xE3\x83\x83\xE3\x82\xAF\xE3\x82\x92\xE5\xBE\x85\xE3\x81\xA3\xE3\x81\xA6\xE3\x81\x84\xE3\x81\xBE\xE3\x81\x99",
        "\xE6\x88\xBF\xE9\x97\xB4\xE6\x9C\xAA\xE9\x94\x81\xE5\xAE\x9A\xEF\xBC\x9A\xE7\xAD\x89\xE5\xBE\x85\xE6\x88\xBF\xE4\xB8\xBB\xE9\x94\x81\xE5\xAE\x9A\xE6\x88\xBF\xE9\x97\xB4",
    },
    { // HALTED
        "The players went out of sync; the battle is paused",
        "Los jugadores se desincronizaron; combate en pausa",
        "D\xC3\xA9synchronisation : combat en pause",
        "Spieler nicht synchron; Kampf pausiert",
        "Giocatori non sincronizzati; battaglia in pausa",
        "Jogadores dessincronizados; batalha pausada",
        "\xD0\xA0\xD0\xB0\xD1\x81\xD1\x81\xD0\xB8\xD0\xBD\xD1\x85\xD1\x80\xD0\xBE\xD0\xBD\xD0\xB8\xD0\xB7\xD0\xB0\xD1\x86\xD0\xB8\xD1\x8F: \xD0\xB1\xD0\xBE\xD0\xB9 \xD0\xBF\xD1\x80\xD0\xB8\xD0\xBE\xD1\x81\xD1\x82\xD0\xB0\xD0\xBD\xD0\xBE\xD0\xB2\xD0\xBB\xD0\xB5\xD0\xBD",
        "\xEC\x83\x81\xED\x83\x9C\xEA\xB0\x80 \xEC\x96\xB4\xEA\xB8\x8B\xEB\x82\x98 \xEC\xA0\x84\xED\x88\xAC\xEA\xB0\x80 \xEC\x9D\xBC\xEC\x8B\x9C \xEC\xA0\x95\xEC\xA7\x80\xEB\x90\x98\xEC\x97\x88\xEC\x8A\xB5\xEB\x8B\x88\xEB\x8B\xA4",
        "\xE7\x8A\xB6\xE6\x85\x8B\xE3\x81\x8C\xE4\xB8\x80\xE8\x87\xB4\xE3\x81\x97\xE3\x81\xAA\xE3\x81\x84\xE3\x81\x9F\xE3\x82\x81\xE6\x88\xA6\xE9\x97\x98\xE3\x82\x92\xE4\xB8\x80\xE6\x99\x82\xE5\x81\x9C\xE6\xAD\xA2\xE3\x81\x97\xE3\x81\xBE\xE3\x81\x97\xE3\x81\x9F",
        "\xE5\x8F\x8C\xE6\x96\xB9\xE7\x8A\xB6\xE6\x80\x81\xE4\xB8\x8D\xE4\xB8\x80\xE8\x87\xB4\xEF\xBC\x8C\xE6\x88\x98\xE6\x96\x97\xE5\xB7\xB2\xE6\x9A\x82\xE5\x81\x9C",
    },
    { // ENTERED_ROOM
        "Joined room: %s",
        "Te uniste a la sala: %s",
        "Salon rejoint : %s",
        "Raum beigetreten: %s",
        "Entrato nella stanza: %s",
        "Entrou na sala: %s",
        "\xD0\x92\xD1\x8B \xD0\xB2 \xD0\xBA\xD0\xBE\xD0\xBC\xD0\xBD\xD0\xB0\xD1\x82\xD0\xB5: %s",
        "\xEB\xB0\xA9\xEC\x97\x90 \xEB\x93\xA4\xEC\x96\xB4\xEC\x99\x94\xEC\x8A\xB5\xEB\x8B\x88\xEB\x8B\xA4: %s",
        "\xE3\x83\xAB\xE3\x83\xBC\xE3\x83\xA0\xE3\x81\xAB\xE5\x8F\x82\xE5\x8A\xA0\xE3\x81\x97\xE3\x81\xBE\xE3\x81\x97\xE3\x81\x9F\xEF\xBC\x9A%s",
        "\xE5\xB7\xB2\xE8\xBF\x9B\xE5\x85\xA5\xE6\x88\xBF\xE9\x97\xB4\xEF\xBC\x9A%s",
    },
    { // LEFT_ROOM
        "Left the room; back to single player",
        "Saliste de la sala; vuelves al modo un jugador",
        "Salon quitt\xC3\xA9 ; retour au mode solo",
        "Raum verlassen; zur\xC3\xBC" "ck im Einzelspieler",
        "Uscito dalla stanza; torni al giocatore singolo",
        "Saiu da sala; de volta ao modo solo",
        "\xD0\x92\xD1\x8B \xD0\xBF\xD0\xBE\xD0\xBA\xD0\xB8\xD0\xBD\xD1\x83\xD0\xBB\xD0\xB8 \xD0\xBA\xD0\xBE\xD0\xBC\xD0\xBD\xD0\xB0\xD1\x82\xD1\x83; \xD0\xBE\xD0\xB4\xD0\xB8\xD0\xBD\xD0\xBE\xD1\x87\xD0\xBD\xD1\x8B\xD0\xB9 \xD1\x80\xD0\xB5\xD0\xB6\xD0\xB8\xD0\xBC",
        "\xEB\xB0\xA9\xEC\x9D\x84 \xEB\x82\x98\xEC\x99\x80 \xEC\x8B\xB1\xEA\xB8\x80 \xED\x94\x8C\xEB\xA0\x88\xEC\x9D\xB4\xEB\xA1\x9C \xEB\x8F\x8C\xEC\x95\x84\xEC\x99\x94\xEC\x8A\xB5\xEB\x8B\x88\xEB\x8B\xA4",
        "\xE3\x83\xAB\xE3\x83\xBC\xE3\x83\xA0\xE3\x82\x92\xE9\x80\x80\xE5\x87\xBA\xE3\x81\x97\xE3\x80\x81\xE3\x82\xB7\xE3\x83\xB3\xE3\x82\xB0\xE3\x83\xAB\xE3\x83\x97\xE3\x83\xAC\xE3\x82\xA4\xE3\x81\xAB\xE6\x88\xBB\xE3\x82\x8A\xE3\x81\xBE\xE3\x81\x97\xE3\x81\x9F",
        "\xE5\xB7\xB2\xE7\xA6\xBB\xE5\xBC\x80\xE6\x88\xBF\xE9\x97\xB4\xEF\xBC\x8C\xE5\x9B\x9E\xE5\x88\xB0\xE5\x8D\x95\xE4\xBA\xBA\xE6\xA8\xA1\xE5\xBC\x8F",
    },
    { // SLOT_EMPTY
        "Slot %d empty",
        "Ranura %d vac\xC3\xAD" "a",
        "Emplacement %d vide",
        "Platz %d leer",
        "Slot %d vuoto",
        "Espa\xC3\xA7o %d vazio",
        "\xD0\xA1\xD0\xBB\xD0\xBE\xD1\x82 %d \xD0\xBF\xD1\x83\xD1\x81\xD1\x82",
        "\xEC\x8A\xAC\xEB\xA1\xAF%d \xEB\xB9\x84\xEC\x96\xB4 \xEC\x9E\x88\xEC\x9D\x8C",
        "\xE3\x82\xB9\xE3\x83\xAD\xE3\x83\x83\xE3\x83\x88%d \xE7\xA9\xBA",
        "\xE6\xA0\x8F\xE4\xBD\x8D%d \xE7\xA9\xBA",
    },
    { // SLOT_PCT
        "Slot %d %d%% %s",
        "Ranura %d %d%% %s",
        "Empl. %d %d%% %s",
        "Platz %d %d%% %s",
        "Slot %d %d%% %s",
        "Espa\xC3\xA7o %d %d%% %s",
        "\xD0\xA1\xD0\xBB\xD0\xBE\xD1\x82 %d %d%% %s",
        "\xEC\x8A\xAC\xEB\xA1\xAF%d %d%% %s",
        "\xE3\x82\xB9\xE3\x83\xAD\xE3\x83\x83\xE3\x83\x88%d %d%% %s",
        "\xE6\xA0\x8F\xE4\xBD\x8D%d %d%% %s",
    },
    { // SLOT_NOPCT
        "Slot %d --%% %s",
        "Ranura %d --%% %s",
        "Empl. %d --%% %s",
        "Platz %d --%% %s",
        "Slot %d --%% %s",
        "Espa\xC3\xA7o %d --%% %s",
        "\xD0\xA1\xD0\xBB\xD0\xBE\xD1\x82 %d --%% %s",
        "\xEC\x8A\xAC\xEB\xA1\xAF%d --%% %s",
        "\xE3\x82\xB9\xE3\x83\xAD\xE3\x83\x83\xE3\x83\x88%d --%% %s",
        "\xE6\xA0\x8F\xE4\xBD\x8D%d --%% %s",
    },
    { // CURRENT_SAVES
        "Current saves",
        "Partidas actuales",
        "Sauvegardes actuelles",
        "Aktuelle Spielst\xC3\xA4nde",
        "Salvataggi attuali",
        "Saves atuais",
        "\xD0\xA2\xD0\xB5\xD0\xBA\xD1\x83\xD1\x89\xD0\xB8\xD0\xB5 \xD1\x81\xD0\xBE\xD1\x85\xD1\x80\xD0\xB0\xD0\xBD\xD0\xB5\xD0\xBD\xD0\xB8\xD1\x8F",
        "\xED\x98\x84\xEC\x9E\xAC \xEC\xA0\x80\xEC\x9E\xA5",
        "\xE7\x8F\xBE\xE5\x9C\xA8\xE3\x81\xAE\xE3\x82\xBB\xE3\x83\xBC\xE3\x83\x96",
        "\xE5\xBD\x93\xE5\x89\x8D\xE5\xAD\x98\xE6\xA1\xA3",
    },
    { // BACKUP_NAME
        "Backup name",
        "Nombre",
        "Nom",
        "Name",
        "Nome",
        "Nome",
        "\xD0\x9D\xD0\xB0\xD0\xB7\xD0\xB2\xD0\xB0\xD0\xBD\xD0\xB8\xD0\xB5",
        "\xEC\x9D\xB4\xEB\xA6\x84",
        "\xE5\x90\x8D\xE5\x89\x8D",
        "\xE5\xAD\x98\xE6\xA1\xA3\xE5\x90\x8D\xE7\xA7\xB0",
    },
    { // BACKUP_NAME_HINT
        "Used by \"Save\" on the right; empty = automatic name",
        "Se usa al pulsar \"Guardar\"; vac\xC3\xADo = autom\xC3\xA1tico",
        "Utilis\xC3\xA9 par \xC2\xAB Sauver \xC2\xBB ; vide = automatique",
        "F\xC3\xBCr \xE2\x80\x9ESpeichern\xE2\x80\x9C rechts; leer = automatisch",
        "Usato da \"Salva\"; vuoto = automatico",
        "Usado em \"Salvar\"; vazio = autom\xC3\xA1tico",
        "\xD0\x94\xD0\xBB\xD1\x8F \xD0\xBA\xD0\xBD\xD0\xBE\xD0\xBF\xD0\xBA\xD0\xB8 \xC2\xAB\xD0\xA1\xD0\xBE\xD1\x85\xD1\x80\xD0\xB0\xD0\xBD\xD0\xB8\xD1\x82\xD1\x8C\xC2\xBB; \xD0\xBF\xD1\x83\xD1\x81\xD1\x82\xD0\xBE = \xD0\xB0\xD0\xB2\xD1\x82\xD0\xBE\xD0\xBC\xD0\xB0\xD1\x82\xD0\xB8\xD1\x87\xD0\xB5\xD1\x81\xD0\xBA\xD0\xB8",
        "\xEC\x98\xA4\xEB\xA5\xB8\xEC\xAA\xBD \"\xEC\xA0\x80\xEC\x9E\xA5\"\xEC\x97\x90 \xEC\x82\xAC\xEC\x9A\xA9, \xEB\xB9\x84\xEC\x9A\xB0\xEB\xA9\xB4 \xEC\x9E\x90\xEB\x8F\x99 \xEC\x9D\xB4\xEB\xA6\x84",
        "\xE5\x8F\xB3\xE3\x81\xAE\xE3\x80\x8C\xE4\xBF\x9D\xE5\xAD\x98\xE3\x80\x8D\xE3\x81\xA7\xE4\xBD\xBF\xE7\x94\xA8\xE3\x80\x82\xE7\xA9\xBA\xE6\xAC\x84\xE3\x81\xAA\xE3\x82\x89\xE8\x87\xAA\xE5\x8B\x95\xE5\x91\xBD\xE5\x90\x8D",
        "\xE7\x82\xB9\xE5\x87\xBB\xE5\x8F\xB3\xE4\xBE\xA7\xE2\x80\x9C\xE4\xBF\x9D\xE5\xAD\x98\xE2\x80\x9D\xE6\x97\xB6\xE4\xBD\xBF\xE7\x94\xA8\xEF\xBC\x9B\xE7\x95\x99\xE7\xA9\xBA\xE5\x88\x99\xE8\x87\xAA\xE5\x8A\xA8\xE5\x91\xBD\xE5\x90\x8D",
    },
    { // CLICK_AGAIN
        "Click again to confirm",
        "Pulsa otra vez para confirmar",
        "Cliquez encore pour confirmer",
        "Zum Best\xC3\xA4tigen erneut klicken",
        "Clicca di nuovo per confermare",
        "Clique de novo para confirmar",
        "\xD0\x9D\xD0\xB0\xD0\xB6\xD0\xBC\xD0\xB8\xD1\x82\xD0\xB5 \xD0\xB5\xD1\x89\xD1\x91 \xD1\x80\xD0\xB0\xD0\xB7",
        "\xED\x95\x9C \xEB\xB2\x88 \xEB\x8D\x94 \xEB\x88\x8C\xEB\x9F\xAC \xED\x99\x95\xEC\x9D\xB8",
        "\xE3\x82\x82\xE3\x81\x86\xE4\xB8\x80\xE5\xBA\xA6\xE6\x8A\xBC\xE3\x81\x97\xE3\x81\xA6\xE7\xA2\xBA\xE5\xAE\x9A",
        "\xE5\x86\x8D\xE7\x82\xB9\xE4\xB8\x80\xE6\xAC\xA1\xE7\xA1\xAE\xE8\xAE\xA4",
    },
    { // UNDO_LOAD
        "Undo last load",
        "Deshacer \xC3\xBAltima carga",
        "Annuler le dernier chargement",
        "Letztes Laden r\xC3\xBC" "ckg\xC3\xA4ngig",
        "Annulla l'ultimo caricamento",
        "Desfazer \xC3\xBAltimo carregamento",
        "\xD0\x9E\xD1\x82\xD0\xBC\xD0\xB5\xD0\xBD\xD0\xB8\xD1\x82\xD1\x8C \xD0\xB7\xD0\xB0\xD0\xB3\xD1\x80\xD1\x83\xD0\xB7\xD0\xBA\xD1\x83",
        "\xEB\xA7\x88\xEC\xA7\x80\xEB\xA7\x89 \xEB\xB6\x88\xEB\x9F\xAC\xEC\x98\xA4\xEA\xB8\xB0 \xEC\xB7\xA8\xEC\x86\x8C",
        "\xE5\x89\x8D\xE5\x9B\x9E\xE3\x81\xAE\xE8\xAA\xAD\xE3\x81\xBF\xE8\xBE\xBC\xE3\x81\xBF\xE3\x82\x92\xE5\x8F\x96\xE3\x82\x8A\xE6\xB6\x88\xE3\x81\x99",
        "\xE6\x92\xA4\xE9\x94\x80\xE4\xB8\x8A\xE6\xAC\xA1\xE8\xAF\xBB\xE5\x8F\x96",
    },
    { // ROOM_NO_WRITE
        "Saves cannot be loaded or saved while in a room; leave the room first",
        "No se pueden cargar ni guardar partidas en una sala; sal primero",
        "Impossible de charger/sauver dans un salon ; quittez-le d'abord",
        "In einem Raum kann nicht geladen/gespeichert werden; zuerst verlassen",
        "Non si pu\xC3\xB2 caricare/salvare in una stanza; esci prima",
        "N\xC3\xA3o \xC3\xA9 poss\xC3\xADvel carregar/salvar numa sala; saia primeiro",
        "\xD0\x92 \xD0\xBA\xD0\xBE\xD0\xBC\xD0\xBD\xD0\xB0\xD1\x82\xD0\xB5 \xD0\xBD\xD0\xB5\xD0\xBB\xD1\x8C\xD0\xB7\xD1\x8F \xD0\xB7\xD0\xB0\xD0\xB3\xD1\x80\xD1\x83\xD0\xB6\xD0\xB0\xD1\x82\xD1\x8C \xD0\xB8 \xD1\x81\xD0\xBE\xD1\x85\xD1\x80\xD0\xB0\xD0\xBD\xD1\x8F\xD1\x82\xD1\x8C; \xD1\x81\xD0\xBD\xD0\xB0\xD1\x87\xD0\xB0\xD0\xBB\xD0\xB0 \xD0\xBF\xD0\xBE\xD0\xBA\xD0\xB8\xD0\xBD\xD1\x8C\xD1\x82\xD0\xB5 \xD0\xB5\xD1\x91",
        "\xEB\xB0\xA9 \xEC\x95\x88\xEC\x97\x90\xEC\x84\x9C\xEB\x8A\x94 \xEC\xA0\x80\xEC\x9E\xA5\xEC\x9D\x84 \xEC\x9D\xBD\xEA\xB1\xB0\xEB\x82\x98 \xEC\x93\xB8 \xEC\x88\x98 \xEC\x97\x86\xEC\x8A\xB5\xEB\x8B\x88\xEB\x8B\xA4. \xEB\xA8\xBC\xEC\xA0\x80 \xEB\xB0\xA9\xEC\x9D\x84 \xEB\x82\x98\xEA\xB0\x80\xEC\x84\xB8\xEC\x9A\x94",
        "\xE3\x83\xAB\xE3\x83\xBC\xE3\x83\xA0\xE5\x86\x85\xE3\x81\xA7\xE3\x81\xAF\xE3\x82\xBB\xE3\x83\xBC\xE3\x83\x96\xE3\x81\xAE\xE8\xAA\xAD\xE3\x81\xBF\xE6\x9B\xB8\xE3\x81\x8D\xE3\x81\xAF\xE3\x81\xA7\xE3\x81\x8D\xE3\x81\xBE\xE3\x81\x9B\xE3\x82\x93\xE3\x80\x82\xE5\x85\x88\xE3\x81\xAB\xE9\x80\x80\xE5\x87\xBA\xE3\x81\x97\xE3\x81\xA6\xE3\x81\x8F\xE3\x81\xA0\xE3\x81\x95\xE3\x81\x84",
        "\xE8\x81\x94\xE6\x9C\xBA\xE6\x88\xBF\xE9\x97\xB4\xE4\xB8\xAD\xE4\xB8\x8D\xE8\x83\xBD\xE8\xAF\xBB\xE5\x86\x99\xE5\xAD\x98\xE6\xA1\xA3\xEF\xBC\x8C\xE8\xAF\xB7\xE5\x85\x88\xE7\xA6\xBB\xE5\xBC\x80\xE6\x88\xBF\xE9\x97\xB4",
    },
    { // EMPTY_POS
        "Empty",
        "Vac\xC3\xADo",
        "Vide",
        "Leer",
        "Vuoto",
        "Vazio",
        "\xD0\x9F\xD1\x83\xD1\x81\xD1\x82\xD0\xBE",
        "\xEB\xB9\x84\xEC\x96\xB4 \xEC\x9E\x88\xEC\x9D\x8C",
        "\xE7\xA9\xBA\xE3\x81\x8D",
        "\xE7\xA9\xBA\xE4\xBD\x8D",
    },
    { // CONFIRM_OVERWRITE
        "Confirm",
        "Confirmar",
        "Confirmer",
        "Best\xC3\xA4tigen",
        "Conferma",
        "Confirmar",
        "\xD0\x9F\xD0\xBE\xD0\xB4\xD1\x82\xD0\xB2\xD0\xB5\xD1\x80\xD0\xB4\xD0\xB8\xD1\x82\xD1\x8C",
        "\xEB\x8D\xAE\xEC\x96\xB4\xEC\x93\xB0\xEA\xB8\xB0 \xED\x99\x95\xEC\x9D\xB8",
        "\xE4\xB8\x8A\xE6\x9B\xB8\xE3\x81\x8D\xE7\xA2\xBA\xE5\xAE\x9A",
        "\xE7\xA1\xAE\xE8\xAE\xA4\xE8\xA6\x86\xE7\x9B\x96",
    },
    { // OVERWRITE
        "Overwrite",
        "Sobrescribir",
        "\xC3\x89" "craser",
        "\xC3\x9C" "berschreiben",
        "Sovrascrivi",
        "Sobrescrever",
        "\xD0\x9F\xD0\xB5\xD1\x80\xD0\xB5\xD0\xB7\xD0\xB0\xD0\xBF\xD0\xB8\xD1\x81\xD0\xB0\xD1\x82\xD1\x8C",
        "\xEB\x8D\xAE\xEC\x96\xB4\xEC\x93\xB0\xEA\xB8\xB0",
        "\xE4\xB8\x8A\xE6\x9B\xB8\xE3\x81\x8D",
        "\xE8\xA6\x86\xE7\x9B\x96",
    },
    { // SAVE
        "Save",
        "Guardar",
        "Sauver",
        "Speichern",
        "Salva",
        "Salvar",
        "\xD0\xA1\xD0\xBE\xD1\x85\xD1\x80\xD0\xB0\xD0\xBD\xD0\xB8\xD1\x82\xD1\x8C",
        "\xEC\xA0\x80\xEC\x9E\xA5",
        "\xE4\xBF\x9D\xE5\xAD\x98",
        "\xE4\xBF\x9D\xE5\xAD\x98",
    },
    { // CONFIRM_LOAD
        "Confirm",
        "Confirmar",
        "Confirmer",
        "Best\xC3\xA4tigen",
        "Conferma",
        "Confirmar",
        "\xD0\x9F\xD0\xBE\xD0\xB4\xD1\x82\xD0\xB2\xD0\xB5\xD1\x80\xD0\xB4\xD0\xB8\xD1\x82\xD1\x8C",
        "\xEB\xB6\x88\xEB\x9F\xAC\xEC\x98\xA4\xEA\xB8\xB0 \xED\x99\x95\xEC\x9D\xB8",
        "\xE8\xAA\xAD\xE8\xBE\xBC\xE7\xA2\xBA\xE5\xAE\x9A",
        "\xE7\xA1\xAE\xE8\xAE\xA4\xE8\xAF\xBB\xE5\x8F\x96",
    },
    { // LOAD
        "Load",
        "Cargar",
        "Charger",
        "Laden",
        "Carica",
        "Carregar",
        "\xD0\x97\xD0\xB0\xD0\xB3\xD1\x80\xD1\x83\xD0\xB7\xD0\xB8\xD1\x82\xD1\x8C",
        "\xEB\xB6\x88\xEB\x9F\xAC\xEC\x98\xA4\xEA\xB8\xB0",
        "\xE8\xAA\xAD\xE3\x81\xBF\xE8\xBE\xBC\xE3\x82\x80",
        "\xE8\xAF\xBB\xE5\x8F\x96",
    },
    { // CONFIRM_DELETE
        "Confirm",
        "Confirmar",
        "Confirmer",
        "Best\xC3\xA4tigen",
        "Conferma",
        "Confirmar",
        "\xD0\x9F\xD0\xBE\xD0\xB4\xD1\x82\xD0\xB2\xD0\xB5\xD1\x80\xD0\xB4\xD0\xB8\xD1\x82\xD1\x8C",
        "\xEC\x82\xAD\xEC\xA0\x9C \xED\x99\x95\xEC\x9D\xB8",
        "\xE5\x89\x8A\xE9\x99\xA4\xE7\xA2\xBA\xE5\xAE\x9A",
        "\xE7\xA1\xAE\xE8\xAE\xA4\xE5\x88\xA0\xE9\x99\xA4",
    },
    { // DELETE_BTN
        "Delete",
        "Borrar",
        "Supprimer",
        "L\xC3\xB6schen",
        "Elimina",
        "Excluir",
        "\xD0\xA3\xD0\xB4\xD0\xB0\xD0\xBB\xD0\xB8\xD1\x82\xD1\x8C",
        "\xEC\x82\xAD\xEC\xA0\x9C",
        "\xE5\x89\x8A\xE9\x99\xA4",
        "\xE5\x88\xA0\xE9\x99\xA4",
    },
    { // DLG_LOAD_T
        "Load this backup?",
        "\xC2\xBF" "Cargar esta copia?",
        "Charger cette sauvegarde ?",
        "Dieses Backup laden?",
        "Caricare questo backup?",
        "Carregar este backup?",
        "\xD0\x97\xD0\xB0\xD0\xB3\xD1\x80\xD1\x83\xD0\xB7\xD0\xB8\xD1\x82\xD1\x8C \xD1\x8D\xD1\x82\xD1\x83 \xD0\xBA\xD0\xBE\xD0\xBF\xD0\xB8\xD1\x8E?",
        "\xEC\x9D\xB4 \xEB\xB0\xB1\xEC\x97\x85\xEC\x9D\x84 \xEB\xB6\x88\xEB\x9F\xAC\xEC\x98\xAC\xEA\xB9\x8C\xEC\x9A\x94?",
        "\xE3\x81\x93\xE3\x81\xAE\xE3\x83\x90\xE3\x83\x83\xE3\x82\xAF\xE3\x82\xA2\xE3\x83\x83\xE3\x83\x97\xE3\x82\x92\xE8\xAA\xAD\xE3\x81\xBF\xE8\xBE\xBC\xE3\x81\xBF\xE3\x81\xBE\xE3\x81\x99\xE3\x81\x8B\xEF\xBC\x9F",
        "\xE8\xAF\xBB\xE5\x8F\x96\xE8\xBF\x99\xE4\xB8\xAA\xE5\xA4\x87\xE4\xBB\xBD\xEF\xBC\x9F",
    },
    { // DLG_LOAD_B
        "\"%s\" will replace the game's three current save slots. \"Undo last load\" brings them back.",
        "\xC2\xAB%s\xC2\xBB sustituir\xC3\xA1 las tres ranuras actuales del juego. \xC2\xAB" "Deshacer \xC3\xBAltima carga\xC2\xBB las recupera.",
        "\xC2\xAB %s \xC2\xBB remplacera les trois emplacements actuels du jeu. \xC2\xAB Annuler le dernier chargement \xC2\xBB les restaure.",
        "\xE2\x80\x9E%s\xE2\x80\x9C ersetzt die drei aktuellen Spielst\xC3\xA4nde des Spiels. Mit \xE2\x80\x9ELetztes Laden r\xC3\xBC" "ckg\xC3\xA4ngig\xE2\x80\x9C kommen sie zur\xC3\xBC" "ck.",
        "\xC2\xAB%s\xC2\xBB sostituir\xC3\xA0 i tre slot attuali del gioco. \xC2\xAB" "Annulla l'ultimo caricamento\xC2\xBB li ripristina.",
        "\xC2\xAB%s\xC2\xBB substituir\xC3\xA1 os tr\xC3\xAAs slots atuais do jogo. \xC2\xAB" "Desfazer \xC3\xBAltimo carregamento\xC2\xBB os recupera.",
        "\xC2\xAB%s\xC2\xBB \xD0\xB7\xD0\xB0\xD0\xBC\xD0\xB5\xD0\xBD\xD0\xB8\xD1\x82 \xD1\x82\xD1\x80\xD0\xB8 \xD1\x82\xD0\xB5\xD0\xBA\xD1\x83\xD1\x89\xD0\xB8\xD1\x85 \xD1\x81\xD0\xBB\xD0\xBE\xD1\x82\xD0\xB0 \xD0\xB8\xD0\xB3\xD1\x80\xD1\x8B. \xC2\xAB\xD0\x9E\xD1\x82\xD0\xBC\xD0\xB5\xD0\xBD\xD0\xB8\xD1\x82\xD1\x8C \xD0\xB7\xD0\xB0\xD0\xB3\xD1\x80\xD1\x83\xD0\xB7\xD0\xBA\xD1\x83\xC2\xBB \xD0\xB2\xD0\xB5\xD1\x80\xD0\xBD\xD1\x91\xD1\x82 \xD0\xB8\xD1\x85.",
        "\"%s\"\xEC\x9D\xB4(\xEA\xB0\x80) \xEA\xB2\x8C\xEC\x9E\x84\xEC\x9D\x98 \xED\x98\x84\xEC\x9E\xAC \xEC\x84\xB8 \xEC\x8A\xAC\xEB\xA1\xAF\xEC\x9D\x84 \xEB\x8C\x80\xEC\xB2\xB4\xED\x95\xA9\xEB\x8B\x88\xEB\x8B\xA4. \"\xEB\xA7\x88\xEC\xA7\x80\xEB\xA7\x89 \xEB\xB6\x88\xEB\x9F\xAC\xEC\x98\xA4\xEA\xB8\xB0 \xEC\xB7\xA8\xEC\x86\x8C\"\xEB\xA1\x9C \xEB\x90\x98\xEB\x8F\x8C\xEB\xA6\xB4 \xEC\x88\x98 \xEC\x9E\x88\xEC\x8A\xB5\xEB\x8B\x88\xEB\x8B\xA4.",
        "\xE3\x80\x8C%s\xE3\x80\x8D\xE3\x81\x8C\xE3\x82\xB2\xE3\x83\xBC\xE3\x83\xA0\xE3\x81\xAE\xE7\x8F\xBE\xE5\x9C\xA8\xE3\x81\xAE" "3\xE3\x81\xA4\xE3\x81\xAE\xE3\x82\xB9\xE3\x83\xAD\xE3\x83\x83\xE3\x83\x88\xE3\x82\x92\xE7\xBD\xAE\xE3\x81\x8D\xE6\x8F\x9B\xE3\x81\x88\xE3\x81\xBE\xE3\x81\x99\xE3\x80\x82\xE3\x80\x8C\xE5\x89\x8D\xE5\x9B\x9E\xE3\x81\xAE\xE8\xAA\xAD\xE3\x81\xBF\xE8\xBE\xBC\xE3\x81\xBF\xE3\x82\x92\xE5\x8F\x96\xE3\x82\x8A\xE6\xB6\x88\xE3\x81\x99\xE3\x80\x8D\xE3\x81\xA7\xE5\x85\x83\xE3\x81\xAB\xE6\x88\xBB\xE3\x81\x9B\xE3\x81\xBE\xE3\x81\x99\xE3\x80\x82",
        "\xE3\x80\x8C%s\xE3\x80\x8D\xE5\xB0\x86\xE6\x9B\xBF\xE6\x8D\xA2\xE6\xB8\xB8\xE6\x88\x8F\xE5\xBD\x93\xE5\x89\x8D\xE7\x9A\x84\xE4\xB8\x89\xE4\xB8\xAA\xE5\xAD\x98\xE6\xA1\xA3\xE6\xA0\x8F\xE4\xBD\x8D\xE3\x80\x82\xE8\xAF\xBB\xE5\x8F\x96\xE5\x90\x8E\xE5\x8F\xAF\xE7\x94\xA8\xE2\x80\x9C\xE6\x92\xA4\xE9\x94\x80\xE4\xB8\x8A\xE6\xAC\xA1\xE8\xAF\xBB\xE5\x8F\x96\xE2\x80\x9D\xE6\x81\xA2\xE5\xA4\x8D\xE3\x80\x82",
    },
    { // DLG_OW_T
        "Overwrite this backup?",
        "\xC2\xBFSobrescribir esta copia?",
        "\xC3\x89" "craser cette sauvegarde ?",
        "Dieses Backup \xC3\xBC" "berschreiben?",
        "Sovrascrivere questo backup?",
        "Sobrescrever este backup?",
        "\xD0\x9F\xD0\xB5\xD1\x80\xD0\xB5\xD0\xB7\xD0\xB0\xD0\xBF\xD0\xB8\xD1\x81\xD0\xB0\xD1\x82\xD1\x8C \xD1\x8D\xD1\x82\xD1\x83 \xD0\xBA\xD0\xBE\xD0\xBF\xD0\xB8\xD1\x8E?",
        "\xEC\x9D\xB4 \xEB\xB0\xB1\xEC\x97\x85\xEC\x9D\x84 \xEB\x8D\xAE\xEC\x96\xB4\xEC\x93\xB8\xEA\xB9\x8C\xEC\x9A\x94?",
        "\xE3\x81\x93\xE3\x81\xAE\xE3\x83\x90\xE3\x83\x83\xE3\x82\xAF\xE3\x82\xA2\xE3\x83\x83\xE3\x83\x97\xE3\x82\x92\xE4\xB8\x8A\xE6\x9B\xB8\xE3\x81\x8D\xE3\x81\x97\xE3\x81\xBE\xE3\x81\x99\xE3\x81\x8B\xEF\xBC\x9F",
        "\xE8\xA6\x86\xE7\x9B\x96\xE8\xBF\x99\xE4\xB8\xAA\xE5\xA4\x87\xE4\xBB\xBD\xEF\xBC\x9F",
    },
    { // DLG_OW_B
        "What \"%s\" holds now will be replaced by the game's current saves and cannot be recovered.",
        "Lo que contiene \xC2\xAB%s\xC2\xBB ser\xC3\xA1 sustituido por las partidas actuales del juego y no se podr\xC3\xA1 recuperar.",
        "Le contenu de \xC2\xAB %s \xC2\xBB sera remplac\xC3\xA9 par les sauvegardes actuelles du jeu et ne pourra pas \xC3\xAAtre r\xC3\xA9" "cup\xC3\xA9r\xC3\xA9.",
        "Der Inhalt von \xE2\x80\x9E%s\xE2\x80\x9C wird durch die aktuellen Spielst\xC3\xA4nde ersetzt und kann nicht wiederhergestellt werden.",
        "Il contenuto di \xC2\xAB%s\xC2\xBB verr\xC3\xA0 sostituito dai salvataggi attuali del gioco e non potr\xC3\xA0 essere recuperato.",
        "O conte\xC3\xBA" "do de \xC2\xAB%s\xC2\xBB ser\xC3\xA1 substitu\xC3\xAD" "do pelos saves atuais do jogo e n\xC3\xA3o poder\xC3\xA1 ser recuperado.",
        "\xD0\xA1\xD0\xBE\xD0\xB4\xD0\xB5\xD1\x80\xD0\xB6\xD0\xB8\xD0\xBC\xD0\xBE\xD0\xB5 \xC2\xAB%s\xC2\xBB \xD0\xB1\xD1\x83\xD0\xB4\xD0\xB5\xD1\x82 \xD0\xB7\xD0\xB0\xD0\xBC\xD0\xB5\xD0\xBD\xD0\xB5\xD0\xBD\xD0\xBE \xD1\x82\xD0\xB5\xD0\xBA\xD1\x83\xD1\x89\xD0\xB8\xD0\xBC\xD0\xB8 \xD1\x81\xD0\xBE\xD1\x85\xD1\x80\xD0\xB0\xD0\xBD\xD0\xB5\xD0\xBD\xD0\xB8\xD1\x8F\xD0\xBC\xD0\xB8 \xD0\xB8\xD0\xB3\xD1\x80\xD1\x8B, \xD0\xB2\xD0\xBE\xD1\x81\xD1\x81\xD1\x82\xD0\xB0\xD0\xBD\xD0\xBE\xD0\xB2\xD0\xB8\xD1\x82\xD1\x8C \xD0\xB5\xD0\xB3\xD0\xBE \xD0\xB1\xD1\x83\xD0\xB4\xD0\xB5\xD1\x82 \xD0\xBD\xD0\xB5\xD0\xBB\xD1\x8C\xD0\xB7\xD1\x8F.",
        "\"%s\"\xEC\x9D\x98 \xEA\xB8\xB0\xEC\xA1\xB4 \xEB\x82\xB4\xEC\x9A\xA9\xEC\x9D\x80 \xEA\xB2\x8C\xEC\x9E\x84\xEC\x9D\x98 \xED\x98\x84\xEC\x9E\xAC \xEC\xA0\x80\xEC\x9E\xA5\xEC\x9C\xBC\xEB\xA1\x9C \xEB\x8C\x80\xEC\xB2\xB4\xEB\x90\x98\xEB\xA9\xB0 \xEB\xB3\xB5\xEA\xB5\xAC\xED\x95\xA0 \xEC\x88\x98 \xEC\x97\x86\xEC\x8A\xB5\xEB\x8B\x88\xEB\x8B\xA4.",
        "\xE3\x80\x8C%s\xE3\x80\x8D\xE3\x81\xAE\xE7\x8F\xBE\xE5\x9C\xA8\xE3\x81\xAE\xE5\x86\x85\xE5\xAE\xB9\xE3\x81\xAF\xE3\x82\xB2\xE3\x83\xBC\xE3\x83\xA0\xE3\x81\xAE\xE7\x8F\xBE\xE5\x9C\xA8\xE3\x81\xAE\xE3\x82\xBB\xE3\x83\xBC\xE3\x83\x96\xE3\x81\xA7\xE7\xBD\xAE\xE3\x81\x8D\xE6\x8F\x9B\xE3\x81\x88\xE3\x82\x89\xE3\x82\x8C\xE3\x80\x81\xE5\x85\x83\xE3\x81\xAB\xE6\x88\xBB\xE3\x81\x9B\xE3\x81\xBE\xE3\x81\x9B\xE3\x82\x93\xE3\x80\x82",
        "\xE3\x80\x8C%s\xE3\x80\x8D\xE5\x8E\x9F\xE6\x9C\x89\xE7\x9A\x84\xE5\x86\x85\xE5\xAE\xB9\xE4\xBC\x9A\xE8\xA2\xAB\xE6\xB8\xB8\xE6\x88\x8F\xE5\xBD\x93\xE5\x89\x8D\xE7\x9A\x84\xE5\xAD\x98\xE6\xA1\xA3\xE6\x9B\xBF\xE6\x8D\xA2\xEF\xBC\x8C\xE6\x97\xA0\xE6\xB3\x95\xE6\x81\xA2\xE5\xA4\x8D\xE3\x80\x82",
    },
    { // DLG_DEL_T
        "Delete this backup?",
        "\xC2\xBF" "Borrar esta copia?",
        "Supprimer cette sauvegarde ?",
        "Dieses Backup l\xC3\xB6schen?",
        "Eliminare questo backup?",
        "Excluir este backup?",
        "\xD0\xA3\xD0\xB4\xD0\xB0\xD0\xBB\xD0\xB8\xD1\x82\xD1\x8C \xD1\x8D\xD1\x82\xD1\x83 \xD0\xBA\xD0\xBE\xD0\xBF\xD0\xB8\xD1\x8E?",
        "\xEC\x9D\xB4 \xEB\xB0\xB1\xEC\x97\x85\xEC\x9D\x84 \xEC\x82\xAD\xEC\xA0\x9C\xED\x95\xA0\xEA\xB9\x8C\xEC\x9A\x94?",
        "\xE3\x81\x93\xE3\x81\xAE\xE3\x83\x90\xE3\x83\x83\xE3\x82\xAF\xE3\x82\xA2\xE3\x83\x83\xE3\x83\x97\xE3\x82\x92\xE5\x89\x8A\xE9\x99\xA4\xE3\x81\x97\xE3\x81\xBE\xE3\x81\x99\xE3\x81\x8B\xEF\xBC\x9F",
        "\xE5\x88\xA0\xE9\x99\xA4\xE8\xBF\x99\xE4\xB8\xAA\xE5\xA4\x87\xE4\xBB\xBD\xEF\xBC\x9F",
    },
    { // DLG_DEL_B
        "\"%s\" will be deleted for good and cannot be recovered.",
        "\xC2\xAB%s\xC2\xBB se borrar\xC3\xA1 definitivamente y no se podr\xC3\xA1 recuperar.",
        "\xC2\xAB %s \xC2\xBB sera supprim\xC3\xA9" "e d\xC3\xA9" "finitivement et ne pourra pas \xC3\xAAtre r\xC3\xA9" "cup\xC3\xA9r\xC3\xA9" "e.",
        "\xE2\x80\x9E%s\xE2\x80\x9C wird endg\xC3\xBCltig gel\xC3\xB6scht und kann nicht wiederhergestellt werden.",
        "\xC2\xAB%s\xC2\xBB verr\xC3\xA0 eliminato definitivamente e non potr\xC3\xA0 essere recuperato.",
        "\xC2\xAB%s\xC2\xBB ser\xC3\xA1 exclu\xC3\xAD" "do permanentemente e n\xC3\xA3o poder\xC3\xA1 ser recuperado.",
        "\xC2\xAB%s\xC2\xBB \xD0\xB1\xD1\x83\xD0\xB4\xD0\xB5\xD1\x82 \xD1\x83\xD0\xB4\xD0\xB0\xD0\xBB\xD0\xB5\xD0\xBD\xD0\xB0 \xD0\xBD\xD0\xB0\xD0\xB2\xD1\x81\xD0\xB5\xD0\xB3\xD0\xB4\xD0\xB0, \xD0\xB2\xD0\xBE\xD1\x81\xD1\x81\xD1\x82\xD0\xB0\xD0\xBD\xD0\xBE\xD0\xB2\xD0\xB8\xD1\x82\xD1\x8C \xD0\xB5\xD1\x91 \xD0\xB1\xD1\x83\xD0\xB4\xD0\xB5\xD1\x82 \xD0\xBD\xD0\xB5\xD0\xBB\xD1\x8C\xD0\xB7\xD1\x8F.",
        "\"%s\"\xEC\x9D\x80(\xEB\x8A\x94) \xEC\x98\x81\xEA\xB5\xAC \xEC\x82\xAD\xEC\xA0\x9C\xEB\x90\x98\xEB\xA9\xB0 \xEB\xB3\xB5\xEA\xB5\xAC\xED\x95\xA0 \xEC\x88\x98 \xEC\x97\x86\xEC\x8A\xB5\xEB\x8B\x88\xEB\x8B\xA4.",
        "\xE3\x80\x8C%s\xE3\x80\x8D\xE3\x81\xAF\xE5\xAE\x8C\xE5\x85\xA8\xE3\x81\xAB\xE5\x89\x8A\xE9\x99\xA4\xE3\x81\x95\xE3\x82\x8C\xE3\x80\x81\xE5\x85\x83\xE3\x81\xAB\xE6\x88\xBB\xE3\x81\x9B\xE3\x81\xBE\xE3\x81\x9B\xE3\x82\x93\xE3\x80\x82",
        "\xE3\x80\x8C%s\xE3\x80\x8D\xE5\xB0\x86\xE8\xA2\xAB\xE6\xB0\xB8\xE4\xB9\x85\xE5\x88\xA0\xE9\x99\xA4\xEF\xBC\x8C\xE6\x97\xA0\xE6\xB3\x95\xE6\x81\xA2\xE5\xA4\x8D\xE3\x80\x82",
    },
    { // EXPORT
        "Export",
        "Exportar",
        "Exporter",
        "Exportieren",
        "Esporta",
        "Exportar",
        "\xD0\xAD\xD0\xBA\xD1\x81\xD0\xBF\xD0\xBE\xD1\x80\xD1\x82",
        "\xEB\x82\xB4\xEB\xB3\xB4\xEB\x82\xB4\xEA\xB8\xB0",
        "\xE6\x9B\xB8\xE3\x81\x8D\xE5\x87\xBA\xE3\x81\x97",
        "\xE5\xAF\xBC\xE5\x87\xBA",
    },
    { // IMPORT
        "Import",
        "Importar",
        "Importer",
        "Importieren",
        "Importa",
        "Importar",
        "\xD0\x98\xD0\xBC\xD0\xBF\xD0\xBE\xD1\x80\xD1\x82",
        "\xEA\xB0\x80\xEC\xA0\xB8\xEC\x98\xA4\xEA\xB8\xB0",
        "\xE8\xAA\xAD\xE3\x81\xBF\xE8\xBE\xBC\xE3\x81\xBF",
        "\xE5\xAF\xBC\xE5\x85\xA5",
    },
    { // CONFIRM_IMPORT
        "Confirm",
        "Confirmar",
        "Confirmer",
        "Best\xC3\xA4tigen",
        "Conferma",
        "Confirmar",
        "\xD0\x9F\xD0\xBE\xD0\xB4\xD1\x82\xD0\xB2\xD0\xB5\xD1\x80\xD0\xB4\xD0\xB8\xD1\x82\xD1\x8C",
        "\xEA\xB0\x80\xEC\xA0\xB8\xEC\x98\xA4\xEA\xB8\xB0 \xED\x99\x95\xEC\x9D\xB8",
        "\xE5\x8F\x96\xE8\xBE\xBC\xE7\xA2\xBA\xE5\xAE\x9A",
        "\xE7\xA1\xAE\xE8\xAE\xA4\xE5\xAF\xBC\xE5\x85\xA5",
    },
    { // LOADED_HINT
        ". You can press \"Play\" now",
        ". Ya puedes pulsar \"Jugar\"",
        ". Vous pouvez appuyer sur \xC2\xAB Jouer \xC2\xBB",
        ". Du kannst jetzt \xE2\x80\x9ESpielen\xE2\x80\x9C dr\xC3\xBC" "cken",
        ". Ora puoi premere \"Gioca\"",
        ". Agora voc\xC3\xAA pode apertar \"Jogar\"",
        ". \xD0\xA2\xD0\xB5\xD0\xBF\xD0\xB5\xD1\x80\xD1\x8C \xD0\xBC\xD0\xBE\xD0\xB6\xD0\xBD\xD0\xBE \xD0\xBD\xD0\xB0\xD0\xB6\xD0\xB0\xD1\x82\xD1\x8C \xC2\xAB\xD0\x98\xD0\xB3\xD1\x80\xD0\xB0\xD1\x82\xD1\x8C\xC2\xBB",
        ". \xEC\x9D\xB4\xEC\xA0\x9C \"\xED\x94\x8C\xEB\xA0\x88\xEC\x9D\xB4\"\xEB\xA5\xBC \xEB\x88\x84\xEB\xA5\xB4\xEC\x84\xB8\xEC\x9A\x94",
        "\xE3\x80\x82\xE3\x80\x8C\xE3\x83\x97\xE3\x83\xAC\xE3\x82\xA4\xE3\x80\x8D\xE3\x82\x92\xE6\x8A\xBC\xE3\x81\x97\xE3\x81\xA6\xE3\x81\x8F\xE3\x81\xA0\xE3\x81\x95\xE3\x81\x84",
        "\xE3\x80\x82\xE7\x8E\xB0\xE5\x9C\xA8\xE5\x8F\xAF\xE4\xBB\xA5\xE7\x82\xB9\xE2\x80\x9C\xE5\xBC\x80\xE5\xA7\x8B\xE6\xB8\xB8\xE6\x88\x8F\xE2\x80\x9D",
    },
    { // BACKUP_FOOT
        "A backup holds all three save slots. Loading replaces the current three and keeps an automatic \"undo\".",
        "Una copia contiene las tres ranuras. Cargarla sustituye las tres actuales y guarda un \"deshacer\".",
        "Une copie contient les trois emplacements. La charger remplace les trois actuels et garde une annulation.",
        "Ein Backup enth\xC3\xA4lt alle drei Pl\xC3\xA4tze. Laden ersetzt die aktuellen drei und legt ein \xE2\x80\x9ER\xC3\xBC" "ckg\xC3\xA4ngig\xE2\x80\x9C an.",
        "Un backup contiene i tre slot. Caricarlo sostituisce i tre attuali e conserva un \"annulla\".",
        "Um backup cont\xC3\xA9m os tr\xC3\xAAs espa\xC3\xA7os. Carregar substitui os tr\xC3\xAAs atuais e guarda um \"desfazer\".",
        "\xD0\x9A\xD0\xBE\xD0\xBF\xD0\xB8\xD1\x8F \xD1\x81\xD0\xBE\xD0\xB4\xD0\xB5\xD1\x80\xD0\xB6\xD0\xB8\xD1\x82 \xD0\xB2\xD1\x81\xD0\xB5 \xD1\x82\xD1\x80\xD0\xB8 \xD1\x81\xD0\xBB\xD0\xBE\xD1\x82\xD0\xB0. \xD0\x97\xD0\xB0\xD0\xB3\xD1\x80\xD1\x83\xD0\xB7\xD0\xBA\xD0\xB0 \xD0\xB7\xD0\xB0\xD0\xBC\xD0\xB5\xD0\xBD\xD0\xB8\xD1\x82 \xD1\x82\xD0\xB5\xD0\xBA\xD1\x83\xD1\x89\xD0\xB8\xD0\xB5 \xD0\xB8 \xD1\x81\xD0\xBE\xD1\x85\xD1\x80\xD0\xB0\xD0\xBD\xD0\xB8\xD1\x82 \xC2\xAB\xD0\xBE\xD1\x82\xD0\xBC\xD0\xB5\xD0\xBD\xD1\x83\xC2\xBB.",
        "\xEB\xB0\xB1\xEC\x97\x85\xEC\x97\x90\xEB\x8A\x94 \xEC\x84\xB8 \xEC\x8A\xAC\xEB\xA1\xAF\xEC\x9D\xB4 \xEB\xAA\xA8\xEB\x91\x90 \xEB\x93\xA4\xEC\x96\xB4 \xEC\x9E\x88\xEC\x8A\xB5\xEB\x8B\x88\xEB\x8B\xA4. \xEB\xB6\x88\xEB\x9F\xAC\xEC\x98\xA4\xEB\xA9\xB4 \xED\x98\x84\xEC\x9E\xAC \xEC\x84\xB8 \xEC\x8A\xAC\xEB\xA1\xAF\xEC\x9D\x84 \xEB\x8D\xAE\xEC\x96\xB4\xEC\x93\xB0\xEA\xB3\xA0 \"\xEC\xB7\xA8\xEC\x86\x8C\"\xEC\x9A\xA9 \xEC\x82\xAC\xEB\xB3\xB8\xEC\x9D\x84 \xEB\x82\xA8\xEA\xB9\x81\xEB\x8B\x88\xEB\x8B\xA4.",
        "\xE3\x83\x90\xE3\x83\x83\xE3\x82\xAF\xE3\x82\xA2\xE3\x83\x83\xE3\x83\x97\xE3\x81\xAF" "3\xE3\x82\xB9\xE3\x83\xAD\xE3\x83\x83\xE3\x83\x88\xE3\x81\x99\xE3\x81\xB9\xE3\x81\xA6\xE3\x82\x92\xE5\x90\xAB\xE3\x81\xBF\xE3\x81\xBE\xE3\x81\x99\xE3\x80\x82\xE8\xAA\xAD\xE3\x81\xBF\xE8\xBE\xBC\xE3\x82\x80\xE3\x81\xA8\xE7\x8F\xBE\xE5\x9C\xA8\xE3\x81\xAE" "3\xE3\x82\xB9\xE3\x83\xAD\xE3\x83\x83\xE3\x83\x88\xE3\x82\x92\xE7\xBD\xAE\xE3\x81\x8D\xE6\x8F\x9B\xE3\x81\x88\xE3\x80\x81\xE3\x80\x8C\xE5\x8F\x96\xE3\x82\x8A\xE6\xB6\x88\xE3\x81\x97\xE3\x80\x8D\xE7\x94\xA8\xE3\x81\xAE\xE6\x8E\xA7\xE3\x81\x88\xE3\x82\x92\xE6\xAE\x8B\xE3\x81\x97\xE3\x81\xBE\xE3\x81\x99\xE3\x80\x82",
        "\xE5\xA4\x87\xE4\xBB\xBD\xE5\x8C\x85\xE5\x90\xAB\xE5\x85\xA8\xE9\x83\xA8\xE4\xB8\x89\xE4\xB8\xAA\xE5\xAD\x98\xE6\xA1\xA3\xE6\xA0\x8F\xE4\xBD\x8D\xE3\x80\x82\xE8\xAF\xBB\xE5\x8F\x96\xE4\xBC\x9A\xE8\xA6\x86\xE7\x9B\x96\xE5\xBD\x93\xE5\x89\x8D\xE7\x9A\x84\xE4\xB8\x89\xE4\xB8\xAA\xE6\xA0\x8F\xE4\xBD\x8D\xEF\xBC\x8C\xE5\xB9\xB6\xE8\x87\xAA\xE5\x8A\xA8\xE7\x95\x99\xE4\xB8\x80\xE4\xBB\xBD\xE2\x80\x9C\xE6\x92\xA4\xE9\x94\x80\xE2\x80\x9D\xE3\x80\x82",
    },
    { // EXPORT_TITLE
        "Export save backup",
        "Exportar copia",
        "Exporter la sauvegarde",
        "Backup exportieren",
        "Esporta backup",
        "Exportar backup",
        "\xD0\xAD\xD0\xBA\xD1\x81\xD0\xBF\xD0\xBE\xD1\x80\xD1\x82 \xD1\x80\xD0\xB5\xD0\xB7\xD0\xB5\xD1\x80\xD0\xB2\xD0\xBD\xD0\xBE\xD0\xB9 \xD0\xBA\xD0\xBE\xD0\xBF\xD0\xB8\xD0\xB8",
        "\xEC\xA0\x80\xEC\x9E\xA5 \xEB\xB0\xB1\xEC\x97\x85 \xEB\x82\xB4\xEB\xB3\xB4\xEB\x82\xB4\xEA\xB8\xB0",
        "\xE3\x83\x90\xE3\x83\x83\xE3\x82\xAF\xE3\x82\xA2\xE3\x83\x83\xE3\x83\x97\xE3\x82\x92\xE6\x9B\xB8\xE3\x81\x8D\xE5\x87\xBA\xE3\x81\x99",
        "\xE5\xAF\xBC\xE5\x87\xBA\xE5\xAD\x98\xE6\xA1\xA3\xE5\xA4\x87\xE4\xBB\xBD",
    },
    { // IMPORT_TITLE
        "Import save backup",
        "Importar copia",
        "Importer une sauvegarde",
        "Backup importieren",
        "Importa backup",
        "Importar backup",
        "\xD0\x98\xD0\xBC\xD0\xBF\xD0\xBE\xD1\x80\xD1\x82 \xD1\x80\xD0\xB5\xD0\xB7\xD0\xB5\xD1\x80\xD0\xB2\xD0\xBD\xD0\xBE\xD0\xB9 \xD0\xBA\xD0\xBE\xD0\xBF\xD0\xB8\xD0\xB8",
        "\xEC\xA0\x80\xEC\x9E\xA5 \xEB\xB0\xB1\xEC\x97\x85 \xEA\xB0\x80\xEC\xA0\xB8\xEC\x98\xA4\xEA\xB8\xB0",
        "\xE3\x83\x90\xE3\x83\x83\xE3\x82\xAF\xE3\x82\xA2\xE3\x83\x83\xE3\x83\x97\xE3\x82\x92\xE8\xAA\xAD\xE3\x81\xBF\xE8\xBE\xBC\xE3\x82\x80",
        "\xE5\xAF\xBC\xE5\x85\xA5\xE5\xAD\x98\xE6\xA1\xA3\xE5\xA4\x87\xE4\xBB\xBD",
    },
    { // FILE_FILTER
        "Mewgenics save backup (*.mgmpsave)",
        "Copia de Mewgenics (*.mgmpsave)",
        "Sauvegarde Mewgenics (*.mgmpsave)",
        "Mewgenics-Backup (*.mgmpsave)",
        "Backup Mewgenics (*.mgmpsave)",
        "Backup do Mewgenics (*.mgmpsave)",
        "\xD0\x9A\xD0\xBE\xD0\xBF\xD0\xB8\xD1\x8F Mewgenics (*.mgmpsave)",
        "Mewgenics \xEC\xA0\x80\xEC\x9E\xA5 \xEB\xB0\xB1\xEC\x97\x85 (*.mgmpsave)",
        "Mewgenics \xE3\x83\x90\xE3\x83\x83\xE3\x82\xAF\xE3\x82\xA2\xE3\x83\x83\xE3\x83\x97 (*.mgmpsave)",
        "Mewgenics \xE5\xAD\x98\xE6\xA1\xA3\xE5\xA4\x87\xE4\xBB\xBD (*.mgmpsave)",
    },
    { // SS_READ_HS_FAIL
        "!Could not read handshake save %ls",
        "!No se pudo leer el guardado de sincronizaci\xC3\xB3n %ls",
        "!Lecture impossible de la synchro %ls",
        "!Sync-Spielstand %ls nicht lesbar",
        "!Impossibile leggere il salvataggio sincronizzato %ls",
        "!N\xC3\xA3o foi poss\xC3\xADvel ler o save sincronizado %ls",
        "!\xD0\x9D\xD0\xB5 \xD1\x83\xD0\xB4\xD0\xB0\xD0\xBB\xD0\xBE\xD1\x81\xD1\x8C \xD0\xBF\xD1\x80\xD0\xBE\xD1\x87\xD0\xB8\xD1\x82\xD0\xB0\xD1\x82\xD1\x8C \xD1\x81\xD0\xBE\xD1\x85\xD1\x80\xD0\xB0\xD0\xBD\xD0\xB5\xD0\xBD\xD0\xB8\xD0\xB5 \xD1\x81\xD0\xB8\xD0\xBD\xD1\x85\xD1\x80\xD0\xBE\xD0\xBD\xD0\xB8\xD0\xB7\xD0\xB0\xD1\x86\xD0\xB8\xD0\xB8 %ls",
        "!\xEB\x8F\x99\xEA\xB8\xB0\xED\x99\x94 \xEC\xA0\x80\xEC\x9E\xA5 %ls\xEC\x9D\x84(\xEB\xA5\xBC) \xEC\x9D\xBD\xEC\x9D\x84 \xEC\x88\x98 \xEC\x97\x86\xEC\x8A\xB5\xEB\x8B\x88\xEB\x8B\xA4",
        "!\xE5\x90\x8C\xE6\x9C\x9F\xE3\x82\xBB\xE3\x83\xBC\xE3\x83\x96 %ls \xE3\x82\x92\xE8\xAA\xAD\xE3\x81\xBF\xE8\xBE\xBC\xE3\x82\x81\xE3\x81\xBE\xE3\x81\x9B\xE3\x82\x93",
        "!\xE6\x97\xA0\xE6\xB3\x95\xE8\xAF\xBB\xE5\x8F\x96\xE6\x8F\xA1\xE6\x89\x8B\xE5\xAD\x98\xE6\xA1\xA3 %ls",
    },
    { // SS_WRITE_HS_FAIL_F
        "!Could not write handshake save %ls",
        "!No se pudo escribir el guardado de sincronizaci\xC3\xB3n %ls",
        "!\xC3\x89" "criture impossible de la synchro %ls",
        "!Sync-Spielstand %ls nicht schreibbar",
        "!Impossibile scrivere il salvataggio sincronizzato %ls",
        "!N\xC3\xA3o foi poss\xC3\xADvel gravar o save sincronizado %ls",
        "!\xD0\x9D\xD0\xB5 \xD1\x83\xD0\xB4\xD0\xB0\xD0\xBB\xD0\xBE\xD1\x81\xD1\x8C \xD0\xB7\xD0\xB0\xD0\xBF\xD0\xB8\xD1\x81\xD0\xB0\xD1\x82\xD1\x8C \xD1\x81\xD0\xBE\xD1\x85\xD1\x80\xD0\xB0\xD0\xBD\xD0\xB5\xD0\xBD\xD0\xB8\xD0\xB5 \xD1\x81\xD0\xB8\xD0\xBD\xD1\x85\xD1\x80\xD0\xBE\xD0\xBD\xD0\xB8\xD0\xB7\xD0\xB0\xD1\x86\xD0\xB8\xD0\xB8 %ls",
        "!\xEB\x8F\x99\xEA\xB8\xB0\xED\x99\x94 \xEC\xA0\x80\xEC\x9E\xA5 %ls\xEC\x9D\x84(\xEB\xA5\xBC) \xEC\x93\xB8 \xEC\x88\x98 \xEC\x97\x86\xEC\x8A\xB5\xEB\x8B\x88\xEB\x8B\xA4",
        "!\xE5\x90\x8C\xE6\x9C\x9F\xE3\x82\xBB\xE3\x83\xBC\xE3\x83\x96 %ls \xE3\x82\x92\xE6\x9B\xB8\xE3\x81\x8D\xE8\xBE\xBC\xE3\x82\x81\xE3\x81\xBE\xE3\x81\x9B\xE3\x82\x93",
        "!\xE6\x97\xA0\xE6\xB3\x95\xE5\x86\x99\xE5\x85\xA5\xE6\x8F\xA1\xE6\x89\x8B\xE5\xAD\x98\xE6\xA1\xA3 %ls",
    },
    { // SS_CLEAR_HS_FAIL
        "!Could not remove the old handshake save %ls",
        "!No se pudo borrar el guardado de sincronizaci\xC3\xB3n antiguo %ls",
        "!Impossible d'effacer l'ancienne synchro %ls",
        "!Alter Sync-Spielstand %ls nicht l\xC3\xB6schbar",
        "!Impossibile eliminare il vecchio salvataggio sincronizzato %ls",
        "!N\xC3\xA3o foi poss\xC3\xADvel apagar o save sincronizado antigo %ls",
        "!\xD0\x9D\xD0\xB5 \xD1\x83\xD0\xB4\xD0\xB0\xD0\xBB\xD0\xBE\xD1\x81\xD1\x8C \xD1\x83\xD0\xB4\xD0\xB0\xD0\xBB\xD0\xB8\xD1\x82\xD1\x8C \xD1\x81\xD1\x82\xD0\xB0\xD1\x80\xD0\xBE\xD0\xB5 \xD1\x81\xD0\xBE\xD1\x85\xD1\x80\xD0\xB0\xD0\xBD\xD0\xB5\xD0\xBD\xD0\xB8\xD0\xB5 \xD1\x81\xD0\xB8\xD0\xBD\xD1\x85\xD1\x80\xD0\xBE\xD0\xBD\xD0\xB8\xD0\xB7\xD0\xB0\xD1\x86\xD0\xB8\xD0\xB8 %ls",
        "!\xEC\x9D\xB4\xEC\xA0\x84 \xEB\x8F\x99\xEA\xB8\xB0\xED\x99\x94 \xEC\xA0\x80\xEC\x9E\xA5 %ls\xEC\x9D\x84(\xEB\xA5\xBC) \xEC\xA7\x80\xEC\x9A\xB8 \xEC\x88\x98 \xEC\x97\x86\xEC\x8A\xB5\xEB\x8B\x88\xEB\x8B\xA4",
        "!\xE5\x8F\xA4\xE3\x81\x84\xE5\x90\x8C\xE6\x9C\x9F\xE3\x82\xBB\xE3\x83\xBC\xE3\x83\x96 %ls \xE3\x82\x92\xE5\x89\x8A\xE9\x99\xA4\xE3\x81\xA7\xE3\x81\x8D\xE3\x81\xBE\xE3\x81\x9B\xE3\x82\x93",
        "!\xE6\x97\xA0\xE6\xB3\x95\xE6\xB8\x85\xE9\x99\xA4\xE6\x97\xA7\xE7\x9A\x84\xE6\x8F\xA1\xE6\x89\x8B\xE5\xAD\x98\xE6\xA1\xA3 %ls",
    },
    { // SS_READ_FAIL
        "!Could not read %ls",
        "!No se pudo leer %ls",
        "!Lecture impossible de %ls",
        "!%ls nicht lesbar",
        "!Impossibile leggere %ls",
        "!N\xC3\xA3o foi poss\xC3\xADvel ler %ls",
        "!\xD0\x9D\xD0\xB5 \xD1\x83\xD0\xB4\xD0\xB0\xD0\xBB\xD0\xBE\xD1\x81\xD1\x8C \xD0\xBF\xD1\x80\xD0\xBE\xD1\x87\xD0\xB8\xD1\x82\xD0\xB0\xD1\x82\xD1\x8C %ls",
        "!%ls\xEC\x9D\x84(\xEB\xA5\xBC) \xEC\x9D\xBD\xEC\x9D\x84 \xEC\x88\x98 \xEC\x97\x86\xEC\x8A\xB5\xEB\x8B\x88\xEB\x8B\xA4",
        "!%ls \xE3\x82\x92\xE8\xAA\xAD\xE3\x81\xBF\xE8\xBE\xBC\xE3\x82\x81\xE3\x81\xBE\xE3\x81\x9B\xE3\x82\x93",
        "!\xE6\x97\xA0\xE6\xB3\x95\xE8\xAF\xBB\xE5\x8F\x96 %ls",
    },
    { // SS_CREATE_FAIL
        "!Could not create %ls",
        "!No se pudo crear %ls",
        "!Cr\xC3\xA9" "ation impossible de %ls",
        "!%ls nicht erstellbar",
        "!Impossibile creare %ls",
        "!N\xC3\xA3o foi poss\xC3\xADvel criar %ls",
        "!\xD0\x9D\xD0\xB5 \xD1\x83\xD0\xB4\xD0\xB0\xD0\xBB\xD0\xBE\xD1\x81\xD1\x8C \xD1\x81\xD0\xBE\xD0\xB7\xD0\xB4\xD0\xB0\xD1\x82\xD1\x8C %ls",
        "!%ls\xEC\x9D\x84(\xEB\xA5\xBC) \xEB\xA7\x8C\xEB\x93\xA4 \xEC\x88\x98 \xEC\x97\x86\xEC\x8A\xB5\xEB\x8B\x88\xEB\x8B\xA4",
        "!%ls \xE3\x82\x92\xE4\xBD\x9C\xE6\x88\x90\xE3\x81\xA7\xE3\x81\x8D\xE3\x81\xBE\xE3\x81\x9B\xE3\x82\x93",
        "!\xE6\x97\xA0\xE6\xB3\x95\xE5\x88\x9B\xE5\xBB\xBA %ls",
    },
    { // SS_TMP_FAIL
        "!Could not create a temporary folder",
        "!No se pudo crear una carpeta temporal",
        "!Impossible de cr\xC3\xA9" "er un dossier temporaire",
        "!Tempor\xC3\xA4rer Ordner nicht erstellbar",
        "!Impossibile creare una cartella temporanea",
        "!N\xC3\xA3o foi poss\xC3\xADvel criar uma pasta tempor\xC3\xA1ria",
        "!\xD0\x9D\xD0\xB5 \xD1\x83\xD0\xB4\xD0\xB0\xD0\xBB\xD0\xBE\xD1\x81\xD1\x8C \xD1\x81\xD0\xBE\xD0\xB7\xD0\xB4\xD0\xB0\xD1\x82\xD1\x8C \xD0\xB2\xD1\x80\xD0\xB5\xD0\xBC\xD0\xB5\xD0\xBD\xD0\xBD\xD1\x83\xD1\x8E \xD0\xBF\xD0\xB0\xD0\xBF\xD0\xBA\xD1\x83",
        "!\xEC\x9E\x84\xEC\x8B\x9C \xED\x8F\xB4\xEB\x8D\x94\xEB\xA5\xBC \xEB\xA7\x8C\xEB\x93\xA4 \xEC\x88\x98 \xEC\x97\x86\xEC\x8A\xB5\xEB\x8B\x88\xEB\x8B\xA4",
        "!\xE4\xB8\x80\xE6\x99\x82\xE3\x83\x95\xE3\x82\xA9\xE3\x83\xAB\xE3\x83\x80\xE3\x82\x92\xE4\xBD\x9C\xE6\x88\x90\xE3\x81\xA7\xE3\x81\x8D\xE3\x81\xBE\xE3\x81\x9B\xE3\x82\x93",
        "!\xE6\x97\xA0\xE6\xB3\x95\xE5\x88\x9B\xE5\xBB\xBA\xE4\xB8\xB4\xE6\x97\xB6\xE6\x96\x87\xE4\xBB\xB6\xE5\xA4\xB9",
    },
    { // SS_WRITE_FAIL
        "!Could not write %ls",
        "!No se pudo escribir %ls",
        "!\xC3\x89" "criture impossible de %ls",
        "!%ls nicht schreibbar",
        "!Impossibile scrivere %ls",
        "!N\xC3\xA3o foi poss\xC3\xADvel gravar %ls",
        "!\xD0\x9D\xD0\xB5 \xD1\x83\xD0\xB4\xD0\xB0\xD0\xBB\xD0\xBE\xD1\x81\xD1\x8C \xD0\xB7\xD0\xB0\xD0\xBF\xD0\xB8\xD1\x81\xD0\xB0\xD1\x82\xD1\x8C %ls",
        "!%ls\xEC\x9D\x84(\xEB\xA5\xBC) \xEC\x93\xB8 \xEC\x88\x98 \xEC\x97\x86\xEC\x8A\xB5\xEB\x8B\x88\xEB\x8B\xA4",
        "!%ls \xE3\x82\x92\xE6\x9B\xB8\xE3\x81\x8D\xE8\xBE\xBC\xE3\x82\x81\xE3\x81\xBE\xE3\x81\x9B\xE3\x82\x93",
        "!\xE6\x97\xA0\xE6\xB3\x95\xE5\x86\x99\xE5\x85\xA5 %ls",
    },
    { // SS_WRITE_HS_FAIL
        "!Could not write the handshake saves",
        "!No se pudieron escribir los guardados de sincronizaci\xC3\xB3n",
        "!Impossible d'\xC3\xA9" "crire les synchros",
        "!Sync-Spielst\xC3\xA4nde nicht schreibbar",
        "!Impossibile scrivere i salvataggi sincronizzati",
        "!N\xC3\xA3o foi poss\xC3\xADvel gravar os saves sincronizados",
        "!\xD0\x9D\xD0\xB5 \xD1\x83\xD0\xB4\xD0\xB0\xD0\xBB\xD0\xBE\xD1\x81\xD1\x8C \xD0\xB7\xD0\xB0\xD0\xBF\xD0\xB8\xD1\x81\xD0\xB0\xD1\x82\xD1\x8C \xD1\x81\xD0\xBE\xD1\x85\xD1\x80\xD0\xB0\xD0\xBD\xD0\xB5\xD0\xBD\xD0\xB8\xD1\x8F \xD1\x81\xD0\xB8\xD0\xBD\xD1\x85\xD1\x80\xD0\xBE\xD0\xBD\xD0\xB8\xD0\xB7\xD0\xB0\xD1\x86\xD0\xB8\xD0\xB8",
        "!\xEB\x8F\x99\xEA\xB8\xB0\xED\x99\x94 \xEC\xA0\x80\xEC\x9E\xA5\xEC\x9D\x84 \xEC\x93\xB8 \xEC\x88\x98 \xEC\x97\x86\xEC\x8A\xB5\xEB\x8B\x88\xEB\x8B\xA4",
        "!\xE5\x90\x8C\xE6\x9C\x9F\xE3\x82\xBB\xE3\x83\xBC\xE3\x83\x96\xE3\x82\x92\xE6\x9B\xB8\xE3\x81\x8D\xE8\xBE\xBC\xE3\x82\x81\xE3\x81\xBE\xE3\x81\x9B\xE3\x82\x93",
        "!\xE6\x97\xA0\xE6\xB3\x95\xE5\x86\x99\xE5\x85\xA5\xE6\x8F\xA1\xE6\x89\x8B\xE5\xAD\x98\xE6\xA1\xA3",
    },
    { // SS_META_FAIL
        "!Could not write the backup description",
        "!No se pudo escribir la descripci\xC3\xB3n",
        "!Impossible d'\xC3\xA9" "crire la description",
        "!Beschreibung nicht schreibbar",
        "!Impossibile scrivere la descrizione",
        "!N\xC3\xA3o foi poss\xC3\xADvel gravar a descri\xC3\xA7\xC3\xA3o",
        "!\xD0\x9D\xD0\xB5 \xD1\x83\xD0\xB4\xD0\xB0\xD0\xBB\xD0\xBE\xD1\x81\xD1\x8C \xD0\xB7\xD0\xB0\xD0\xBF\xD0\xB8\xD1\x81\xD0\xB0\xD1\x82\xD1\x8C \xD0\xBE\xD0\xBF\xD0\xB8\xD1\x81\xD0\xB0\xD0\xBD\xD0\xB8\xD0\xB5",
        "!\xEB\xB0\xB1\xEC\x97\x85 \xEC\x84\xA4\xEB\xAA\x85\xEC\x9D\x84 \xEC\x93\xB8 \xEC\x88\x98 \xEC\x97\x86\xEC\x8A\xB5\xEB\x8B\x88\xEB\x8B\xA4",
        "!\xE8\xAA\xAC\xE6\x98\x8E\xE3\x82\x92\xE6\x9B\xB8\xE3\x81\x8D\xE8\xBE\xBC\xE3\x82\x81\xE3\x81\xBE\xE3\x81\x9B\xE3\x82\x93",
        "!\xE6\x97\xA0\xE6\xB3\x95\xE5\x86\x99\xE5\x85\xA5\xE5\xAD\x98\xE6\xA1\xA3\xE8\xAF\xB4\xE6\x98\x8E",
    },
    { // SS_PLACE_FAIL
        "!Could not put the backup in place (left in %ls)",
        "!No se pudo colocar la copia (qued\xC3\xB3 en %ls)",
        "!Impossible de placer la copie (rest\xC3\xA9" "e dans %ls)",
        "!Backup nicht platzierbar (liegt in %ls)",
        "!Impossibile collocare il backup (rimasto in %ls)",
        "!N\xC3\xA3o foi poss\xC3\xADvel posicionar o backup (ficou em %ls)",
        "!\xD0\x9D\xD0\xB5 \xD1\x83\xD0\xB4\xD0\xB0\xD0\xBB\xD0\xBE\xD1\x81\xD1\x8C \xD0\xBF\xD0\xBE\xD0\xBC\xD0\xB5\xD1\x81\xD1\x82\xD0\xB8\xD1\x82\xD1\x8C \xD0\xBA\xD0\xBE\xD0\xBF\xD0\xB8\xD1\x8E (\xD0\xBE\xD1\x81\xD1\x82\xD0\xB0\xD0\xBB\xD0\xB0\xD1\x81\xD1\x8C \xD0\xB2 %ls)",
        "!\xEB\xB0\xB1\xEC\x97\x85\xEC\x9D\x84 \xEB\xB0\xB0\xEC\xB9\x98\xED\x95\xA0 \xEC\x88\x98 \xEC\x97\x86\xEC\x8A\xB5\xEB\x8B\x88\xEB\x8B\xA4 (%ls\xEC\x97\x90 \xEB\x82\xA8\xEC\x9D\x8C)",
        "!\xE3\x83\x90\xE3\x83\x83\xE3\x82\xAF\xE3\x82\xA2\xE3\x83\x83\xE3\x83\x97\xE3\x82\x92\xE9\x85\x8D\xE7\xBD\xAE\xE3\x81\xA7\xE3\x81\x8D\xE3\x81\xBE\xE3\x81\x9B\xE3\x82\x93\xEF\xBC\x88%ls \xE3\x81\xAB\xE6\xAE\x8B\xE3\x81\xA3\xE3\x81\xA6\xE3\x81\x84\xE3\x81\xBE\xE3\x81\x99\xEF\xBC\x89",
        "!\xE6\x97\xA0\xE6\xB3\x95\xE6\x8A\x8A\xE5\xA4\x87\xE4\xBB\xBD\xE6\x94\xBE\xE5\x88\xB0\xE4\xBD\x8D\xEF\xBC\x88\xE6\xAE\x8B\xE7\x95\x99\xE5\x9C\xA8 %ls\xEF\xBC\x89",
    },
    { // SS_MISSING
        "!The backup is missing %ls",
        "!A la copia le falta %ls",
        "!La copie ne contient pas %ls",
        "!Im Backup fehlt %ls",
        "!Nel backup manca %ls",
        "!Falta %ls no backup",
        "!\xD0\x92 \xD0\xBA\xD0\xBE\xD0\xBF\xD0\xB8\xD0\xB8 \xD0\xBD\xD0\xB5\xD1\x82 %ls",
        "!\xEB\xB0\xB1\xEC\x97\x85\xEC\x97\x90 %ls\xEC\x9D\xB4(\xEA\xB0\x80) \xEC\x97\x86\xEC\x8A\xB5\xEB\x8B\x88\xEB\x8B\xA4",
        "!\xE3\x83\x90\xE3\x83\x83\xE3\x82\xAF\xE3\x82\xA2\xE3\x83\x83\xE3\x83\x97\xE3\x81\xAB %ls \xE3\x81\x8C\xE3\x81\x82\xE3\x82\x8A\xE3\x81\xBE\xE3\x81\x9B\xE3\x82\x93",
        "!\xE5\xA4\x87\xE4\xBB\xBD\xE7\xBC\xBA\xE5\xB0\x91 %ls",
    },
    { // SS_CORRUPT
        "!%ls in the backup is damaged",
        "!%ls de la copia est\xC3\xA1 da\xC3\xB1" "ado",
        "!%ls dans la copie est endommag\xC3\xA9",
        "!%ls im Backup ist besch\xC3\xA4" "digt",
        "!%ls nel backup \xC3\xA8 danneggiato",
        "!%ls no backup est\xC3\xA1 corrompido",
        "!%ls \xD0\xB2 \xD0\xBA\xD0\xBE\xD0\xBF\xD0\xB8\xD0\xB8 \xD0\xBF\xD0\xBE\xD0\xB2\xD1\x80\xD0\xB5\xD0\xB6\xD0\xB4\xD1\x91\xD0\xBD",
        "!\xEB\xB0\xB1\xEC\x97\x85\xEC\x9D\x98 %ls\xEC\x9D\xB4(\xEA\xB0\x80) \xEC\x86\x90\xEC\x83\x81\xEB\x90\x98\xEC\x97\x88\xEC\x8A\xB5\xEB\x8B\x88\xEB\x8B\xA4",
        "!\xE3\x83\x90\xE3\x83\x83\xE3\x82\xAF\xE3\x82\xA2\xE3\x83\x83\xE3\x83\x97\xE5\x86\x85\xE3\x81\xAE %ls \xE3\x81\x8C\xE5\xA3\x8A\xE3\x82\x8C\xE3\x81\xA6\xE3\x81\x84\xE3\x81\xBE\xE3\x81\x99",
        "!\xE5\xA4\x87\xE4\xBB\xBD\xE4\xB8\xAD\xE7\x9A\x84 %ls \xE5\xB7\xB2\xE6\x8D\x9F\xE5\x9D\x8F",
    },
    { // SS_IN_USE
        "!The game is using %ls; go back to the main menu and try again",
        "!El juego est\xC3\xA1 usando %ls; vuelve al men\xC3\xBA principal y reint\xC3\xA9ntalo",
        "!Le jeu utilise %ls ; revenez au menu principal et r\xC3\xA9" "essayez",
        "!Das Spiel nutzt %ls; zur\xC3\xBC" "ck ins Hauptmen\xC3\xBC und erneut versuchen",
        "!Il gioco sta usando %ls; torna al menu principale e riprova",
        "!O jogo est\xC3\xA1 usando %ls; volte ao menu principal e tente de novo",
        "!\xD0\x98\xD0\xB3\xD1\x80\xD0\xB0 \xD0\xB8\xD1\x81\xD0\xBF\xD0\xBE\xD0\xBB\xD1\x8C\xD0\xB7\xD1\x83\xD0\xB5\xD1\x82 %ls; \xD0\xB2\xD0\xB5\xD1\x80\xD0\xBD\xD0\xB8\xD1\x82\xD0\xB5\xD1\x81\xD1\x8C \xD0\xB2 \xD0\xB3\xD0\xBB\xD0\xB0\xD0\xB2\xD0\xBD\xD0\xBE\xD0\xB5 \xD0\xBC\xD0\xB5\xD0\xBD\xD1\x8E \xD0\xB8 \xD0\xBF\xD0\xBE\xD0\xB2\xD1\x82\xD0\xBE\xD1\x80\xD0\xB8\xD1\x82\xD0\xB5",
        "!\xEA\xB2\x8C\xEC\x9E\x84\xEC\x9D\xB4 %ls\xEC\x9D\x84(\xEB\xA5\xBC) \xEC\x82\xAC\xEC\x9A\xA9 \xEC\xA4\x91\xEC\x9E\x85\xEB\x8B\x88\xEB\x8B\xA4. \xEB\xA9\x94\xEC\x9D\xB8 \xEB\xA9\x94\xEB\x89\xB4\xEB\xA1\x9C \xEB\x8F\x8C\xEC\x95\x84\xEA\xB0\x80 \xEB\x8B\xA4\xEC\x8B\x9C \xEC\x8B\x9C\xEB\x8F\x84\xED\x95\x98\xEC\x84\xB8\xEC\x9A\x94",
        "!\xE3\x82\xB2\xE3\x83\xBC\xE3\x83\xA0\xE3\x81\x8C %ls \xE3\x82\x92\xE4\xBD\xBF\xE7\x94\xA8\xE4\xB8\xAD\xE3\x81\xA7\xE3\x81\x99\xE3\x80\x82\xE3\x83\xA1\xE3\x82\xA4\xE3\x83\xB3\xE3\x83\xA1\xE3\x83\x8B\xE3\x83\xA5\xE3\x83\xBC\xE3\x81\xAB\xE6\x88\xBB\xE3\x81\xA3\xE3\x81\xA6\xE5\x86\x8D\xE8\xA9\xA6\xE8\xA1\x8C\xE3\x81\x97\xE3\x81\xA6\xE3\x81\x8F\xE3\x81\xA0\xE3\x81\x95\xE3\x81\x84",
        "!\xE6\xB8\xB8\xE6\x88\x8F\xE6\xAD\xA3\xE5\x9C\xA8\xE4\xBD\xBF\xE7\x94\xA8 %ls\xEF\xBC\x8C\xE8\xAF\xB7\xE5\x9B\x9E\xE5\x88\xB0\xE4\xB8\xBB\xE8\x8F\x9C\xE5\x8D\x95\xE5\x90\x8E\xE9\x87\x8D\xE8\xAF\x95",
    },
    { // SS_WRITE_PARTIAL
        "!Could not write %ls (earlier slots were replaced; use undo)",
        "!No se pudo escribir %ls (se reemplazaron ranuras anteriores; usa deshacer)",
        "!\xC3\x89" "criture impossible de %ls (emplacements pr\xC3\xA9" "c\xC3\xA9" "dents remplac\xC3\xA9s ; annulez)",
        "!%ls nicht schreibbar (vorige Pl\xC3\xA4tze ersetzt; R\xC3\xBC" "ckg\xC3\xA4ngig nutzen)",
        "!Impossibile scrivere %ls (slot precedenti sostituiti; usa annulla)",
        "!N\xC3\xA3o foi poss\xC3\xADvel gravar %ls (espa\xC3\xA7os anteriores trocados; use desfazer)",
        "!\xD0\x9D\xD0\xB5 \xD1\x83\xD0\xB4\xD0\xB0\xD0\xBB\xD0\xBE\xD1\x81\xD1\x8C \xD0\xB7\xD0\xB0\xD0\xBF\xD0\xB8\xD1\x81\xD0\xB0\xD1\x82\xD1\x8C %ls (\xD0\xBF\xD1\x80\xD0\xB5\xD0\xB6\xD0\xBD\xD0\xB8\xD0\xB5 \xD1\x81\xD0\xBB\xD0\xBE\xD1\x82\xD1\x8B \xD0\xB7\xD0\xB0\xD0\xBC\xD0\xB5\xD0\xBD\xD0\xB5\xD0\xBD\xD1\x8B; \xD0\xB8\xD1\x81\xD0\xBF\xD0\xBE\xD0\xBB\xD1\x8C\xD0\xB7\xD1\x83\xD0\xB9\xD1\x82\xD0\xB5 \xD0\xBE\xD1\x82\xD0\xBC\xD0\xB5\xD0\xBD\xD1\x83)",
        "!%ls\xEC\x9D\x84(\xEB\xA5\xBC) \xEC\x93\xB8 \xEC\x88\x98 \xEC\x97\x86\xEC\x8A\xB5\xEB\x8B\x88\xEB\x8B\xA4 (\xEC\x95\x9E \xEC\x8A\xAC\xEB\xA1\xAF\xEC\x9D\x80 \xEC\x9D\xB4\xEB\xAF\xB8 \xEA\xB5\x90\xEC\xB2\xB4\xEB\x90\xA8, \xEC\xB7\xA8\xEC\x86\x8C\xEB\xA5\xBC \xEC\x82\xAC\xEC\x9A\xA9\xED\x95\x98\xEC\x84\xB8\xEC\x9A\x94)",
        "!%ls \xE3\x82\x92\xE6\x9B\xB8\xE3\x81\x8D\xE8\xBE\xBC\xE3\x82\x81\xE3\x81\xBE\xE3\x81\x9B\xE3\x82\x93\xEF\xBC\x88\xE5\x89\x8D\xE3\x81\xAE\xE3\x82\xB9\xE3\x83\xAD\xE3\x83\x83\xE3\x83\x88\xE3\x81\xAF\xE7\xBD\xAE\xE6\x8F\x9B\xE6\xB8\x88\xE3\x81\xBF\xE3\x80\x82\xE5\x8F\x96\xE3\x82\x8A\xE6\xB6\x88\xE3\x81\x97\xE3\x82\x92\xE4\xBD\xBF\xE3\x81\xA3\xE3\x81\xA6\xE3\x81\x8F\xE3\x81\xA0\xE3\x81\x95\xE3\x81\x84\xEF\xBC\x89",
        "!\xE6\x97\xA0\xE6\xB3\x95\xE5\x86\x99\xE5\x85\xA5 %ls\xEF\xBC\x88\xE4\xB9\x8B\xE5\x89\x8D\xE7\x9A\x84\xE6\xA0\x8F\xE4\xBD\x8D\xE5\xB7\xB2\xE8\xA2\xAB\xE6\x9B\xBF\xE6\x8D\xA2\xEF\xBC\x8C\xE8\xAF\xB7\xE4\xBD\xBF\xE7\x94\xA8\xE6\x92\xA4\xE9\x94\x80\xEF\xBC\x89",
    },
    { // SS_CLEAR_FAIL
        "!Could not remove %ls",
        "!No se pudo borrar %ls",
        "!Suppression impossible de %ls",
        "!%ls nicht l\xC3\xB6schbar",
        "!Impossibile rimuovere %ls",
        "!N\xC3\xA3o foi poss\xC3\xADvel remover %ls",
        "!\xD0\x9D\xD0\xB5 \xD1\x83\xD0\xB4\xD0\xB0\xD0\xBB\xD0\xBE\xD1\x81\xD1\x8C \xD1\x83\xD0\xB4\xD0\xB0\xD0\xBB\xD0\xB8\xD1\x82\xD1\x8C %ls",
        "!%ls\xEC\x9D\x84(\xEB\xA5\xBC) \xEC\xA7\x80\xEC\x9A\xB8 \xEC\x88\x98 \xEC\x97\x86\xEC\x8A\xB5\xEB\x8B\x88\xEB\x8B\xA4",
        "!%ls \xE3\x82\x92\xE5\x89\x8A\xE9\x99\xA4\xE3\x81\xA7\xE3\x81\x8D\xE3\x81\xBE\xE3\x81\x9B\xE3\x82\x93",
        "!\xE6\x97\xA0\xE6\xB3\x95\xE6\xB8\x85\xE9\x99\xA4 %ls",
    },
    { // SS_NO_POS
        "!No such position",
        "!No existe esa posici\xC3\xB3n",
        "!Cette position n'existe pas",
        "!Diese Position gibt es nicht",
        "!Posizione inesistente",
        "!Posi\xC3\xA7\xC3\xA3o inexistente",
        "!\xD0\x9D\xD0\xB5\xD1\x82 \xD1\x82\xD0\xB0\xD0\xBA\xD0\xBE\xD0\xB9 \xD0\xBF\xD0\xBE\xD0\xB7\xD0\xB8\xD1\x86\xD0\xB8\xD0\xB8",
        "!\xED\x95\xB4\xEB\x8B\xB9 \xEC\x9C\x84\xEC\xB9\x98\xEA\xB0\x80 \xEC\x97\x86\xEC\x8A\xB5\xEB\x8B\x88\xEB\x8B\xA4",
        "!\xE3\x81\x9D\xE3\x81\xAE\xE4\xBD\x8D\xE7\xBD\xAE\xE3\x81\xAF\xE3\x81\x82\xE3\x82\x8A\xE3\x81\xBE\xE3\x81\x9B\xE3\x82\x93",
        "!\xE6\xB2\xA1\xE6\x9C\x89\xE8\xBF\x99\xE4\xB8\xAA\xE4\xBD\x8D\xE7\xBD\xAE",
    },
    { // SS_NO_DIR
        "!Could not find the game's save folder",
        "!No se encontr\xC3\xB3 la carpeta de partidas",
        "!Dossier des sauvegardes introuvable",
        "!Spielstand-Ordner nicht gefunden",
        "!Cartella dei salvataggi non trovata",
        "!Pasta de saves n\xC3\xA3o encontrada",
        "!\xD0\x9F\xD0\xB0\xD0\xBF\xD0\xBA\xD0\xB0 \xD1\x81\xD0\xBE\xD1\x85\xD1\x80\xD0\xB0\xD0\xBD\xD0\xB5\xD0\xBD\xD0\xB8\xD0\xB9 \xD0\xBD\xD0\xB5 \xD0\xBD\xD0\xB0\xD0\xB9\xD0\xB4\xD0\xB5\xD0\xBD\xD0\xB0",
        "!\xEA\xB2\x8C\xEC\x9E\x84 \xEC\xA0\x80\xEC\x9E\xA5 \xED\x8F\xB4\xEB\x8D\x94\xEB\xA5\xBC \xEC\xB0\xBE\xEC\x9D\x84 \xEC\x88\x98 \xEC\x97\x86\xEC\x8A\xB5\xEB\x8B\x88\xEB\x8B\xA4",
        "!\xE3\x82\xBB\xE3\x83\xBC\xE3\x83\x96\xE3\x83\x95\xE3\x82\xA9\xE3\x83\xAB\xE3\x83\x80\xE3\x81\x8C\xE8\xA6\x8B\xE3\x81\xA4\xE3\x81\x8B\xE3\x82\x8A\xE3\x81\xBE\xE3\x81\x9B\xE3\x82\x93",
        "!\xE6\x89\xBE\xE4\xB8\x8D\xE5\x88\xB0\xE6\xB8\xB8\xE6\x88\x8F\xE5\xAD\x98\xE6\xA1\xA3\xE6\x96\x87\xE4\xBB\xB6\xE5\xA4\xB9",
    },
    { // SS_NOTHING
        "!Nothing to back up: all three slots are empty",
        "!Nada que copiar: las tres ranuras est\xC3\xA1n vac\xC3\xAD" "as",
        "!Rien \xC3\xA0 sauvegarder : les trois emplacements sont vides",
        "!Nichts zu sichern: alle drei Pl\xC3\xA4tze leer",
        "!Niente da salvare: i tre slot sono vuoti",
        "!Nada para copiar: os tr\xC3\xAAs espa\xC3\xA7os est\xC3\xA3o vazios",
        "!\xD0\x9D\xD0\xB5\xD1\x87\xD0\xB5\xD0\xB3\xD0\xBE \xD1\x81\xD0\xBE\xD1\x85\xD1\x80\xD0\xB0\xD0\xBD\xD1\x8F\xD1\x82\xD1\x8C: \xD0\xB2\xD1\x81\xD0\xB5 \xD1\x82\xD1\x80\xD0\xB8 \xD1\x81\xD0\xBB\xD0\xBE\xD1\x82\xD0\xB0 \xD0\xBF\xD1\x83\xD1\x81\xD1\x82\xD1\x8B",
        "!\xEB\xB0\xB1\xEC\x97\x85\xED\x95\xA0 \xEB\x82\xB4\xEC\x9A\xA9\xEC\x9D\xB4 \xEC\x97\x86\xEC\x8A\xB5\xEB\x8B\x88\xEB\x8B\xA4: \xEC\x84\xB8 \xEC\x8A\xAC\xEB\xA1\xAF\xEC\x9D\xB4 \xEB\xAA\xA8\xEB\x91\x90 \xEB\xB9\x84\xEC\x96\xB4 \xEC\x9E\x88\xEC\x8A\xB5\xEB\x8B\x88\xEB\x8B\xA4",
        "!\xE3\x83\x90\xE3\x83\x83\xE3\x82\xAF\xE3\x82\xA2\xE3\x83\x83\xE3\x83\x97\xE3\x81\x99\xE3\x82\x8B\xE3\x82\x82\xE3\x81\xAE\xE3\x81\x8C\xE3\x81\x82\xE3\x82\x8A\xE3\x81\xBE\xE3\x81\x9B\xE3\x82\x93\xEF\xBC\x9A" "3\xE3\x82\xB9\xE3\x83\xAD\xE3\x83\x83\xE3\x83\x88\xE3\x81\xA8\xE3\x82\x82\xE7\xA9\xBA\xE3\x81\xA7\xE3\x81\x99",
        "!\xE6\xB2\xA1\xE6\x9C\x89\xE5\x8F\xAF\xE5\xA4\x87\xE4\xBB\xBD\xE7\x9A\x84\xE5\x86\x85\xE5\xAE\xB9\xEF\xBC\x9A\xE4\xB8\x89\xE4\xB8\xAA\xE6\xA0\x8F\xE4\xBD\x8D\xE9\x83\xBD\xE6\x98\xAF\xE7\xA9\xBA\xE7\x9A\x84",
    },
    { // SS_DEFAULT_NAME
        "Backup %02d",
        "Copia %02d",
        "Copie %02d",
        "Backup %02d",
        "Backup %02d",
        "Backup %02d",
        "\xD0\x9A\xD0\xBE\xD0\xBF\xD0\xB8\xD1\x8F %02d",
        "\xEB\xB0\xB1\xEC\x97\x85 %02d",
        "\xE3\x83\x90\xE3\x83\x83\xE3\x82\xAF\xE3\x82\xA2\xE3\x83\x83\xE3\x83\x97 %02d",
        "\xE5\xA4\x87\xE4\xBB\xBD %02d",
    },
    { // AUTO_HEADER
        "Auto saves (taken each time you are back in the warehouse after a run is settled; 3 at most, the oldest is replaced; load or export only)",
        "Autoguardados (se crean al volver a la casa tras liquidar una partida; m\xC3\xA1ximo 3, se reemplaza el m\xC3\xA1s antiguo; solo cargar o exportar)",
        "Sauvegardes automatiques (faites au retour \xC3\xA0 la maison apr\xC3\xA8s le bilan d'une partie ; 3 au plus, la plus ancienne est remplac\xC3\xA9" "e ; chargement ou export seulement)",
        "Automatische Sicherungen (jedes Mal, wenn du nach der Abrechnung eines Laufs wieder im Haus bist; h\xC3\xB6" "chstens 3, die \xC3\xA4lteste wird ersetzt; nur laden oder exportieren)",
        "Salvataggi automatici (creati al ritorno a casa dopo il resoconto di una partita; al massimo 3, il pi\xC3\xB9 vecchio viene sostituito; solo carica o esporta)",
        "Saves autom\xC3\xA1ticos (criados ao voltar para casa depois de encerrar uma partida; no m\xC3\xA1ximo 3, o mais antigo \xC3\xA9 substitu\xC3\xAD" "do; s\xC3\xB3 carregar ou exportar)",
        "\xD0\x90\xD0\xB2\xD1\x82\xD0\xBE\xD1\x81\xD0\xBE\xD1\x85\xD1\x80\xD0\xB0\xD0\xBD\xD0\xB5\xD0\xBD\xD0\xB8\xD1\x8F (\xD1\x81\xD0\xBE\xD0\xB7\xD0\xB4\xD0\xB0\xD1\x8E\xD1\x82\xD1\x81\xD1\x8F \xD0\xBF\xD1\x80\xD0\xB8 \xD0\xB2\xD0\xBE\xD0\xB7\xD0\xB2\xD1\x80\xD0\xB0\xD1\x89\xD0\xB5\xD0\xBD\xD0\xB8\xD0\xB8 \xD0\xB2 \xD0\xB4\xD0\xBE\xD0\xBC \xD0\xBF\xD0\xBE\xD1\x81\xD0\xBB\xD0\xB5 \xD0\xBF\xD0\xBE\xD0\xB4\xD0\xB2\xD0\xB5\xD0\xB4\xD0\xB5\xD0\xBD\xD0\xB8\xD1\x8F \xD0\xB8\xD1\x82\xD0\xBE\xD0\xB3\xD0\xBE\xD0\xB2 \xD0\xB7\xD0\xB0\xD0\xB1\xD0\xB5\xD0\xB3\xD0\xB0; \xD0\xBD\xD0\xB5 \xD0\xB1\xD0\xBE\xD0\xBB\xD0\xB5\xD0\xB5 3, \xD1\x81\xD0\xB0\xD0\xBC\xD0\xBE\xD0\xB5 \xD1\x81\xD1\x82\xD0\xB0\xD1\x80\xD0\xBE\xD0\xB5 \xD0\xB7\xD0\xB0\xD0\xBC\xD0\xB5\xD0\xBD\xD1\x8F\xD0\xB5\xD1\x82\xD1\x81\xD1\x8F; \xD1\x82\xD0\xBE\xD0\xBB\xD1\x8C\xD0\xBA\xD0\xBE \xD0\xB7\xD0\xB0\xD0\xB3\xD1\x80\xD1\x83\xD0\xB7\xD0\xBA\xD0\xB0 \xD0\xB8\xD0\xBB\xD0\xB8 \xD1\x8D\xD0\xBA\xD1\x81\xD0\xBF\xD0\xBE\xD1\x80\xD1\x82)",
        "\xEC\x9E\x90\xEB\x8F\x99 \xEC\xA0\x80\xEC\x9E\xA5 (\xEA\xB2\xB0\xEC\x82\xB0\xEC\x9D\xB4 \xEB\x81\x9D\xEB\x82\x98 \xEC\xA7\x91\xEC\x9C\xBC\xEB\xA1\x9C \xEB\x8F\x8C\xEC\x95\x84\xEC\x98\xAC \xEB\x95\x8C\xEB\xA7\x88\xEB\x8B\xA4 \xEC\xA0\x80\xEC\x9E\xA5\xEB\x90\x98\xEB\xA9\xB0 \xEC\xB5\x9C\xEB\x8C\x80 3\xEA\xB0\x9C, \xEA\xB0\x80\xEC\x9E\xA5 \xEC\x98\xA4\xEB\x9E\x98\xEB\x90\x9C \xEA\xB2\x83\xEC\x9D\x80 \xEA\xB5\x90\xEC\xB2\xB4\xEB\x90\xA9\xEB\x8B\x88\xEB\x8B\xA4. \xEB\xB6\x88\xEB\x9F\xAC\xEC\x98\xA4\xEA\xB8\xB0\xEC\x99\x80 \xEB\x82\xB4\xEB\xB3\xB4\xEB\x82\xB4\xEA\xB8\xB0\xEB\xA7\x8C \xEA\xB0\x80\xEB\x8A\xA5)",
        "\xE3\x82\xAA\xE3\x83\xBC\xE3\x83\x88\xE3\x82\xBB\xE3\x83\xBC\xE3\x83\x96\xEF\xBC\x88\xE7\xB2\xBE\xE7\xAE\x97\xE5\xBE\x8C\xE3\x81\xAB\xE3\x83\x8F\xE3\x82\xA6\xE3\x82\xB9\xE3\x81\xB8\xE6\x88\xBB\xE3\x82\x8B\xE3\x81\x9F\xE3\x81\xB3\xE3\x81\xAB\xE4\xBF\x9D\xE5\xAD\x98\xE3\x80\x82\xE6\x9C\x80\xE5\xA4\xA7" "3\xE4\xBB\xB6\xE3\x81\xA7\xE3\x80\x81\xE6\x9C\x80\xE3\x82\x82\xE5\x8F\xA4\xE3\x81\x84\xE3\x82\x82\xE3\x81\xAE\xE3\x81\x8C\xE7\xBD\xAE\xE3\x81\x8D\xE6\x8F\x9B\xE3\x81\x88\xE3\x82\x89\xE3\x82\x8C\xE3\x81\xBE\xE3\x81\x99\xE3\x80\x82\xE8\xAA\xAD\xE3\x81\xBF\xE8\xBE\xBC\xE3\x81\xBF\xE3\x81\xA8\xE6\x9B\xB8\xE3\x81\x8D\xE5\x87\xBA\xE3\x81\x97\xE3\x81\xAE\xE3\x81\xBF\xEF\xBC\x89",
        "\xE8\x87\xAA\xE5\x8A\xA8\xE5\xAD\x98\xE6\xA1\xA3\xEF\xBC\x88\xE6\xAF\x8F\xE6\xAC\xA1\xE7\xBB\x93\xE7\xAE\x97\xE5\xAE\x8C\xE6\x88\x90\xE5\x9B\x9E\xE5\x88\xB0\xE4\xBB\x93\xE5\xBA\x93\xE6\x97\xB6\xE5\xAD\x98\xE5\x85\xA5\xEF\xBC\x8C\xE6\x9C\x80\xE5\xA4\x9A 3 \xE4\xBB\xBD\xEF\xBC\x8C\xE6\xBB\xA1\xE4\xBA\x86\xE8\x87\xAA\xE5\x8A\xA8\xE6\x9B\xBF\xE6\x8D\xA2\xE6\x9C\x80\xE6\x97\xA7\xE7\x9A\x84\xEF\xBC\x9B\xE5\x8F\xAA\xE8\x83\xBD\xE8\xAF\xBB\xE5\x8F\x96\xE6\x88\x96\xE5\xAF\xBC\xE5\x87\xBA\xEF\xBC\x89",
    },
    { // AUTO_NAME
        "Auto save %s",
        "Autoguardado %s",
        "Sauvegarde auto %s",
        "Auto-Sicherung %s",
        "Salvataggio auto %s",
        "Save autom\xC3\xA1tico %s",
        "\xD0\x90\xD0\xB2\xD1\x82\xD0\xBE\xD1\x81\xD0\xBE\xD1\x85\xD1\x80\xD0\xB0\xD0\xBD\xD0\xB5\xD0\xBD\xD0\xB8\xD0\xB5 %s",
        "\xEC\x9E\x90\xEB\x8F\x99 \xEC\xA0\x80\xEC\x9E\xA5 %s",
        "\xE3\x82\xAA\xE3\x83\xBC\xE3\x83\x88\xE3\x82\xBB\xE3\x83\xBC\xE3\x83\x96 %s",
        "\xE8\x87\xAA\xE5\x8A\xA8\xE5\xAD\x98\xE6\xA1\xA3 %s",
    },
    { // SS_AUTO_SAVED
        "Auto save taken: %s",
        "Autoguardado creado: %s",
        "Sauvegarde auto faite : %s",
        "Automatische Sicherung angelegt: %s",
        "Salvataggio automatico creato: %s",
        "Save autom\xC3\xA1tico criado: %s",
        "\xD0\x90\xD0\xB2\xD1\x82\xD0\xBE\xD1\x81\xD0\xBE\xD1\x85\xD1\x80\xD0\xB0\xD0\xBD\xD0\xB5\xD0\xBD\xD0\xB8\xD0\xB5 \xD1\x81\xD0\xBE\xD0\xB7\xD0\xB4\xD0\xB0\xD0\xBD\xD0\xBE: %s",
        "\xEC\x9E\x90\xEB\x8F\x99 \xEC\xA0\x80\xEC\x9E\xA5 \xEC\x99\x84\xEB\xA3\x8C: %s",
        "\xE3\x82\xAA\xE3\x83\xBC\xE3\x83\x88\xE3\x82\xBB\xE3\x83\xBC\xE3\x83\x96\xE3\x81\x97\xE3\x81\xBE\xE3\x81\x97\xE3\x81\x9F\xEF\xBC\x9A%s",
        "\xE5\xB7\xB2\xE8\x87\xAA\xE5\x8A\xA8\xE5\xAD\x98\xE6\xA1\xA3\xEF\xBC\x9A%s",
    },
    { // SS_AUTO_LOADED
        "Loaded auto save %d: %s",
        "Cargado el autoguardado %d: %s",
        "Sauvegarde auto %d charg\xC3\xA9" "e : %s",
        "Automatische Sicherung %d geladen: %s",
        "Caricato il salvataggio automatico %d: %s",
        "Save autom\xC3\xA1tico %d carregado: %s",
        "\xD0\x97\xD0\xB0\xD0\xB3\xD1\x80\xD1\x83\xD0\xB6\xD0\xB5\xD0\xBD\xD0\xBE \xD0\xB0\xD0\xB2\xD1\x82\xD0\xBE\xD1\x81\xD0\xBE\xD1\x85\xD1\x80\xD0\xB0\xD0\xBD\xD0\xB5\xD0\xBD\xD0\xB8\xD0\xB5 %d: %s",
        "\xEC\x9E\x90\xEB\x8F\x99 \xEC\xA0\x80\xEC\x9E\xA5 %d \xEB\xB6\x88\xEB\x9F\xAC\xEC\x98\xB4: %s",
        "\xE3\x82\xAA\xE3\x83\xBC\xE3\x83\x88\xE3\x82\xBB\xE3\x83\xBC\xE3\x83\x96 %d \xE3\x82\x92\xE8\xAA\xAD\xE3\x81\xBF\xE8\xBE\xBC\xE3\x81\xBF\xE3\x81\xBE\xE3\x81\x97\xE3\x81\x9F\xEF\xBC\x9A%s",
        "\xE5\xB7\xB2\xE8\xAF\xBB\xE5\x8F\x96\xE8\x87\xAA\xE5\x8A\xA8\xE5\xAD\x98\xE6\xA1\xA3 %d\xEF\xBC\x9A%s",
    },
    { // SS_AUTO_EXPORTED
        "Exported auto save %d to: %s",
        "Autoguardado %d exportado a: %s",
        "Sauvegarde auto %d export\xC3\xA9" "e vers : %s",
        "Automatische Sicherung %d exportiert nach: %s",
        "Salvataggio automatico %d esportato in: %s",
        "Save autom\xC3\xA1tico %d exportado para: %s",
        "\xD0\x90\xD0\xB2\xD1\x82\xD0\xBE\xD1\x81\xD0\xBE\xD1\x85\xD1\x80\xD0\xB0\xD0\xBD\xD0\xB5\xD0\xBD\xD0\xB8\xD0\xB5 %d \xD1\x8D\xD0\xBA\xD1\x81\xD0\xBF\xD0\xBE\xD1\x80\xD1\x82\xD0\xB8\xD1\x80\xD0\xBE\xD0\xB2\xD0\xB0\xD0\xBD\xD0\xBE \xD0\xB2: %s",
        "\xEC\x9E\x90\xEB\x8F\x99 \xEC\xA0\x80\xEC\x9E\xA5 %d \xEB\x82\xB4\xEB\xB3\xB4\xEB\x83\x84: %s",
        "\xE3\x82\xAA\xE3\x83\xBC\xE3\x83\x88\xE3\x82\xBB\xE3\x83\xBC\xE3\x83\x96 %d \xE3\x82\x92\xE6\x9B\xB8\xE3\x81\x8D\xE5\x87\xBA\xE3\x81\x97\xE3\x81\xBE\xE3\x81\x97\xE3\x81\x9F\xEF\xBC\x9A%s",
        "\xE5\xB7\xB2\xE5\xAF\xBC\xE5\x87\xBA\xE8\x87\xAA\xE5\x8A\xA8\xE5\xAD\x98\xE6\xA1\xA3 %d \xE5\x88\xB0\xEF\xBC\x9A%s",
    },
    { // SS_SAVED_HS
        "Saved to position %d: %s (with %d handshake file(s))",
        "Guardado en la posici\xC3\xB3n %d: %s (con %d archivo(s) de sincronizaci\xC3\xB3n)",
        "Enregistr\xC3\xA9 en position %d : %s (avec %d fichier(s) de synchro)",
        "An Position %d gespeichert: %s (mit %d Sync-Datei(en))",
        "Salvato nella posizione %d: %s (con %d file sincronizzati)",
        "Salvo na posi\xC3\xA7\xC3\xA3o %d: %s (com %d arquivo(s) sincronizado(s))",
        "\xD0\xA1\xD0\xBE\xD1\x85\xD1\x80\xD0\xB0\xD0\xBD\xD0\xB5\xD0\xBD\xD0\xBE \xD0\xB2 \xD0\xBF\xD0\xBE\xD0\xB7\xD0\xB8\xD1\x86\xD0\xB8\xD1\x8E %d: %s (\xD1\x84\xD0\xB0\xD0\xB9\xD0\xBB\xD0\xBE\xD0\xB2 \xD1\x81\xD0\xB8\xD0\xBD\xD1\x85\xD1\x80\xD0\xBE\xD0\xBD\xD0\xB8\xD0\xB7\xD0\xB0\xD1\x86\xD0\xB8\xD0\xB8: %d)",
        "\xEC\x9C\x84\xEC\xB9\x98 %d\xEC\x97\x90 \xEC\xA0\x80\xEC\x9E\xA5: %s (\xEB\x8F\x99\xEA\xB8\xB0\xED\x99\x94 \xED\x8C\x8C\xEC\x9D\xBC %d\xEA\xB0\x9C \xED\x8F\xAC\xED\x95\xA8)",
        "\xE4\xBD\x8D\xE7\xBD\xAE %d \xE3\x81\xAB\xE4\xBF\x9D\xE5\xAD\x98\xE3\x81\x97\xE3\x81\xBE\xE3\x81\x97\xE3\x81\x9F\xEF\xBC\x9A%s\xEF\xBC\x88\xE5\x90\x8C\xE6\x9C\x9F\xE3\x83\x95\xE3\x82\xA1\xE3\x82\xA4\xE3\x83\xAB %d \xE5\x80\x8B\xE3\x82\x92\xE5\x90\xAB\xE3\x82\x80\xEF\xBC\x89",
        "\xE5\xB7\xB2\xE4\xBF\x9D\xE5\xAD\x98\xE5\x88\xB0\xE4\xBD\x8D\xE7\xBD\xAE %d\xEF\xBC\x9A%s\xEF\xBC\x88\xE5\x90\xAB %d \xE4\xB8\xAA\xE6\x8F\xA1\xE6\x89\x8B\xE5\xAD\x98\xE6\xA1\xA3\xE6\x96\x87\xE4\xBB\xB6\xEF\xBC\x89",
    },
    { // SS_SAVED
        "Saved to position %d: %s",
        "Guardado en la posici\xC3\xB3n %d: %s",
        "Enregistr\xC3\xA9 en position %d : %s",
        "An Position %d gespeichert: %s",
        "Salvato nella posizione %d: %s",
        "Salvo na posi\xC3\xA7\xC3\xA3o %d: %s",
        "\xD0\xA1\xD0\xBE\xD1\x85\xD1\x80\xD0\xB0\xD0\xBD\xD0\xB5\xD0\xBD\xD0\xBE \xD0\xB2 \xD0\xBF\xD0\xBE\xD0\xB7\xD0\xB8\xD1\x86\xD0\xB8\xD1\x8E %d: %s",
        "\xEC\x9C\x84\xEC\xB9\x98 %d\xEC\x97\x90 \xEC\xA0\x80\xEC\x9E\xA5: %s",
        "\xE4\xBD\x8D\xE7\xBD\xAE %d \xE3\x81\xAB\xE4\xBF\x9D\xE5\xAD\x98\xE3\x81\x97\xE3\x81\xBE\xE3\x81\x97\xE3\x81\x9F\xEF\xBC\x9A%s",
        "\xE5\xB7\xB2\xE4\xBF\x9D\xE5\xAD\x98\xE5\x88\xB0\xE4\xBD\x8D\xE7\xBD\xAE %d\xEF\xBC\x9A%s",
    },
    { // SS_EMPTY_POS
        "!Position %d is empty",
        "!La posici\xC3\xB3n %d est\xC3\xA1 vac\xC3\xAD" "a",
        "!La position %d est vide",
        "!Position %d ist leer",
        "!La posizione %d \xC3\xA8 vuota",
        "!A posi\xC3\xA7\xC3\xA3o %d est\xC3\xA1 vazia",
        "!\xD0\x9F\xD0\xBE\xD0\xB7\xD0\xB8\xD1\x86\xD0\xB8\xD1\x8F %d \xD0\xBF\xD1\x83\xD1\x81\xD1\x82\xD0\xB0",
        "!\xEC\x9C\x84\xEC\xB9\x98 %d\xEC\x9D\x80(\xEB\x8A\x94) \xEB\xB9\x84\xEC\x96\xB4 \xEC\x9E\x88\xEC\x8A\xB5\xEB\x8B\x88\xEB\x8B\xA4",
        "!\xE4\xBD\x8D\xE7\xBD\xAE %d \xE3\x81\xAF\xE7\xA9\xBA\xE3\x81\xA7\xE3\x81\x99",
        "!\xE4\xBD\x8D\xE7\xBD\xAE %d \xE6\x98\xAF\xE7\xA9\xBA\xE7\x9A\x84",
    },
    { // SS_UNDO_NAME
        "Automatic backup before loading",
        "Copia autom\xC3\xA1tica antes de cargar",
        "Copie automatique avant chargement",
        "Automatisches Backup vor dem Laden",
        "Backup automatico prima del caricamento",
        "Backup autom\xC3\xA1tico antes de carregar",
        "\xD0\x90\xD0\xB2\xD1\x82\xD0\xBE\xD0\xBA\xD0\xBE\xD0\xBF\xD0\xB8\xD1\x8F \xD0\xBF\xD0\xB5\xD1\x80\xD0\xB5\xD0\xB4 \xD0\xB7\xD0\xB0\xD0\xB3\xD1\x80\xD1\x83\xD0\xB7\xD0\xBA\xD0\xBE\xD0\xB9",
        "\xEB\xB6\x88\xEB\x9F\xAC\xEC\x98\xA4\xEA\xB8\xB0 \xEC\xA0\x84 \xEC\x9E\x90\xEB\x8F\x99 \xEB\xB0\xB1\xEC\x97\x85",
        "\xE8\xAA\xAD\xE3\x81\xBF\xE8\xBE\xBC\xE3\x81\xBF\xE5\x89\x8D\xE3\x81\xAE\xE8\x87\xAA\xE5\x8B\x95\xE3\x83\x90\xE3\x83\x83\xE3\x82\xAF\xE3\x82\xA2\xE3\x83\x83\xE3\x83\x97",
        "\xE8\xAF\xBB\xE5\x8F\x96\xE5\x89\x8D\xE8\x87\xAA\xE5\x8A\xA8\xE5\xA4\x87\xE4\xBB\xBD",
    },
    { // SS_LOADED_HS
        "Loaded position %d: %s (with %d handshake file(s))",
        "Cargada la posici\xC3\xB3n %d: %s (con %d archivo(s) de sincronizaci\xC3\xB3n)",
        "Position %d charg\xC3\xA9" "e : %s (avec %d fichier(s) de synchro)",
        "Position %d geladen: %s (mit %d Sync-Datei(en))",
        "Caricata la posizione %d: %s (con %d file sincronizzati)",
        "Posi\xC3\xA7\xC3\xA3o %d carregada: %s (com %d arquivo(s) sincronizado(s))",
        "\xD0\x97\xD0\xB0\xD0\xB3\xD1\x80\xD1\x83\xD0\xB6\xD0\xB5\xD0\xBD\xD0\xB0 \xD0\xBF\xD0\xBE\xD0\xB7\xD0\xB8\xD1\x86\xD0\xB8\xD1\x8F %d: %s (\xD1\x84\xD0\xB0\xD0\xB9\xD0\xBB\xD0\xBE\xD0\xB2 \xD1\x81\xD0\xB8\xD0\xBD\xD1\x85\xD1\x80\xD0\xBE\xD0\xBD\xD0\xB8\xD0\xB7\xD0\xB0\xD1\x86\xD0\xB8\xD0\xB8: %d)",
        "\xEC\x9C\x84\xEC\xB9\x98 %d \xEB\xB6\x88\xEB\x9F\xAC\xEC\x98\xB4: %s (\xEB\x8F\x99\xEA\xB8\xB0\xED\x99\x94 \xED\x8C\x8C\xEC\x9D\xBC %d\xEA\xB0\x9C \xED\x8F\xAC\xED\x95\xA8)",
        "\xE4\xBD\x8D\xE7\xBD\xAE %d \xE3\x82\x92\xE8\xAA\xAD\xE3\x81\xBF\xE8\xBE\xBC\xE3\x81\xBF\xE3\x81\xBE\xE3\x81\x97\xE3\x81\x9F\xEF\xBC\x9A%s\xEF\xBC\x88\xE5\x90\x8C\xE6\x9C\x9F\xE3\x83\x95\xE3\x82\xA1\xE3\x82\xA4\xE3\x83\xAB %d \xE5\x80\x8B\xE3\x82\x92\xE5\x90\xAB\xE3\x82\x80\xEF\xBC\x89",
        "\xE5\xB7\xB2\xE8\xAF\xBB\xE5\x8F\x96\xE4\xBD\x8D\xE7\xBD\xAE %d\xEF\xBC\x9A%s\xEF\xBC\x88\xE5\x90\xAB %d \xE4\xB8\xAA\xE6\x8F\xA1\xE6\x89\x8B\xE5\xAD\x98\xE6\xA1\xA3\xE6\x96\x87\xE4\xBB\xB6\xEF\xBC\x89",
    },
    { // SS_LOADED
        "Loaded position %d: %s",
        "Cargada la posici\xC3\xB3n %d: %s",
        "Position %d charg\xC3\xA9" "e : %s",
        "Position %d geladen: %s",
        "Caricata la posizione %d: %s",
        "Posi\xC3\xA7\xC3\xA3o %d carregada: %s",
        "\xD0\x97\xD0\xB0\xD0\xB3\xD1\x80\xD1\x83\xD0\xB6\xD0\xB5\xD0\xBD\xD0\xB0 \xD0\xBF\xD0\xBE\xD0\xB7\xD0\xB8\xD1\x86\xD0\xB8\xD1\x8F %d: %s",
        "\xEC\x9C\x84\xEC\xB9\x98 %d \xEB\xB6\x88\xEB\x9F\xAC\xEC\x98\xB4: %s",
        "\xE4\xBD\x8D\xE7\xBD\xAE %d \xE3\x82\x92\xE8\xAA\xAD\xE3\x81\xBF\xE8\xBE\xBC\xE3\x81\xBF\xE3\x81\xBE\xE3\x81\x97\xE3\x81\x9F\xEF\xBC\x9A%s",
        "\xE5\xB7\xB2\xE8\xAF\xBB\xE5\x8F\x96\xE4\xBD\x8D\xE7\xBD\xAE %d\xEF\xBC\x9A%s",
    },
    { // SS_ALREADY_EMPTY
        "!Position %d is already empty",
        "!La posici\xC3\xB3n %d ya est\xC3\xA1 vac\xC3\xAD" "a",
        "!La position %d est d\xC3\xA9j\xC3\xA0 vide",
        "!Position %d ist bereits leer",
        "!La posizione %d \xC3\xA8 gi\xC3\xA0 vuota",
        "!A posi\xC3\xA7\xC3\xA3o %d j\xC3\xA1 est\xC3\xA1 vazia",
        "!\xD0\x9F\xD0\xBE\xD0\xB7\xD0\xB8\xD1\x86\xD0\xB8\xD1\x8F %d \xD1\x83\xD0\xB6\xD0\xB5 \xD0\xBF\xD1\x83\xD1\x81\xD1\x82\xD0\xB0",
        "!\xEC\x9C\x84\xEC\xB9\x98 %d\xEC\x9D\x80(\xEB\x8A\x94) \xEC\x9D\xB4\xEB\xAF\xB8 \xEB\xB9\x84\xEC\x96\xB4 \xEC\x9E\x88\xEC\x8A\xB5\xEB\x8B\x88\xEB\x8B\xA4",
        "!\xE4\xBD\x8D\xE7\xBD\xAE %d \xE3\x81\xAF\xE3\x81\x99\xE3\x81\xA7\xE3\x81\xAB\xE7\xA9\xBA\xE3\x81\xA7\xE3\x81\x99",
        "!\xE4\xBD\x8D\xE7\xBD\xAE %d \xE5\xB7\xB2\xE7\xBB\x8F\xE6\x98\xAF\xE7\xA9\xBA\xE7\x9A\x84",
    },
    { // SS_DELETE_FAIL
        "!Could not delete position %d",
        "!No se pudo borrar la posici\xC3\xB3n %d",
        "!Impossible de supprimer la position %d",
        "!Position %d nicht l\xC3\xB6schbar",
        "!Impossibile eliminare la posizione %d",
        "!N\xC3\xA3o foi poss\xC3\xADvel excluir a posi\xC3\xA7\xC3\xA3o %d",
        "!\xD0\x9D\xD0\xB5 \xD1\x83\xD0\xB4\xD0\xB0\xD0\xBB\xD0\xBE\xD1\x81\xD1\x8C \xD1\x83\xD0\xB4\xD0\xB0\xD0\xBB\xD0\xB8\xD1\x82\xD1\x8C \xD0\xBF\xD0\xBE\xD0\xB7\xD0\xB8\xD1\x86\xD0\xB8\xD1\x8E %d",
        "!\xEC\x9C\x84\xEC\xB9\x98 %d\xEC\x9D\x84(\xEB\xA5\xBC) \xEC\x82\xAD\xEC\xA0\x9C\xED\x95\xA0 \xEC\x88\x98 \xEC\x97\x86\xEC\x8A\xB5\xEB\x8B\x88\xEB\x8B\xA4",
        "!\xE4\xBD\x8D\xE7\xBD\xAE %d \xE3\x82\x92\xE5\x89\x8A\xE9\x99\xA4\xE3\x81\xA7\xE3\x81\x8D\xE3\x81\xBE\xE3\x81\x9B\xE3\x82\x93",
        "!\xE6\x97\xA0\xE6\xB3\x95\xE5\x88\xA0\xE9\x99\xA4\xE4\xBD\x8D\xE7\xBD\xAE %d",
    },
    { // SS_DELETED
        "Deleted position %d",
        "Posici\xC3\xB3n %d borrada",
        "Position %d supprim\xC3\xA9" "e",
        "Position %d gel\xC3\xB6scht",
        "Posizione %d eliminata",
        "Posi\xC3\xA7\xC3\xA3o %d exclu\xC3\xAD" "da",
        "\xD0\x9F\xD0\xBE\xD0\xB7\xD0\xB8\xD1\x86\xD0\xB8\xD1\x8F %d \xD1\x83\xD0\xB4\xD0\xB0\xD0\xBB\xD0\xB5\xD0\xBD\xD0\xB0",
        "\xEC\x9C\x84\xEC\xB9\x98 %d \xEC\x82\xAD\xEC\xA0\x9C\xEB\x90\xA8",
        "\xE4\xBD\x8D\xE7\xBD\xAE %d \xE3\x82\x92\xE5\x89\x8A\xE9\x99\xA4\xE3\x81\x97\xE3\x81\xBE\xE3\x81\x97\xE3\x81\x9F",
        "\xE5\xB7\xB2\xE5\x88\xA0\xE9\x99\xA4\xE4\xBD\x8D\xE7\xBD\xAE %d",
    },
    { // SS_NAME_EMPTY
        "!The name cannot be empty",
        "!El nombre no puede estar vac\xC3\xADo",
        "!Le nom ne peut pas \xC3\xAAtre vide",
        "!Der Name darf nicht leer sein",
        "!Il nome non pu\xC3\xB2 essere vuoto",
        "!O nome n\xC3\xA3o pode ficar vazio",
        "!\xD0\x98\xD0\xBC\xD1\x8F \xD0\xBD\xD0\xB5 \xD0\xBC\xD0\xBE\xD0\xB6\xD0\xB5\xD1\x82 \xD0\xB1\xD1\x8B\xD1\x82\xD1\x8C \xD0\xBF\xD1\x83\xD1\x81\xD1\x82\xD1\x8B\xD0\xBC",
        "!\xEC\x9D\xB4\xEB\xA6\x84\xEC\x9D\x80 \xEB\xB9\x84\xEC\x9B\x8C \xEB\x91\x98 \xEC\x88\x98 \xEC\x97\x86\xEC\x8A\xB5\xEB\x8B\x88\xEB\x8B\xA4",
        "!\xE5\x90\x8D\xE5\x89\x8D\xE3\x81\xAF\xE7\xA9\xBA\xE3\x81\xAB\xE3\x81\xA7\xE3\x81\x8D\xE3\x81\xBE\xE3\x81\x9B\xE3\x82\x93",
        "!\xE5\x90\x8D\xE7\xA7\xB0\xE4\xB8\x8D\xE8\x83\xBD\xE4\xB8\xBA\xE7\xA9\xBA",
    },
    { // SS_RENAME_FAIL
        "!Could not write the new name",
        "!No se pudo escribir el nuevo nombre",
        "!Impossible d'\xC3\xA9" "crire le nouveau nom",
        "!Neuer Name nicht schreibbar",
        "!Impossibile scrivere il nuovo nome",
        "!N\xC3\xA3o foi poss\xC3\xADvel gravar o novo nome",
        "!\xD0\x9D\xD0\xB5 \xD1\x83\xD0\xB4\xD0\xB0\xD0\xBB\xD0\xBE\xD1\x81\xD1\x8C \xD0\xB7\xD0\xB0\xD0\xBF\xD0\xB8\xD1\x81\xD0\xB0\xD1\x82\xD1\x8C \xD0\xBD\xD0\xBE\xD0\xB2\xD0\xBE\xD0\xB5 \xD0\xB8\xD0\xBC\xD1\x8F",
        "!\xEC\x83\x88 \xEC\x9D\xB4\xEB\xA6\x84\xEC\x9D\x84 \xEC\x93\xB8 \xEC\x88\x98 \xEC\x97\x86\xEC\x8A\xB5\xEB\x8B\x88\xEB\x8B\xA4",
        "!\xE6\x96\xB0\xE3\x81\x97\xE3\x81\x84\xE5\x90\x8D\xE5\x89\x8D\xE3\x82\x92\xE6\x9B\xB8\xE3\x81\x8D\xE8\xBE\xBC\xE3\x82\x81\xE3\x81\xBE\xE3\x81\x9B\xE3\x82\x93",
        "!\xE6\x97\xA0\xE6\xB3\x95\xE5\x86\x99\xE5\x85\xA5\xE6\x96\xB0\xE5\x90\x8D\xE7\xA7\xB0",
    },
    { // SS_RENAMED
        "Renamed position %d: %s",
        "Posici\xC3\xB3n %d renombrada: %s",
        "Position %d renomm\xC3\xA9" "e : %s",
        "Position %d umbenannt: %s",
        "Posizione %d rinominata: %s",
        "Posi\xC3\xA7\xC3\xA3o %d renomeada: %s",
        "\xD0\x9F\xD0\xBE\xD0\xB7\xD0\xB8\xD1\x86\xD0\xB8\xD1\x8F %d \xD0\xBF\xD0\xB5\xD1\x80\xD0\xB5\xD0\xB8\xD0\xBC\xD0\xB5\xD0\xBD\xD0\xBE\xD0\xB2\xD0\xB0\xD0\xBD\xD0\xB0: %s",
        "\xEC\x9C\x84\xEC\xB9\x98 %d \xEC\x9D\xB4\xEB\xA6\x84 \xEB\xB3\x80\xEA\xB2\xBD: %s",
        "\xE4\xBD\x8D\xE7\xBD\xAE %d \xE3\x81\xAE\xE5\x90\x8D\xE5\x89\x8D\xE3\x82\x92\xE5\xA4\x89\xE6\x9B\xB4\xE3\x81\x97\xE3\x81\xBE\xE3\x81\x97\xE3\x81\x9F\xEF\xBC\x9A%s",
        "\xE5\xB7\xB2\xE9\x87\x8D\xE5\x91\xBD\xE5\x90\x8D\xE4\xBD\x8D\xE7\xBD\xAE %d\xEF\xBC\x9A%s",
    },
    { // SS_NO_UNDO
        "!There is no load to undo",
        "!No hay ninguna carga que deshacer",
        "!Aucun chargement \xC3\xA0 annuler",
        "!Kein Laden zum R\xC3\xBC" "ckg\xC3\xA4ngigmachen",
        "!Nessun caricamento da annullare",
        "!N\xC3\xA3o h\xC3\xA1 carregamento para desfazer",
        "!\xD0\x9D\xD0\xB5\xD1\x87\xD0\xB5\xD0\xB3\xD0\xBE \xD0\xBE\xD1\x82\xD0\xBC\xD0\xB5\xD0\xBD\xD1\x8F\xD1\x82\xD1\x8C",
        "!\xEC\xB7\xA8\xEC\x86\x8C\xED\x95\xA0 \xEB\xB6\x88\xEB\x9F\xAC\xEC\x98\xA4\xEA\xB8\xB0\xEA\xB0\x80 \xEC\x97\x86\xEC\x8A\xB5\xEB\x8B\x88\xEB\x8B\xA4",
        "!\xE5\x8F\x96\xE3\x82\x8A\xE6\xB6\x88\xE3\x81\x9B\xE3\x82\x8B\xE8\xAA\xAD\xE3\x81\xBF\xE8\xBE\xBC\xE3\x81\xBF\xE3\x81\x8C\xE3\x81\x82\xE3\x82\x8A\xE3\x81\xBE\xE3\x81\x9B\xE3\x82\x93",
        "!\xE6\xB2\xA1\xE6\x9C\x89\xE5\x8F\xAF\xE6\x92\xA4\xE9\x94\x80\xE7\x9A\x84\xE8\xAF\xBB\xE5\x8F\x96",
    },
    { // SS_UNDONE
        "Restored the saves from before the last load",
        "Restauradas las partidas anteriores a la \xC3\xBAltima carga",
        "Sauvegardes d'avant le dernier chargement restaur\xC3\xA9" "es",
        "Spielst\xC3\xA4nde vor dem letzten Laden wiederhergestellt",
        "Ripristinati i salvataggi precedenti all'ultimo caricamento",
        "Saves anteriores ao \xC3\xBAltimo carregamento restaurados",
        "\xD0\x92\xD0\xBE\xD1\x81\xD1\x81\xD1\x82\xD0\xB0\xD0\xBD\xD0\xBE\xD0\xB2\xD0\xBB\xD0\xB5\xD0\xBD\xD1\x8B \xD1\x81\xD0\xBE\xD1\x85\xD1\x80\xD0\xB0\xD0\xBD\xD0\xB5\xD0\xBD\xD0\xB8\xD1\x8F \xD0\xB4\xD0\xBE \xD0\xBF\xD0\xBE\xD1\x81\xD0\xBB\xD0\xB5\xD0\xB4\xD0\xBD\xD0\xB5\xD0\xB9 \xD0\xB7\xD0\xB0\xD0\xB3\xD1\x80\xD1\x83\xD0\xB7\xD0\xBA\xD0\xB8",
        "\xEB\xA7\x88\xEC\xA7\x80\xEB\xA7\x89 \xEB\xB6\x88\xEB\x9F\xAC\xEC\x98\xA4\xEA\xB8\xB0 \xEC\xA0\x84\xEC\x9D\x98 \xEC\xA0\x80\xEC\x9E\xA5\xEC\x9C\xBC\xEB\xA1\x9C \xEB\x90\x98\xEB\x8F\x8C\xEB\xA0\xB8\xEC\x8A\xB5\xEB\x8B\x88\xEB\x8B\xA4",
        "\xE5\x89\x8D\xE5\x9B\x9E\xE3\x81\xAE\xE8\xAA\xAD\xE3\x81\xBF\xE8\xBE\xBC\xE3\x81\xBF\xE5\x89\x8D\xE3\x81\xAE\xE3\x82\xBB\xE3\x83\xBC\xE3\x83\x96\xE3\x81\xAB\xE6\x88\xBB\xE3\x81\x97\xE3\x81\xBE\xE3\x81\x97\xE3\x81\x9F",
        "\xE5\xB7\xB2\xE8\xBF\x98\xE5\x8E\x9F\xE4\xB8\x8A\xE6\xAC\xA1\xE8\xAF\xBB\xE5\x8F\x96\xE5\x89\x8D\xE7\x9A\x84\xE5\xAD\x98\xE6\xA1\xA3",
    },
    { // SS_EXPORTED
        "Exported position %d: %ls",
        "Posici\xC3\xB3n %d exportada: %ls",
        "Position %d export\xC3\xA9" "e : %ls",
        "Position %d exportiert: %ls",
        "Posizione %d esportata: %ls",
        "Posi\xC3\xA7\xC3\xA3o %d exportada: %ls",
        "\xD0\x9F\xD0\xBE\xD0\xB7\xD0\xB8\xD1\x86\xD0\xB8\xD1\x8F %d \xD1\x8D\xD0\xBA\xD1\x81\xD0\xBF\xD0\xBE\xD1\x80\xD1\x82\xD0\xB8\xD1\x80\xD0\xBE\xD0\xB2\xD0\xB0\xD0\xBD\xD0\xB0: %ls",
        "\xEC\x9C\x84\xEC\xB9\x98 %d \xEB\x82\xB4\xEB\xB3\xB4\xEB\x83\x84: %ls",
        "\xE4\xBD\x8D\xE7\xBD\xAE %d \xE3\x82\x92\xE6\x9B\xB8\xE3\x81\x8D\xE5\x87\xBA\xE3\x81\x97\xE3\x81\xBE\xE3\x81\x97\xE3\x81\x9F\xEF\xBC\x9A%ls",
        "\xE5\xB7\xB2\xE5\xAF\xBC\xE5\x87\xBA\xE4\xBD\x8D\xE7\xBD\xAE %d\xEF\xBC\x9A%ls",
    },
    { // SS_EXPORT_FAIL
        "!Could not write the export file %ls",
        "!No se pudo escribir el archivo %ls",
        "!Impossible d'\xC3\xA9" "crire le fichier %ls",
        "!Exportdatei %ls nicht schreibbar",
        "!Impossibile scrivere il file %ls",
        "!N\xC3\xA3o foi poss\xC3\xADvel gravar o arquivo %ls",
        "!\xD0\x9D\xD0\xB5 \xD1\x83\xD0\xB4\xD0\xB0\xD0\xBB\xD0\xBE\xD1\x81\xD1\x8C \xD0\xB7\xD0\xB0\xD0\xBF\xD0\xB8\xD1\x81\xD0\xB0\xD1\x82\xD1\x8C \xD1\x84\xD0\xB0\xD0\xB9\xD0\xBB %ls",
        "!\xEB\x82\xB4\xEB\xB3\xB4\xEB\x82\xB4\xEA\xB8\xB0 \xED\x8C\x8C\xEC\x9D\xBC %ls\xEC\x9D\x84(\xEB\xA5\xBC) \xEC\x93\xB8 \xEC\x88\x98 \xEC\x97\x86\xEC\x8A\xB5\xEB\x8B\x88\xEB\x8B\xA4",
        "!\xE6\x9B\xB8\xE3\x81\x8D\xE5\x87\xBA\xE3\x81\x97\xE3\x83\x95\xE3\x82\xA1\xE3\x82\xA4\xE3\x83\xAB %ls \xE3\x82\x92\xE6\x9B\xB8\xE3\x81\x8D\xE8\xBE\xBC\xE3\x82\x81\xE3\x81\xBE\xE3\x81\x9B\xE3\x82\x93",
        "!\xE6\x97\xA0\xE6\xB3\x95\xE5\x86\x99\xE5\x85\xA5\xE5\xAF\xBC\xE5\x87\xBA\xE6\x96\x87\xE4\xBB\xB6 %ls",
    },
    { // SS_IMPORT_BAD
        "!Not a valid save backup file: %ls",
        "!No es un archivo de copia v\xC3\xA1lido: %ls",
        "!Ce n'est pas un fichier de sauvegarde valide : %ls",
        "!Keine g\xC3\xBCltige Backup-Datei: %ls",
        "!Non \xC3\xA8 un file di backup valido: %ls",
        "!N\xC3\xA3o \xC3\xA9 um arquivo de backup v\xC3\xA1lido: %ls",
        "!\xD0\xAD\xD1\x82\xD0\xBE \xD0\xBD\xD0\xB5 \xD1\x84\xD0\xB0\xD0\xB9\xD0\xBB \xD1\x80\xD0\xB5\xD0\xB7\xD0\xB5\xD1\x80\xD0\xB2\xD0\xBD\xD0\xBE\xD0\xB9 \xD0\xBA\xD0\xBE\xD0\xBF\xD0\xB8\xD0\xB8: %ls",
        "!\xEC\x98\xAC\xEB\xB0\x94\xEB\xA5\xB8 \xEC\xA0\x80\xEC\x9E\xA5 \xEB\xB0\xB1\xEC\x97\x85 \xED\x8C\x8C\xEC\x9D\xBC\xEC\x9D\xB4 \xEC\x95\x84\xEB\x8B\x99\xEB\x8B\x88\xEB\x8B\xA4: %ls",
        "!\xE6\x9C\x89\xE5\x8A\xB9\xE3\x81\xAA\xE3\x83\x90\xE3\x83\x83\xE3\x82\xAF\xE3\x82\xA2\xE3\x83\x83\xE3\x83\x97\xE3\x83\x95\xE3\x82\xA1\xE3\x82\xA4\xE3\x83\xAB\xE3\x81\xA7\xE3\x81\xAF\xE3\x81\x82\xE3\x82\x8A\xE3\x81\xBE\xE3\x81\x9B\xE3\x82\x93\xEF\xBC\x9A%ls",
        "!\xE8\xBF\x99\xE4\xB8\x8D\xE6\x98\xAF\xE6\x9C\x89\xE6\x95\x88\xE7\x9A\x84\xE5\xAD\x98\xE6\xA1\xA3\xE5\xA4\x87\xE4\xBB\xBD\xE6\x96\x87\xE4\xBB\xB6\xEF\xBC\x9A%ls",
    },
    { // SS_IMPORTED
        "Imported into position %d: %s",
        "Importado en la posici\xC3\xB3n %d: %s",
        "Import\xC3\xA9 en position %d : %s",
        "In Position %d importiert: %s",
        "Importato nella posizione %d: %s",
        "Importado na posi\xC3\xA7\xC3\xA3o %d: %s",
        "\xD0\x98\xD0\xBC\xD0\xBF\xD0\xBE\xD1\x80\xD1\x82\xD0\xB8\xD1\x80\xD0\xBE\xD0\xB2\xD0\xB0\xD0\xBD\xD0\xBE \xD0\xB2 \xD0\xBF\xD0\xBE\xD0\xB7\xD0\xB8\xD1\x86\xD0\xB8\xD1\x8E %d: %s",
        "\xEC\x9C\x84\xEC\xB9\x98 %d\xEB\xA1\x9C \xEA\xB0\x80\xEC\xA0\xB8\xEC\x98\xB4: %s",
        "\xE4\xBD\x8D\xE7\xBD\xAE %d \xE3\x81\xAB\xE8\xAA\xAD\xE3\x81\xBF\xE8\xBE\xBC\xE3\x81\xBF\xE3\x81\xBE\xE3\x81\x97\xE3\x81\x9F\xEF\xBC\x9A%s",
        "\xE5\xB7\xB2\xE5\xAF\xBC\xE5\x85\xA5\xE5\x88\xB0\xE4\xBD\x8D\xE7\xBD\xAE %d\xEF\xBC\x9A%s",
    },
    { // TIME_UNKNOWN
        "Time unknown",
        "Hora desconocida",
        "Heure inconnue",
        "Zeit unbekannt",
        "Ora sconosciuta",
        "Hora desconhecida",
        "\xD0\x92\xD1\x80\xD0\xB5\xD0\xBC\xD1\x8F \xD0\xBD\xD0\xB5\xD0\xB8\xD0\xB7\xD0\xB2\xD0\xB5\xD1\x81\xD1\x82\xD0\xBD\xD0\xBE",
        "\xEC\x8B\x9C\xEA\xB0\x84 \xEC\x95\x8C \xEC\x88\x98 \xEC\x97\x86\xEC\x9D\x8C",
        "\xE6\x99\x82\xE5\x88\xBB\xE4\xB8\x8D\xE6\x98\x8E",
        "\xE6\x97\xB6\xE9\x97\xB4\xE6\x9C\xAA\xE7\x9F\xA5",
    },
    { // SYNC_WAIT_HOST
        "Waiting for the host to choose the synced save",
        "Esperando a que el anfitri\xC3\xB3n elija la partida sincronizada",
        "En attente du choix de la sauvegarde synchronis\xC3\xA9" "e par l'h\xC3\xB4te",
        "Warte auf die Wahl des Sync-Spielstands durch den Host",
        "In attesa che l'host scelga il salvataggio sincronizzato",
        "Aguardando o anfitri\xC3\xA3o escolher o save sincronizado",
        "\xD0\x96\xD0\xB4\xD1\x91\xD0\xBC, \xD0\xBF\xD0\xBE\xD0\xBA\xD0\xB0 \xD1\x85\xD0\xBE\xD1\x81\xD1\x82 \xD0\xB2\xD1\x8B\xD0\xB1\xD0\xB5\xD1\x80\xD0\xB5\xD1\x82 \xD0\xBE\xD0\xB1\xD1\x89\xD0\xB5\xD0\xB5 \xD1\x81\xD0\xBE\xD1\x85\xD1\x80\xD0\xB0\xD0\xBD\xD0\xB5\xD0\xBD\xD0\xB8\xD0\xB5",
        "\xEB\xB0\xA9\xEC\x9E\xA5\xEC\x9D\xB4 \xEB\x8F\x99\xEA\xB8\xB0\xED\x99\x94 \xEC\xA0\x80\xEC\x9E\xA5\xEC\x9D\x84 \xEA\xB3\xA0\xEB\xA5\xB4\xEA\xB8\xB0\xEB\xA5\xBC \xEA\xB8\xB0\xEB\x8B\xA4\xEB\xA6\xAC\xEB\x8A\x94 \xEC\xA4\x91",
        "\xE3\x83\x9B\xE3\x82\xB9\xE3\x83\x88\xE3\x81\x8C\xE5\x90\x8C\xE6\x9C\x9F\xE3\x82\xBB\xE3\x83\xBC\xE3\x83\x96\xE3\x82\x92\xE9\x81\xB8\xE3\x81\xB6\xE3\x81\xAE\xE3\x82\x92\xE5\xBE\x85\xE3\x81\xA3\xE3\x81\xA6\xE3\x81\x84\xE3\x81\xBE\xE3\x81\x99",
        "\xE7\xAD\x89\xE5\xBE\x85\xE6\x88\xBF\xE4\xB8\xBB\xE9\x80\x89\xE6\x8B\xA9\xE5\x90\x8C\xE6\xAD\xA5\xE5\xAD\x98\xE6\xA1\xA3",
    },
    { // SYNC_WAIT_OTHERS
        "Waiting for the others to pick a save",
        "Esperando a que los dem\xC3\xA1s elijan partida",
        "En attente du choix des autres joueurs",
        "Warte, bis die anderen einen Spielstand w\xC3\xA4hlen",
        "In attesa che gli altri scelgano un salvataggio",
        "Aguardando os outros escolherem um save",
        "\xD0\x96\xD0\xB4\xD1\x91\xD0\xBC, \xD0\xBF\xD0\xBE\xD0\xBA\xD0\xB0 \xD0\xBE\xD1\x81\xD1\x82\xD0\xB0\xD0\xBB\xD1\x8C\xD0\xBD\xD1\x8B\xD0\xB5 \xD0\xB2\xD1\x8B\xD0\xB1\xD0\xB5\xD1\x80\xD1\x83\xD1\x82 \xD1\x81\xD0\xBE\xD1\x85\xD1\x80\xD0\xB0\xD0\xBD\xD0\xB5\xD0\xBD\xD0\xB8\xD0\xB5",
        "\xEB\x8B\xA4\xEB\xA5\xB8 \xED\x8C\x80\xEC\x9B\x90\xEC\x9D\xB4 \xEC\xA0\x80\xEC\x9E\xA5\xEC\x9D\x84 \xEA\xB3\xA0\xEB\xA5\xB4\xEA\xB8\xB0\xEB\xA5\xBC \xEA\xB8\xB0\xEB\x8B\xA4\xEB\xA6\xAC\xEB\x8A\x94 \xEC\xA4\x91",
        "\xE4\xBB\x96\xE3\x81\xAE\xE4\xBB\xB2\xE9\x96\x93\xE3\x81\xAE\xE3\x82\xBB\xE3\x83\xBC\xE3\x83\x96\xE9\x81\xB8\xE6\x8A\x9E\xE3\x82\x92\xE5\xBE\x85\xE3\x81\xA3\xE3\x81\xA6\xE3\x81\x84\xE3\x81\xBE\xE3\x81\x99",
        "\xE7\xAD\x89\xE5\xBE\x85\xE5\x85\xB6\xE4\xBB\x96\xE9\x98\x9F\xE5\x8F\x8B\xE9\x80\x89\xE6\x8B\xA9\xE5\xAD\x98\xE6\xA1\xA3",
    },
    { // SYNC_ALL_PICKED
        "Every player has picked a save",
        "Todos han elegido partida",
        "Tous les joueurs ont choisi",
        "Alle Spieler haben gew\xC3\xA4hlt",
        "Tutti hanno scelto un salvataggio",
        "Todos escolheram um save",
        "\xD0\x92\xD1\x81\xD0\xB5 \xD0\xB2\xD1\x8B\xD0\xB1\xD1\x80\xD0\xB0\xD0\xBB\xD0\xB8 \xD1\x81\xD0\xBE\xD1\x85\xD1\x80\xD0\xB0\xD0\xBD\xD0\xB5\xD0\xBD\xD0\xB8\xD1\x8F",
        "\xEB\xAA\xA8\xEB\x93\xA0 \xED\x94\x8C\xEB\xA0\x88\xEC\x9D\xB4\xEC\x96\xB4\xEA\xB0\x80 \xEC\xA0\x80\xEC\x9E\xA5\xEC\x9D\x84 \xEA\xB3\xA8\xEB\x9E\x90\xEC\x8A\xB5\xEB\x8B\x88\xEB\x8B\xA4",
        "\xE5\x85\xA8\xE5\x93\xA1\xE3\x81\x8C\xE3\x82\xBB\xE3\x83\xBC\xE3\x83\x96\xE3\x82\x92\xE9\x81\xB8\xE3\x81\xB3\xE3\x81\xBE\xE3\x81\x97\xE3\x81\x9F",
        "\xE6\x89\x80\xE6\x9C\x89\xE7\x8E\xA9\xE5\xAE\xB6\xE9\x83\xBD\xE5\xB7\xB2\xE9\x80\x89\xE6\x8B\xA9\xE5\xAD\x98\xE6\xA1\xA3",
    },
    { // SYNC_THEN_HOST
        "Once everyone has picked, the host chooses the synced save",
        "Cuando todos elijan, el anfitri\xC3\xB3n escoger\xC3\xA1 la partida sincronizada",
        "Quand tous auront choisi, l'h\xC3\xB4te choisira la sauvegarde synchronis\xC3\xA9" "e",
        "Wenn alle gew\xC3\xA4hlt haben, w\xC3\xA4hlt der Host den Sync-Spielstand",
        "Quando tutti avranno scelto, l'host sceglier\xC3\xA0 il salvataggio sincronizzato",
        "Quando todos escolherem, o anfitri\xC3\xA3o escolhe o save sincronizado",
        "\xD0\x9A\xD0\xBE\xD0\xB3\xD0\xB4\xD0\xB0 \xD0\xB2\xD1\x81\xD0\xB5 \xD0\xB2\xD1\x8B\xD0\xB1\xD0\xB5\xD1\x80\xD1\x83\xD1\x82, \xD1\x85\xD0\xBE\xD1\x81\xD1\x82 \xD0\xB2\xD1\x8B\xD0\xB1\xD0\xB5\xD1\x80\xD0\xB5\xD1\x82 \xD0\xBE\xD0\xB1\xD1\x89\xD0\xB5\xD0\xB5 \xD1\x81\xD0\xBE\xD1\x85\xD1\x80\xD0\xB0\xD0\xBD\xD0\xB5\xD0\xBD\xD0\xB8\xD0\xB5",
        "\xEB\xAA\xA8\xEB\x91\x90 \xEA\xB3\xA0\xEB\xA5\xB4\xEB\xA9\xB4 \xEB\xB0\xA9\xEC\x9E\xA5\xEC\x9D\xB4 \xEB\x8F\x99\xEA\xB8\xB0\xED\x99\x94 \xEC\xA0\x80\xEC\x9E\xA5\xEC\x9D\x84 \xEC\x84\xA0\xED\x83\x9D\xED\x95\xA9\xEB\x8B\x88\xEB\x8B\xA4",
        "\xE5\x85\xA8\xE5\x93\xA1\xE3\x81\x8C\xE9\x81\xB8\xE3\x81\xB6\xE3\x81\xA8\xE3\x80\x81\xE3\x83\x9B\xE3\x82\xB9\xE3\x83\x88\xE3\x81\x8C\xE5\x90\x8C\xE6\x9C\x9F\xE3\x82\xBB\xE3\x83\xBC\xE3\x83\x96\xE3\x82\x92\xE9\x81\xB8\xE3\x81\xB3\xE3\x81\xBE\xE3\x81\x99",
        "\xE6\x89\x80\xE6\x9C\x89\xE4\xBA\xBA\xE9\x80\x89\xE6\x8B\xA9\xE5\xAE\x8C\xE6\xAF\x95\xE5\x90\x8E\xEF\xBC\x8C\xE5\xB0\x86\xE7\x94\xB1\xE6\x88\xBF\xE4\xB8\xBB\xE9\x80\x89\xE6\x8B\xA9\xE5\x90\x8C\xE6\xAD\xA5\xE5\xAD\x98\xE6\xA1\xA3",
    },
    { // PICKED
        "Save picked",
        "Partida elegida",
        "Sauvegarde choisie",
        "Spielstand gew\xC3\xA4hlt",
        "Salvataggio scelto",
        "Save escolhido",
        "\xD0\xA1\xD0\xBE\xD1\x85\xD1\x80\xD0\xB0\xD0\xBD\xD0\xB5\xD0\xBD\xD0\xB8\xD0\xB5 \xD0\xB2\xD1\x8B\xD0\xB1\xD1\x80\xD0\xB0\xD0\xBD\xD0\xBE",
        "\xEC\xA0\x80\xEC\x9E\xA5 \xEC\x84\xA0\xED\x83\x9D\xED\x95\xA8",
        "\xE3\x82\xBB\xE3\x83\xBC\xE3\x83\x96\xE9\x81\xB8\xE6\x8A\x9E\xE6\xB8\x88\xE3\x81\xBF",
        "\xE5\xB7\xB2\xE9\x80\x89\xE6\x8B\xA9\xE5\xAD\x98\xE6\xA1\xA3",
    },
    { // NOT_PICKED
        "No save yet",
        "A\xC3\xBAn sin partida",
        "Pas encore choisi",
        "Noch nicht gew\xC3\xA4hlt",
        "Non ancora scelto",
        "Ainda sem save",
        "\xD0\x95\xD1\x89\xD1\x91 \xD0\xBD\xD0\xB5 \xD0\xB2\xD1\x8B\xD0\xB1\xD1\x80\xD0\xB0\xD0\xBD\xD0\xBE",
        "\xEC\x95\x84\xEC\xA7\x81 \xEA\xB3\xA0\xEB\xA5\xB4\xEC\xA7\x80 \xEC\x95\x8A\xEC\x9D\x8C",
        "\xE6\x9C\xAA\xE9\x81\xB8\xE6\x8A\x9E",
        "\xE5\xB0\x9A\xE6\x9C\xAA\xE9\x80\x89\xE6\x8B\xA9\xE5\xAD\x98\xE6\xA1\xA3",
    },
    { // REPICK
        "Pick saves again",
        "Volver a elegir partidas",
        "Choisir \xC3\xA0 nouveau",
        "Neu w\xC3\xA4hlen",
        "Scegli di nuovo",
        "Escolher de novo",
        "\xD0\x92\xD1\x8B\xD0\xB1\xD1\x80\xD0\xB0\xD1\x82\xD1\x8C \xD0\xB7\xD0\xB0\xD0\xBD\xD0\xBE\xD0\xB2\xD0\xBE",
        "\xEC\xA0\x80\xEC\x9E\xA5 \xEB\x8B\xA4\xEC\x8B\x9C \xEA\xB3\xA0\xEB\xA5\xB4\xEA\xB8\xB0",
        "\xE3\x82\xBB\xE3\x83\xBC\xE3\x83\x96\xE3\x82\x92\xE9\x81\xB8\xE3\x81\xB3\xE7\x9B\xB4\xE3\x81\x99",
        "\xE9\x87\x8D\xE6\x96\xB0\xE9\x80\x89\xE6\x8B\xA9\xE5\xAD\x98\xE6\xA1\xA3",
    },
    { // CHOOSE_SYNC
        "Choose the synced save",
        "Elige la partida sincronizada",
        "Choisir la sauvegarde synchronis\xC3\xA9" "e",
        "Sync-Spielstand w\xC3\xA4hlen",
        "Scegli il salvataggio sincronizzato",
        "Escolha o save sincronizado",
        "\xD0\x92\xD1\x8B\xD0\xB1\xD0\xB5\xD1\x80\xD0\xB8\xD1\x82\xD0\xB5 \xD0\xBE\xD0\xB1\xD1\x89\xD0\xB5\xD0\xB5 \xD1\x81\xD0\xBE\xD1\x85\xD1\x80\xD0\xB0\xD0\xBD\xD0\xB5\xD0\xBD\xD0\xB8\xD0\xB5",
        "\xEB\x8F\x99\xEA\xB8\xB0\xED\x99\x94 \xEC\xA0\x80\xEC\x9E\xA5 \xEC\x84\xA0\xED\x83\x9D",
        "\xE5\x90\x8C\xE6\x9C\x9F\xE3\x82\xBB\xE3\x83\xBC\xE3\x83\x96\xE3\x82\x92\xE9\x81\xB8\xE6\x8A\x9E",
        "\xE9\x80\x89\xE6\x8B\xA9\xE5\x90\x8C\xE6\xAD\xA5\xE5\xAD\x98\xE6\xA1\xA3",
    },
    { // CHOOSE_SYNC_HINT
        "Everyone has picked; choose the synced save to continue from",
        "Todos han elegido; elige la partida sincronizada para continuar",
        "Tous ont choisi ; choisissez la sauvegarde synchronis\xC3\xA9" "e \xC3\xA0 reprendre",
        "Alle haben gew\xC3\xA4hlt; w\xC3\xA4hle den Sync-Spielstand zum Fortsetzen",
        "Tutti hanno scelto; scegli il salvataggio sincronizzato da cui continuare",
        "Todos escolheram; escolha o save sincronizado para continuar",
        "\xD0\x92\xD1\x81\xD0\xB5 \xD0\xB2\xD1\x8B\xD0\xB1\xD1\x80\xD0\xB0\xD0\xBB\xD0\xB8; \xD0\xB2\xD1\x8B\xD0\xB1\xD0\xB5\xD1\x80\xD0\xB8\xD1\x82\xD0\xB5 \xD0\xBE\xD0\xB1\xD1\x89\xD0\xB5\xD0\xB5 \xD1\x81\xD0\xBE\xD1\x85\xD1\x80\xD0\xB0\xD0\xBD\xD0\xB5\xD0\xBD\xD0\xB8\xD0\xB5, \xD1\x81 \xD0\xBA\xD0\xBE\xD1\x82\xD0\xBE\xD1\x80\xD0\xBE\xD0\xB3\xD0\xBE \xD0\xBF\xD1\x80\xD0\xBE\xD0\xB4\xD0\xBE\xD0\xBB\xD0\xB6\xD0\xB8\xD1\x82\xD1\x8C",
        "\xEB\xAA\xA8\xEB\x91\x90 \xEA\xB3\xA8\xEB\x9E\x90\xEC\x8A\xB5\xEB\x8B\x88\xEB\x8B\xA4. \xEC\x9D\xB4\xEC\x96\xB4\xEC\x84\x9C \xED\x95\xA0 \xEB\x8F\x99\xEA\xB8\xB0\xED\x99\x94 \xEC\xA0\x80\xEC\x9E\xA5\xEC\x9D\x84 \xEA\xB3\xA0\xEB\xA5\xB4\xEC\x84\xB8\xEC\x9A\x94",
        "\xE5\x85\xA8\xE5\x93\xA1\xE3\x81\x8C\xE9\x81\xB8\xE3\x81\xB3\xE3\x81\xBE\xE3\x81\x97\xE3\x81\x9F\xE3\x80\x82\xE7\xB6\x9A\xE3\x81\x8D\xE3\x81\xAB\xE4\xBD\xBF\xE3\x81\x86\xE5\x90\x8C\xE6\x9C\x9F\xE3\x82\xBB\xE3\x83\xBC\xE3\x83\x96\xE3\x82\x92\xE9\x81\xB8\xE3\x82\x93\xE3\x81\xA7\xE3\x81\x8F\xE3\x81\xA0\xE3\x81\x95\xE3\x81\x84",
        "\xE6\x89\x80\xE6\x9C\x89\xE7\x8E\xA9\xE5\xAE\xB6\xE9\x83\xBD\xE5\xB7\xB2\xE9\x80\x89\xE6\x8B\xA9\xE5\xAD\x98\xE6\xA1\xA3\xEF\xBC\x8C\xE8\xAF\xB7\xE9\x80\x89\xE6\x8B\xA9\xE8\xA6\x81\xE7\xBB\xA7\xE7\xBB\xAD\xE7\x9A\x84\xE5\x90\x8C\xE6\xAD\xA5\xE5\xAD\x98\xE6\xA1\xA3",
    },
    { // PREP_STAGE
        "Preparation (a new run from the House)",
        "Preparaci\xC3\xB3n (nueva partida desde la casa)",
        "Pr\xC3\xA9paration (nouvelle partie depuis la maison)",
        "Vorbereitung (neuer Lauf aus dem Haus)",
        "Preparazione (nuova partita dalla casa)",
        "Prepara\xC3\xA7\xC3\xA3o (nova partida a partir da casa)",
        "\xD0\x9F\xD0\xBE\xD0\xB4\xD0\xB3\xD0\xBE\xD1\x82\xD0\xBE\xD0\xB2\xD0\xBA\xD0\xB0 (\xD0\xBD\xD0\xBE\xD0\xB2\xD1\x8B\xD0\xB9 \xD0\xB7\xD0\xB0\xD0\xB1\xD0\xB5\xD0\xB3 \xD0\xB8\xD0\xB7 \xD0\xB4\xD0\xBE\xD0\xBC\xD0\xB0)",
        "\xEC\xA4\x80\xEB\xB9\x84 \xEB\x8B\xA8\xEA\xB3\x84 (\xEC\xA7\x91\xEC\x97\x90\xEC\x84\x9C \xEC\x83\x88 \xED\x8C\x90 \xEC\x8B\x9C\xEC\x9E\x91)",
        "\xE6\xBA\x96\xE5\x82\x99\xE6\xAE\xB5\xE9\x9A\x8E\xEF\xBC\x88\xE3\x83\x8F\xE3\x82\xA6\xE3\x82\xB9\xE3\x81\x8B\xE3\x82\x89\xE6\x96\xB0\xE3\x81\x97\xE3\x81\x8F\xE9\x96\x8B\xE5\xA7\x8B\xEF\xBC\x89",
        "\xE5\x87\x86\xE5\xA4\x87\xE9\x98\xB6\xE6\xAE\xB5\xEF\xBC\x88\xE4\xBB\x8E\xE4\xBB\x93\xE5\xBA\x93\xE5\xBC\x80\xE5\xA7\x8B\xE6\x96\xB0\xE7\x9A\x84\xE4\xB8\x80\xE5\xB1\x80\xEF\xBC\x89",
    },
    { // SYNC_ENTRY
        "Synced save %u   \xC2\xB7   %llu nodes done   \xC2\xB7   %s%s",
        "Partida sincronizada %u   \xC2\xB7   %llu nodos   \xC2\xB7   %s%s",
        "Sauvegarde synchro %u   \xC2\xB7   %llu n\xC5\x93uds   \xC2\xB7   %s%s",
        "Sync-Spielstand %u   \xC2\xB7   %llu Knoten   \xC2\xB7   %s%s",
        "Salvataggio sincronizzato %u   \xC2\xB7   %llu nodi   \xC2\xB7   %s%s",
        "Save sincronizado %u   \xC2\xB7   %llu n\xC3\xB3s   \xC2\xB7   %s%s",
        "\xD0\x9E\xD0\xB1\xD1\x89\xD0\xB5\xD0\xB5 \xD1\x81\xD0\xBE\xD1\x85\xD1\x80\xD0\xB0\xD0\xBD\xD0\xB5\xD0\xBD\xD0\xB8\xD0\xB5 %u   \xC2\xB7   \xD1\x83\xD0\xB7\xD0\xBB\xD0\xBE\xD0\xB2: %llu   \xC2\xB7   %s%s",
        "\xEB\x8F\x99\xEA\xB8\xB0\xED\x99\x94 \xEC\xA0\x80\xEC\x9E\xA5 %u   \xC2\xB7   \xEB\x85\xB8\xEB\x93\x9C %llu\xEA\xB0\x9C \xEC\x99\x84\xEB\xA3\x8C   \xC2\xB7   %s%s",
        "\xE5\x90\x8C\xE6\x9C\x9F\xE3\x82\xBB\xE3\x83\xBC\xE3\x83\x96 %u   \xC2\xB7   %llu \xE3\x83\x8E\xE3\x83\xBC\xE3\x83\x89\xE5\xAE\x8C\xE4\xBA\x86   \xC2\xB7   %s%s",
        "\xE5\x90\x8C\xE6\xAD\xA5\xE5\xAD\x98\xE6\xA1\xA3 %u   \xC2\xB7   \xE5\xB7\xB2\xE5\xAE\x8C\xE6\x88\x90 %llu \xE4\xB8\xAA\xE8\x8A\x82\xE7\x82\xB9   \xC2\xB7   %s%s",
    },
    { // LATEST
        "   (latest)",
        "   (m\xC3\xA1s reciente)",
        "   (le plus r\xC3\xA9" "cent)",
        "   (neuester)",
        "   (pi\xC3\xB9 recente)",
        "   (mais recente)",
        "   (\xD0\xBF\xD0\xBE\xD1\x81\xD0\xBB\xD0\xB5\xD0\xB4\xD0\xBD\xD0\xB5\xD0\xB5)",
        "   (\xEC\xB5\x9C\xEC\x8B\xA0)",
        "   \xEF\xBC\x88\xE6\x9C\x80\xE6\x96\xB0\xEF\xBC\x89",
        "   \xEF\xBC\x88\xE6\x9C\x80\xE6\x96\xB0\xEF\xBC\x89",
    },
    { // COMBO_INVALID
        "Invalid combination of saves",
        "Combinaci\xC3\xB3n de partidas no v\xC3\xA1lida",
        "Combinaison de sauvegardes invalide",
        "Ung\xC3\xBCltige Spielstand-Kombination",
        "Combinazione di salvataggi non valida",
        "Combina\xC3\xA7\xC3\xA3o de saves inv\xC3\xA1lida",
        "\xD0\x9D\xD0\xB5\xD0\xB4\xD0\xBE\xD0\xBF\xD1\x83\xD1\x81\xD1\x82\xD0\xB8\xD0\xBC\xD0\xBE\xD0\xB5 \xD1\x81\xD0\xBE\xD1\x87\xD0\xB5\xD1\x82\xD0\xB0\xD0\xBD\xD0\xB8\xD0\xB5 \xD1\x81\xD0\xBE\xD1\x85\xD1\x80\xD0\xB0\xD0\xBD\xD0\xB5\xD0\xBD\xD0\xB8\xD0\xB9",
        "\xEC\xA0\x80\xEC\x9E\xA5 \xEC\xA1\xB0\xED\x95\xA9\xEC\x9D\xB4 \xEC\x98\xAC\xEB\xB0\x94\xEB\xA5\xB4\xEC\xA7\x80 \xEC\x95\x8A\xEC\x8A\xB5\xEB\x8B\x88\xEB\x8B\xA4",
        "\xE3\x82\xBB\xE3\x83\xBC\xE3\x83\x96\xE3\x81\xAE\xE7\xB5\x84\xE3\x81\xBF\xE5\x90\x88\xE3\x82\x8F\xE3\x81\x9B\xE3\x81\x8C\xE7\x84\xA1\xE5\x8A\xB9\xE3\x81\xA7\xE3\x81\x99",
        "\xE5\xAD\x98\xE6\xA1\xA3\xE7\xBB\x84\xE5\x90\x88\xE6\x97\xA0\xE6\x95\x88",
    },
    { // COMBO_INVALID_1
        "The saves picked cannot be played together;",
        "Las partidas elegidas no pueden jugarse juntas;",
        "Les sauvegardes choisies ne vont pas ensemble ;",
        "Die gew\xC3\xA4hlten Spielst\xC3\xA4nde passen nicht zusammen;",
        "I salvataggi scelti non possono essere giocati insieme;",
        "Os saves escolhidos n\xC3\xA3o podem ser jogados juntos;",
        "\xD0\x92\xD1\x8B\xD0\xB1\xD1\x80\xD0\xB0\xD0\xBD\xD0\xBD\xD1\x8B\xD0\xB5 \xD1\x81\xD0\xBE\xD1\x85\xD1\x80\xD0\xB0\xD0\xBD\xD0\xB5\xD0\xBD\xD0\xB8\xD1\x8F \xD0\xBD\xD0\xB5\xD1\x81\xD0\xBE\xD0\xB2\xD0\xBC\xD0\xB5\xD1\x81\xD1\x82\xD0\xB8\xD0\xBC\xD1\x8B;",
        "\xEA\xB3\xA0\xEB\xA5\xB8 \xEC\xA0\x80\xEC\x9E\xA5 \xEC\xA1\xB0\xED\x95\xA9\xEC\x9C\xBC\xEB\xA1\x9C\xEB\x8A\x94 \xED\x95\xA8\xEA\xBB\x98 \xED\x95\xA0 \xEC\x88\x98 \xEC\x97\x86\xEC\x8A\xB5\xEB\x8B\x88\xEB\x8B\xA4.",
        "\xE9\x81\xB8\xE3\x82\x93\xE3\x81\xA0\xE3\x82\xBB\xE3\x83\xBC\xE3\x83\x96\xE3\x81\xAE\xE7\xB5\x84\xE3\x81\xBF\xE5\x90\x88\xE3\x82\x8F\xE3\x81\x9B\xE3\x81\xAF\xE7\x84\xA1\xE5\x8A\xB9\xE3\x81\xA7\xE3\x81\x99\xE3\x80\x82",
        "\xE5\xBD\x93\xE5\x89\x8D\xE9\x80\x89\xE6\x8B\xA9\xE7\x9A\x84\xE5\xAD\x98\xE6\xA1\xA3\xE7\xBB\x84\xE5\x90\x88\xE6\x97\xA0\xE6\x95\x88\xEF\xBC\x8C",
    },
    { // COMBO_INVALID_2
        "every player should return to the House and try again",
        "que cada jugador vuelva a la casa y lo intente de nuevo",
        "chaque joueur doit revenir \xC3\xA0 la maison et r\xC3\xA9" "essayer",
        "alle zur\xC3\xBC" "ck ins Haus und erneut versuchen",
        "ogni giocatore torni alla casa e riprovi",
        "cada jogador deve voltar para a casa e tentar de novo",
        "\xD0\xB2\xD0\xB5\xD1\x80\xD0\xBD\xD0\xB8\xD1\x82\xD0\xB5\xD1\x81\xD1\x8C \xD0\xB2 \xD0\xB4\xD0\xBE\xD0\xBC \xD0\xB8 \xD0\xBF\xD0\xBE\xD0\xBF\xD1\x80\xD0\xBE\xD0\xB1\xD1\x83\xD0\xB9\xD1\x82\xD0\xB5 \xD1\x81\xD0\xBD\xD0\xBE\xD0\xB2\xD0\xB0",
        "\xEA\xB0\x81\xEC\x9E\x90 \xEC\xA7\x91\xEC\x9C\xBC\xEB\xA1\x9C \xEB\x8F\x8C\xEC\x95\x84\xEA\xB0\x84 \xEB\x92\xA4 \xEB\x8B\xA4\xEC\x8B\x9C \xEC\x8B\x9C\xEB\x8F\x84\xED\x95\x98\xEC\x84\xB8\xEC\x9A\x94",
        "\xE5\x90\x84\xE8\x87\xAA\xE3\x83\x8F\xE3\x82\xA6\xE3\x82\xB9\xE3\x81\xAB\xE6\x88\xBB\xE3\x81\xA3\xE3\x81\xA6\xE3\x81\x8B\xE3\x82\x89\xE5\x86\x8D\xE8\xA9\xA6\xE8\xA1\x8C\xE3\x81\x97\xE3\x81\xA6\xE3\x81\x8F\xE3\x81\xA0\xE3\x81\x95\xE3\x81\x84",
        "\xE8\xAF\xB7\xE5\x90\x84\xE5\xAE\xA2\xE6\x88\xB7\xE7\xAB\xAF\xE5\x9B\x9E\xE5\x88\xB0\xE4\xBB\x93\xE5\xBA\x93\xE5\x90\x8E\xE9\x87\x8D\xE8\xAF\x95",
    },
    { // OK_REPICK
        "OK (pick saves again)",
        "Aceptar (volver a elegir)",
        "OK (choisir \xC3\xA0 nouveau)",
        "OK (neu w\xC3\xA4hlen)",
        "OK (scegli di nuovo)",
        "OK (escolher de novo)",
        "\xD0\x9E\xD0\x9A (\xD0\xB2\xD1\x8B\xD0\xB1\xD1\x80\xD0\xB0\xD1\x82\xD1\x8C \xD0\xB7\xD0\xB0\xD0\xBD\xD0\xBE\xD0\xB2\xD0\xBE)",
        "\xED\x99\x95\xEC\x9D\xB8 (\xEB\x8B\xA4\xEC\x8B\x9C \xEA\xB3\xA0\xEB\xA5\xB4\xEA\xB8\xB0)",
        "OK\xEF\xBC\x88\xE9\x81\xB8\xE3\x81\xB3\xE7\x9B\xB4\xE3\x81\x99\xEF\xBC\x89",
        "\xE7\xA1\xAE\xE5\xAE\x9A\xEF\xBC\x88\xE9\x87\x8D\xE6\x96\xB0\xE9\x80\x89\xE6\x8B\xA9\xE5\xAD\x98\xE6\xA1\xA3\xEF\xBC\x89",
    },
    { // AB_TITLE
        "Abandon adventure",
        "Abandonar aventura",
        "Abandonner l'aventure",
        "Abenteuer aufgeben",
        "Abbandona l'avventura",
        "Abandonar aventura",
        "\xD0\x9F\xD1\x80\xD0\xB5\xD1\x80\xD0\xB2\xD0\xB0\xD1\x82\xD1\x8C \xD0\xBF\xD1\x80\xD0\xB8\xD0\xBA\xD0\xBB\xD1\x8E\xD1\x87\xD0\xB5\xD0\xBD\xD0\xB8\xD0\xB5",
        "\xEB\xAA\xA8\xED\x97\x98 \xED\x8F\xAC\xEA\xB8\xB0",
        "\xE5\x86\x92\xE9\x99\xBA\xE3\x82\x92\xE6\x94\xBE\xE6\xA3\x84",
        "\xE6\x94\xBE\xE5\xBC\x83\xE5\x86\x92\xE9\x99\xA9",
    },
    { // AB_ASK
        " wants to abandon the adventure. Agree?",
        " quiere abandonar la aventura. \xC2\xBF" "De acuerdo?",
        " veut abandonner l'aventure. D'accord ?",
        " m\xC3\xB6" "chte das Abenteuer aufgeben. Einverstanden?",
        " vuole abbandonare l'avventura. D'accordo?",
        " quer abandonar a aventura. Concorda?",
        " \xD1\x85\xD0\xBE\xD1\x87\xD0\xB5\xD1\x82 \xD0\xBF\xD1\x80\xD0\xB5\xD1\x80\xD0\xB2\xD0\xB0\xD1\x82\xD1\x8C \xD0\xBF\xD1\x80\xD0\xB8\xD0\xBA\xD0\xBB\xD1\x8E\xD1\x87\xD0\xB5\xD0\xBD\xD0\xB8\xD0\xB5. \xD0\xA1\xD0\xBE\xD0\xB3\xD0\xBB\xD0\xB0\xD1\x81\xD0\xBD\xD1\x8B?",
        "\xEB\x8B\x98\xEC\x9D\xB4 \xEB\xAA\xA8\xED\x97\x98\xEC\x9D\x84 \xED\x8F\xAC\xEA\xB8\xB0\xED\x95\x98\xEB\xA0\xA4 \xED\x95\xA9\xEB\x8B\x88\xEB\x8B\xA4. \xEB\x8F\x99\xEC\x9D\x98\xED\x95\x98\xEC\x8B\xAD\xEB\x8B\x88\xEA\xB9\x8C?",
        " \xE3\x81\x8C\xE5\x86\x92\xE9\x99\xBA\xE3\x81\xAE\xE6\x94\xBE\xE6\xA3\x84\xE3\x82\x92\xE6\x8F\x90\xE6\xA1\x88\xE3\x81\x97\xE3\x81\xA6\xE3\x81\x84\xE3\x81\xBE\xE3\x81\x99\xE3\x80\x82\xE5\x90\x8C\xE6\x84\x8F\xE3\x81\x97\xE3\x81\xBE\xE3\x81\x99\xE3\x81\x8B\xEF\xBC\x9F",
        " \xE6\x83\xB3\xE8\xA6\x81\xE6\x94\xBE\xE5\xBC\x83\xE5\x86\x92\xE9\x99\xA9\xEF\xBC\x8C\xE6\x98\xAF\xE5\x90\xA6\xE5\x90\x8C\xE6\x84\x8F\xEF\xBC\x9F",
    },
    { // AB_AGREED_WAIT
        "Agreed; waiting for the other players",
        "De acuerdo; esperando a los dem\xC3\xA1s",
        "Accept\xC3\xA9 ; en attente des autres",
        "Zugestimmt; warte auf die anderen",
        "Accettato; in attesa degli altri",
        "Concordou; aguardando os outros",
        "\xD0\xA1\xD0\xBE\xD0\xB3\xD0\xBB\xD0\xB0\xD1\x81\xD0\xB8\xD0\xB5 \xD0\xB4\xD0\xB0\xD0\xBD\xD0\xBE; \xD0\xB6\xD0\xB4\xD1\x91\xD0\xBC \xD0\xBE\xD1\x81\xD1\x82\xD0\xB0\xD0\xBB\xD1\x8C\xD0\xBD\xD1\x8B\xD1\x85",
        "\xEB\x8F\x99\xEC\x9D\x98\xED\x95\xA8. \xEB\x8B\xA4\xEB\xA5\xB8 \xED\x94\x8C\xEB\xA0\x88\xEC\x9D\xB4\xEC\x96\xB4\xEB\xA5\xBC \xEA\xB8\xB0\xEB\x8B\xA4\xEB\xA6\xAC\xEB\x8A\x94 \xEC\xA4\x91",
        "\xE5\x90\x8C\xE6\x84\x8F\xE3\x81\x97\xE3\x81\xBE\xE3\x81\x97\xE3\x81\x9F\xE3\x80\x82\xE4\xBB\x96\xE3\x81\xAE\xE3\x83\x97\xE3\x83\xAC\xE3\x82\xA4\xE3\x83\xA4\xE3\x83\xBC\xE3\x82\x92\xE5\xBE\x85\xE3\x81\xA3\xE3\x81\xA6\xE3\x81\x84\xE3\x81\xBE\xE3\x81\x99",
        "\xE5\xB7\xB2\xE5\x90\x8C\xE6\x84\x8F\xEF\xBC\x8C\xE7\xAD\x89\xE5\xBE\x85\xE5\x85\xB6\xE4\xBB\x96\xE7\x8E\xA9\xE5\xAE\xB6\xE7\xA1\xAE\xE8\xAE\xA4",
    },
    { // AB_WAIT
        "Waiting for the other players to confirm",
        "Esperando la confirmaci\xC3\xB3n de los dem\xC3\xA1s",
        "En attente de la confirmation des autres",
        "Warte auf die Best\xC3\xA4tigung der anderen",
        "In attesa della conferma degli altri",
        "Aguardando a confirma\xC3\xA7\xC3\xA3o dos outros",
        "\xD0\x96\xD0\xB4\xD1\x91\xD0\xBC \xD0\xBF\xD0\xBE\xD0\xB4\xD1\x82\xD0\xB2\xD0\xB5\xD1\x80\xD0\xB6\xD0\xB4\xD0\xB5\xD0\xBD\xD0\xB8\xD1\x8F \xD0\xBE\xD1\x81\xD1\x82\xD0\xB0\xD0\xBB\xD1\x8C\xD0\xBD\xD1\x8B\xD1\x85",
        "\xEB\x8B\xA4\xEB\xA5\xB8 \xED\x94\x8C\xEB\xA0\x88\xEC\x9D\xB4\xEC\x96\xB4\xEC\x9D\x98 \xED\x99\x95\xEC\x9D\xB8\xEC\x9D\x84 \xEA\xB8\xB0\xEB\x8B\xA4\xEB\xA6\xAC\xEB\x8A\x94 \xEC\xA4\x91",
        "\xE4\xBB\x96\xE3\x81\xAE\xE3\x83\x97\xE3\x83\xAC\xE3\x82\xA4\xE3\x83\xA4\xE3\x83\xBC\xE3\x81\xAE\xE7\xA2\xBA\xE8\xAA\x8D\xE3\x82\x92\xE5\xBE\x85\xE3\x81\xA3\xE3\x81\xA6\xE3\x81\x84\xE3\x81\xBE\xE3\x81\x99",
        "\xE7\xAD\x89\xE5\xBE\x85\xE5\x85\xB6\xE4\xBB\x96\xE7\x8E\xA9\xE5\xAE\xB6\xE7\xA1\xAE\xE8\xAE\xA4",
    },
    { // AB_PROPOSER
        "Proposer",
        "Propone",
        "Proposition",
        "Vorschlag",
        "Proponente",
        "Proponente",
        "\xD0\x9F\xD1\x80\xD0\xB5\xD0\xB4\xD0\xBB\xD0\xBE\xD0\xB6\xD0\xB8\xD0\xBB",
        "\xEC\xA0\x9C\xEC\x95\x88\xEC\x9E\x90",
        "\xE6\x8F\x90\xE6\xA1\x88\xE8\x80\x85",
        "\xE6\x8F\x90\xE5\x87\xBA\xE8\x80\x85",
    },
    { // AB_AGREED
        "Agreed",
        "De acuerdo",
        "Accept\xC3\xA9",
        "Zugestimmt",
        "Accettato",
        "Concordou",
        "\xD0\xA1\xD0\xBE\xD0\xB3\xD0\xBB\xD0\xB0\xD1\x81\xD0\xB5\xD0\xBD",
        "\xEB\x8F\x99\xEC\x9D\x98\xED\x95\xA8",
        "\xE5\x90\x8C\xE6\x84\x8F",
        "\xE5\xB7\xB2\xE5\x90\x8C\xE6\x84\x8F",
    },
    { // AB_WAITING
        "Waiting",
        "Esperando",
        "En attente",
        "Wartet",
        "In attesa",
        "Aguardando",
        "\xD0\x96\xD0\xB4\xD1\x91\xD0\xBC",
        "\xEB\x8C\x80\xEA\xB8\xB0 \xEC\xA4\x91",
        "\xE5\xBE\x85\xE6\xA9\x9F\xE4\xB8\xAD",
        "\xE7\xAD\x89\xE5\xBE\x85\xE4\xB8\xAD",
    },
    { // AB_TIMER
        "Cancelled automatically in %us",
        "Se cancela solo en %us",
        "Annulation automatique dans %us",
        "Automatischer Abbruch in %us",
        "Annullamento automatico tra %us",
        "Cancelado automaticamente em %us",
        "\xD0\x90\xD0\xB2\xD1\x82\xD0\xBE\xD0\xBE\xD1\x82\xD0\xBC\xD0\xB5\xD0\xBD\xD0\xB0 \xD1\x87\xD0\xB5\xD1\x80\xD0\xB5\xD0\xB7 %u\xD1\x81",
        "%u\xEC\xB4\x88 \xED\x9B\x84 \xEC\x9E\x90\xEB\x8F\x99 \xEC\xB7\xA8\xEC\x86\x8C",
        "%u\xE7\xA7\x92\xE5\xBE\x8C\xE3\x81\xAB\xE8\x87\xAA\xE5\x8B\x95\xE3\x82\xAD\xE3\x83\xA3\xE3\x83\xB3\xE3\x82\xBB\xE3\x83\xAB",
        "%us \xE5\x90\x8E\xE8\x87\xAA\xE5\x8A\xA8\xE5\x8F\x96\xE6\xB6\x88",
    },
    { // AB_YES
        "Agree",
        "Aceptar",
        "Accepter",
        "Zustimmen",
        "Accetta",
        "Concordar",
        "\xD0\xA1\xD0\xBE\xD0\xB3\xD0\xBB\xD0\xB0\xD1\x81\xD0\xB5\xD0\xBD",
        "\xEB\x8F\x99\xEC\x9D\x98",
        "\xE5\x90\x8C\xE6\x84\x8F\xE3\x81\x99\xE3\x82\x8B",
        "\xE5\x90\x8C\xE6\x84\x8F",
    },
    { // AB_NO
        "Refuse",
        "Rechazar",
        "Refuser",
        "Ablehnen",
        "Rifiuta",
        "Recusar",
        "\xD0\x9E\xD1\x82\xD0\xBA\xD0\xB0\xD0\xB7\xD0\xB0\xD1\x82\xD1\x8C",
        "\xEA\xB1\xB0\xEC\xA0\x88",
        "\xE6\x8B\x92\xE5\x90\xA6\xE3\x81\x99\xE3\x82\x8B",
        "\xE6\x8B\x92\xE7\xBB\x9D",
    },
    { // AB_CANCEL
        "Withdraw",
        "Retirar",
        "Retirer",
        "Zur\xC3\xBC" "ckziehen",
        "Ritira",
        "Retirar",
        "\xD0\x9E\xD1\x82\xD0\xBE\xD0\xB7\xD0\xB2\xD0\xB0\xD1\x82\xD1\x8C",
        "\xEC\x9A\x94\xEC\xB2\xAD \xEC\xB7\xA8\xEC\x86\x8C",
        "\xE6\x8F\x90\xE6\xA1\x88\xE3\x82\x92\xE5\x8F\x96\xE3\x82\x8A\xE4\xB8\x8B\xE3\x81\x92\xE3\x82\x8B",
        "\xE5\x8F\x96\xE6\xB6\x88\xE8\xAF\xB7\xE6\xB1\x82",
    },
    { // AB_DENIED
        "P%u refused; the request to abandon is off",
        "P%u rechaz\xC3\xB3; la solicitud se cancel\xC3\xB3",
        "P%u a refus\xC3\xA9 ; la demande est annul\xC3\xA9" "e",
        "P%u hat abgelehnt; die Anfrage ist aufgehoben",
        "P%u ha rifiutato; richiesta annullata",
        "P%u recusou; o pedido foi cancelado",
        "P%u \xD0\xBE\xD1\x82\xD0\xBA\xD0\xB0\xD0\xB7\xD0\xB0\xD0\xBB; \xD0\xB7\xD0\xB0\xD0\xBF\xD1\x80\xD0\xBE\xD1\x81 \xD0\xBE\xD1\x82\xD0\xBC\xD0\xB5\xD0\xBD\xD1\x91\xD0\xBD",
        "P%u\xEC\x9D\xB4(\xEA\xB0\x80) \xEA\xB1\xB0\xEC\xA0\x88\xED\x95\x98\xEC\x97\xAC \xEC\x9A\x94\xEC\xB2\xAD\xEC\x9D\xB4 \xEC\xB7\xA8\xEC\x86\x8C\xEB\x90\x98\xEC\x97\x88\xEC\x8A\xB5\xEB\x8B\x88\xEB\x8B\xA4",
        "P%u \xE3\x81\x8C\xE6\x8B\x92\xE5\x90\xA6\xE3\x81\x97\xE3\x81\x9F\xE3\x81\x9F\xE3\x82\x81\xE3\x80\x81\xE6\x8F\x90\xE6\xA1\x88\xE3\x81\xAF\xE5\x8F\x96\xE3\x82\x8A\xE6\xB6\x88\xE3\x81\x95\xE3\x82\x8C\xE3\x81\xBE\xE3\x81\x97\xE3\x81\x9F",
        "P%u \xE6\x8B\x92\xE7\xBB\x9D\xE4\xBA\x86\xE6\x94\xBE\xE5\xBC\x83\xE5\x86\x92\xE9\x99\xA9\xEF\xBC\x8C\xE8\xAF\xB7\xE6\xB1\x82\xE5\xB7\xB2\xE5\x8F\x96\xE6\xB6\x88",
    },
    { // AB_WITHDRAWN
        "P%u withdrew the request to abandon",
        "P%u retir\xC3\xB3 la solicitud",
        "P%u a retir\xC3\xA9 sa demande",
        "P%u hat die Anfrage zur\xC3\xBC" "ckgezogen",
        "P%u ha ritirato la richiesta",
        "P%u retirou o pedido",
        "P%u \xD0\xBE\xD1\x82\xD0\xBE\xD0\xB7\xD0\xB2\xD0\xB0\xD0\xBB \xD0\xB7\xD0\xB0\xD0\xBF\xD1\x80\xD0\xBE\xD1\x81",
        "P%u\xEC\x9D\xB4(\xEA\xB0\x80) \xED\x8F\xAC\xEA\xB8\xB0 \xEC\x9A\x94\xEC\xB2\xAD\xEC\x9D\x84 \xEC\xB7\xA8\xEC\x86\x8C\xED\x96\x88\xEC\x8A\xB5\xEB\x8B\x88\xEB\x8B\xA4",
        "P%u \xE3\x81\x8C\xE6\x94\xBE\xE6\xA3\x84\xE3\x81\xAE\xE6\x8F\x90\xE6\xA1\x88\xE3\x82\x92\xE5\x8F\x96\xE3\x82\x8A\xE4\xB8\x8B\xE3\x81\x92\xE3\x81\xBE\xE3\x81\x97\xE3\x81\x9F",
        "P%u \xE5\x8F\x96\xE6\xB6\x88\xE4\xBA\x86\xE6\x94\xBE\xE5\xBC\x83\xE5\x86\x92\xE9\x99\xA9\xE7\x9A\x84\xE8\xAF\xB7\xE6\xB1\x82",
    },
    { // AB_TIMEOUT
        "The request to abandon timed out",
        "La solicitud de abandono caduc\xC3\xB3",
        "La demande d'abandon a expir\xC3\xA9",
        "Die Aufgabe-Anfrage ist abgelaufen",
        "La richiesta di abbandono \xC3\xA8 scaduta",
        "O pedido de abandono expirou",
        "\xD0\x92\xD1\x80\xD0\xB5\xD0\xBC\xD1\x8F \xD0\xB7\xD0\xB0\xD0\xBF\xD1\x80\xD0\xBE\xD1\x81\xD0\xB0 \xD0\xB8\xD1\x81\xD1\x82\xD0\xB5\xD0\xBA\xD0\xBB\xD0\xBE",
        "\xED\x8F\xAC\xEA\xB8\xB0 \xEC\x9A\x94\xEC\xB2\xAD\xEC\x9D\xB4 \xEC\x8B\x9C\xEA\xB0\x84 \xEC\xB4\x88\xEA\xB3\xBC\xEB\xA1\x9C \xEC\xB7\xA8\xEC\x86\x8C\xEB\x90\x98\xEC\x97\x88\xEC\x8A\xB5\xEB\x8B\x88\xEB\x8B\xA4",
        "\xE6\x94\xBE\xE6\xA3\x84\xE3\x81\xAE\xE6\x8F\x90\xE6\xA1\x88\xE3\x81\xAF\xE6\x99\x82\xE9\x96\x93\xE5\x88\x87\xE3\x82\x8C\xE3\x81\xA7\xE5\x8F\x96\xE3\x82\x8A\xE6\xB6\x88\xE3\x81\x95\xE3\x82\x8C\xE3\x81\xBE\xE3\x81\x97\xE3\x81\x9F",
        "\xE6\x94\xBE\xE5\xBC\x83\xE5\x86\x92\xE9\x99\xA9\xE7\x9A\x84\xE8\xAF\xB7\xE6\xB1\x82\xE8\xB6\x85\xE6\x97\xB6\xEF\xBC\x8C\xE5\xB7\xB2\xE5\x8F\x96\xE6\xB6\x88",
    },
    { // AB_BUSY
        "A request to abandon is already in progress",
        "Ya hay una solicitud de abandono en curso",
        "Une demande d'abandon est d\xC3\xA9j\xC3\xA0 en cours",
        "Es l\xC3\xA4uft bereits eine Aufgabe-Anfrage",
        "\xC3\x88 gi\xC3\xA0 in corso una richiesta di abbandono",
        "J\xC3\xA1 h\xC3\xA1 um pedido de abandono em andamento",
        "\xD0\x97\xD0\xB0\xD0\xBF\xD1\x80\xD0\xBE\xD1\x81 \xD1\x83\xD0\xB6\xD0\xB5 \xD0\xB8\xD0\xB4\xD1\x91\xD1\x82",
        "\xEC\x9D\xB4\xEB\xAF\xB8 \xED\x8F\xAC\xEA\xB8\xB0 \xEC\x9A\x94\xEC\xB2\xAD\xEC\x9D\xB4 \xEC\xA7\x84\xED\x96\x89 \xEC\xA4\x91\xEC\x9E\x85\xEB\x8B\x88\xEB\x8B\xA4",
        "\xE3\x81\x99\xE3\x81\xA7\xE3\x81\xAB\xE6\x94\xBE\xE6\xA3\x84\xE3\x81\xAE\xE6\x8F\x90\xE6\xA1\x88\xE3\x81\x8C\xE9\x80\xB2\xE8\xA1\x8C\xE4\xB8\xAD\xE3\x81\xA7\xE3\x81\x99",
        "\xE5\xB7\xB2\xE6\x9C\x89\xE4\xB8\x80\xE4\xB8\xAA\xE6\x94\xBE\xE5\xBC\x83\xE5\x86\x92\xE9\x99\xA9\xE7\x9A\x84\xE8\xAF\xB7\xE6\xB1\x82\xE6\xAD\xA3\xE5\x9C\xA8\xE8\xBF\x9B\xE8\xA1\x8C",
    },
    { // AB_CHANGED
        "The room changed; the request to abandon is off",
        "La sala cambi\xC3\xB3; solicitud cancelada",
        "Le salon a chang\xC3\xA9 ; demande annul\xC3\xA9" "e",
        "Der Raum hat sich ge\xC3\xA4ndert; Anfrage aufgehoben",
        "La stanza \xC3\xA8 cambiata; richiesta annullata",
        "A sala mudou; pedido cancelado",
        "\xD0\xA1\xD0\xBE\xD1\x81\xD1\x82\xD0\xB0\xD0\xB2 \xD0\xBA\xD0\xBE\xD0\xBC\xD0\xBD\xD0\xB0\xD1\x82\xD1\x8B \xD0\xB8\xD0\xB7\xD0\xBC\xD0\xB5\xD0\xBD\xD0\xB8\xD0\xBB\xD1\x81\xD1\x8F; \xD0\xB7\xD0\xB0\xD0\xBF\xD1\x80\xD0\xBE\xD1\x81 \xD0\xBE\xD1\x82\xD0\xBC\xD0\xB5\xD0\xBD\xD1\x91\xD0\xBD",
        "\xEB\xB0\xA9 \xEC\x9D\xB8\xEC\x9B\x90\xEC\x9D\xB4 \xEB\xB0\x94\xEB\x80\x8C\xEC\x96\xB4 \xEC\x9A\x94\xEC\xB2\xAD\xEC\x9D\xB4 \xEC\xB7\xA8\xEC\x86\x8C\xEB\x90\x98\xEC\x97\x88\xEC\x8A\xB5\xEB\x8B\x88\xEB\x8B\xA4",
        "\xE3\x83\xAB\xE3\x83\xBC\xE3\x83\xA0\xE3\x81\xAE\xE3\x83\xA1\xE3\x83\xB3\xE3\x83\x90\xE3\x83\xBC\xE3\x81\x8C\xE5\xA4\x89\xE3\x82\x8F\xE3\x81\xA3\xE3\x81\x9F\xE3\x81\x9F\xE3\x82\x81\xE5\x8F\x96\xE3\x82\x8A\xE6\xB6\x88\xE3\x81\x95\xE3\x82\x8C\xE3\x81\xBE\xE3\x81\x97\xE3\x81\x9F",
        "\xE6\x88\xBF\xE9\x97\xB4\xE6\x88\x90\xE5\x91\x98\xE5\x8F\x91\xE7\x94\x9F\xE5\x8F\x98\xE5\x8C\x96\xEF\xBC\x8C\xE6\x94\xBE\xE5\xBC\x83\xE5\x86\x92\xE9\x99\xA9\xE7\x9A\x84\xE8\xAF\xB7\xE6\xB1\x82\xE5\xB7\xB2\xE5\x8F\x96\xE6\xB6\x88",
    },
    { // AB_GOING
        "Everyone agreed; abandoning the adventure",
        "Todos de acuerdo; abandonando la aventura",
        "Tous d'accord ; abandon de l'aventure",
        "Alle stimmen zu; Abenteuer wird aufgegeben",
        "Tutti d'accordo; si abbandona l'avventura",
        "Todos concordaram; abandonando a aventura",
        "\xD0\x92\xD1\x81\xD0\xB5 \xD1\x81\xD0\xBE\xD0\xB3\xD0\xBB\xD0\xB0\xD1\x81\xD0\xBD\xD1\x8B; \xD0\xBF\xD1\x80\xD0\xB8\xD0\xBA\xD0\xBB\xD1\x8E\xD1\x87\xD0\xB5\xD0\xBD\xD0\xB8\xD0\xB5 \xD0\xBF\xD1\x80\xD0\xB5\xD1\x80\xD1\x8B\xD0\xB2\xD0\xB0\xD0\xB5\xD1\x82\xD1\x81\xD1\x8F",
        "\xEB\xAA\xA8\xEB\x91\x90 \xEB\x8F\x99\xEC\x9D\x98\xED\x95\x98\xEC\x97\xAC \xEB\xAA\xA8\xED\x97\x98\xEC\x9D\x84 \xED\x8F\xAC\xEA\xB8\xB0\xED\x95\xA9\xEB\x8B\x88\xEB\x8B\xA4",
        "\xE5\x85\xA8\xE5\x93\xA1\xE3\x81\x8C\xE5\x90\x8C\xE6\x84\x8F\xE3\x81\x97\xE3\x81\xBE\xE3\x81\x97\xE3\x81\x9F\xE3\x80\x82\xE5\x86\x92\xE9\x99\xBA\xE3\x82\x92\xE6\x94\xBE\xE6\xA3\x84\xE3\x81\x97\xE3\x81\xBE\xE3\x81\x99",
        "\xE5\x85\xA8\xE5\x91\x98\xE5\x90\x8C\xE6\x84\x8F\xEF\xBC\x8C\xE6\xAD\xA3\xE5\x9C\xA8\xE6\x94\xBE\xE5\xBC\x83\xE5\x86\x92\xE9\x99\xA9",
    },
    { // NOTICE_TITLE
        "Multiplayer notice",
        "Aviso multijugador",
        "Message multijoueur",
        "Mehrspieler-Hinweis",
        "Avviso multigiocatore",
        "Aviso do multijogador",
        "\xD0\xA1\xD0\xBE\xD0\xBE\xD0\xB1\xD1\x89\xD0\xB5\xD0\xBD\xD0\xB8\xD0\xB5 \xD0\xBC\xD1\x83\xD0\xBB\xD1\x8C\xD1\x82\xD0\xB8\xD0\xBF\xD0\xBB\xD0\xB5\xD0\xB5\xD1\x80\xD0\xB0",
        "\xEB\xA9\x80\xED\x8B\xB0\xED\x94\x8C\xEB\xA0\x88\xEC\x9D\xB4 \xEC\x95\x8C\xEB\xA6\xBC",
        "\xE3\x83\x9E\xE3\x83\xAB\xE3\x83\x81\xE3\x83\x97\xE3\x83\xAC\xE3\x82\xA4\xE3\x81\xAE\xE3\x81\x8A\xE7\x9F\xA5\xE3\x82\x89\xE3\x81\x9B",
        "\xE5\xA4\x9A\xE4\xBA\xBA\xE6\xB8\xB8\xE6\x88\x8F\xE6\x8F\x90\xE7\xA4\xBA",
    },
    { // R_BOSS_SOLO_START
        "Today a house boss arrives (the last one is Hitler III). This mod cannot play that fight together: you will fight it alone. Once you are back in the House, return to the main menu and pick a save again to rejoin the others.",
        "Hoy llega un jefe de la casa (el \xC3\xBAltimo es Hitler III). Este mod no permite jugar ese combate juntos: lo har\xC3\xA1s solo. Al volver a la casa, regresa al men\xC3\xBA principal y elige partida de nuevo para reunirte con los dem\xC3\xA1s.",
        "Aujourd'hui arrive un boss de la maison (le dernier est Hitler III). Ce mod ne g\xC3\xA8re pas ce combat \xC3\xA0 plusieurs : vous le ferez seul. De retour \xC3\xA0 la maison, revenez au menu principal et choisissez une sauvegarde pour rejoindre les autres.",
        "Heute kommt ein Haus-Boss (der letzte ist Hitler III). Diesen Kampf unterst\xC3\xBCtzt der Mod nicht gemeinsam: Du k\xC3\xA4mpfst allein. Zur\xC3\xBC" "ck im Haus, geh ins Hauptmen\xC3\xBC und w\xC3\xA4hle erneut einen Spielstand, um wieder mitzuspielen.",
        "Oggi arriva un boss della casa (l'ultimo \xC3\xA8 Hitler III). Questo mod non supporta quello scontro in gruppo: lo affronterai da solo. Tornato alla casa, torna al menu principale e scegli di nuovo un salvataggio per riunirti agli altri.",
        "Hoje chega um chefe da casa (o \xC3\xBAltimo \xC3\xA9 Hitler III). Este mod n\xC3\xA3o permite essa luta em grupo: voc\xC3\xAA lutar\xC3\xA1 sozinho. De volta \xC3\xA0 casa, volte ao menu principal e escolha um save de novo para se reunir aos outros.",
        "\xD0\xA1\xD0\xB5\xD0\xB3\xD0\xBE\xD0\xB4\xD0\xBD\xD1\x8F \xD0\xBF\xD1\x80\xD0\xB8\xD1\x85\xD0\xBE\xD0\xB4\xD0\xB8\xD1\x82 \xD0\xB1\xD0\xBE\xD1\x81\xD1\x81 \xD0\xB4\xD0\xBE\xD0\xBC\xD0\xB0 (\xD0\xBF\xD0\xBE\xD1\x81\xD0\xBB\xD0\xB5\xD0\xB4\xD0\xBD\xD0\xB8\xD0\xB9 \xE2\x80\x94 \xD0\x93\xD0\xB8\xD1\x82\xD0\xBB\xD0\xB5\xD1\x80 III). \xD0\xAD\xD1\x82\xD0\xBE\xD1\x82 \xD0\xBC\xD0\xBE\xD0\xB4 \xD0\xBD\xD0\xB5 \xD0\xBF\xD0\xBE\xD0\xB4\xD0\xB4\xD0\xB5\xD1\x80\xD0\xB6\xD0\xB8\xD0\xB2\xD0\xB0\xD0\xB5\xD1\x82 \xD1\x81\xD0\xBE\xD0\xB2\xD0\xBC\xD0\xB5\xD1\x81\xD1\x82\xD0\xBD\xD1\x8B\xD0\xB9 \xD0\xB1\xD0\xBE\xD0\xB9 \xD1\x81 \xD0\xBD\xD0\xB8\xD0\xBC: \xD0\xB2\xD1\x8B \xD1\x81\xD1\x80\xD0\xB0\xD0\xB7\xD0\xB8\xD1\x82\xD0\xB5\xD1\x81\xD1\x8C \xD0\xBE\xD0\xB4\xD0\xB8\xD0\xBD. \xD0\x92\xD0\xB5\xD1\x80\xD0\xBD\xD1\x83\xD0\xB2\xD1\x88\xD0\xB8\xD1\x81\xD1\x8C \xD0\xB2 \xD0\xB4\xD0\xBE\xD0\xBC, \xD0\xB2\xD1\x8B\xD0\xB9\xD0\xB4\xD0\xB8\xD1\x82\xD0\xB5 \xD0\xB2 \xD0\xB3\xD0\xBB\xD0\xB0\xD0\xB2\xD0\xBD\xD0\xBE\xD0\xB5 \xD0\xBC\xD0\xB5\xD0\xBD\xD1\x8E \xD0\xB8 \xD1\x81\xD0\xBD\xD0\xBE\xD0\xB2\xD0\xB0 \xD0\xB2\xD1\x8B\xD0\xB1\xD0\xB5\xD1\x80\xD0\xB8\xD1\x82\xD0\xB5 \xD1\x81\xD0\xBE\xD1\x85\xD1\x80\xD0\xB0\xD0\xBD\xD0\xB5\xD0\xBD\xD0\xB8\xD0\xB5, \xD1\x87\xD1\x82\xD0\xBE\xD0\xB1\xD1\x8B \xD0\xBF\xD1\x80\xD0\xB8\xD1\x81\xD0\xBE\xD0\xB5\xD0\xB4\xD0\xB8\xD0\xBD\xD0\xB8\xD1\x82\xD1\x8C\xD1\x81\xD1\x8F \xD0\xBA \xD0\xBE\xD1\x81\xD1\x82\xD0\xB0\xD0\xBB\xD1\x8C\xD0\xBD\xD1\x8B\xD0\xBC.",
        "\xEC\x98\xA4\xEB\x8A\x98\xEC\x9D\x80 \xEC\xA7\x91 \xEB\xB3\xB4\xEC\x8A\xA4\xEA\xB0\x80 \xEC\x98\xA4\xEB\x8A\x94 \xEB\x82\xA0\xEC\x9E\x85\xEB\x8B\x88\xEB\x8B\xA4 (\xEB\xA7\x88\xEC\xA7\x80\xEB\xA7\x89\xEC\x9D\x80 \xED\x9E\x88\xED\x8B\x80\xEB\x9F\xAC 3\xEC\x84\xB8). \xEC\x9D\xB4 \xEB\xAA\xA8\xEB\x93\x9C\xEB\x8A\x94 \xEC\x9D\xB4 \xEC\xA0\x84\xED\x88\xAC\xEB\xA5\xBC \xED\x95\xA8\xEA\xBB\x98 \xED\x95\xA0 \xEC\x88\x98 \xEC\x97\x86\xEC\x96\xB4 \xED\x98\xBC\xEC\x9E\x90 \xEC\x8B\xB8\xEC\x9A\xB0\xEA\xB2\x8C \xEB\x90\xA9\xEB\x8B\x88\xEB\x8B\xA4. \xEC\xA7\x91\xEC\x9C\xBC\xEB\xA1\x9C \xEB\x8F\x8C\xEC\x95\x84\xEC\x98\xA8 \xEB\x92\xA4 \xEB\xA9\x94\xEC\x9D\xB8 \xEB\xA9\x94\xEB\x89\xB4\xEC\x97\x90\xEC\x84\x9C \xEC\xA0\x80\xEC\x9E\xA5\xEC\x9D\x84 \xEB\x8B\xA4\xEC\x8B\x9C \xEA\xB3\xA8\xEB\x9D\xBC \xEB\x8B\xA4\xEB\xA5\xB8 \xED\x94\x8C\xEB\xA0\x88\xEC\x9D\xB4\xEC\x96\xB4\xEC\x99\x80 \xED\x95\xA9\xEB\xA5\x98\xED\x95\x98\xEC\x84\xB8\xEC\x9A\x94.",
        "\xE4\xBB\x8A\xE6\x97\xA5\xE3\x81\xAF\xE3\x83\x8F\xE3\x82\xA6\xE3\x82\xB9\xE3\x83\x9C\xE3\x82\xB9\xE3\x81\x8C\xE6\x9D\xA5\xE3\x82\x8B\xE6\x97\xA5\xE3\x81\xA7\xE3\x81\x99\xEF\xBC\x88\xE6\x9C\x80\xE5\xBE\x8C\xE3\x81\xAF\xE3\x83\x92\xE3\x83\x88\xE3\x83\xA9\xE3\x83\xBC\xE4\xB8\x89\xE4\xB8\x96\xEF\xBC\x89\xE3\x80\x82\xE3\x81\x93\xE3\x81\xAEMOD\xE3\x81\xA7\xE3\x81\xAF\xE3\x81\x93\xE3\x81\xAE\xE6\x88\xA6\xE9\x97\x98\xE3\x82\x92\xE4\xB8\x80\xE7\xB7\x92\xE3\x81\xAB\xE9\x81\x8A\xE3\x81\xB9\xE3\x81\xAA\xE3\x81\x84\xE3\x81\x9F\xE3\x82\x81\xE3\x80\x81\xE3\x81\xB2\xE3\x81\xA8\xE3\x82\x8A\xE3\x81\xA7\xE6\x88\xA6\xE3\x81\x84\xE3\x81\xBE\xE3\x81\x99\xE3\x80\x82\xE3\x83\x8F\xE3\x82\xA6\xE3\x82\xB9\xE3\x81\xAB\xE6\x88\xBB\xE3\x81\xA3\xE3\x81\x9F\xE3\x82\x89\xE3\x80\x81\xE3\x83\xA1\xE3\x82\xA4\xE3\x83\xB3\xE3\x83\xA1\xE3\x83\x8B\xE3\x83\xA5\xE3\x83\xBC\xE3\x81\xA7\xE3\x82\xBB\xE3\x83\xBC\xE3\x83\x96\xE3\x82\x92\xE9\x81\xB8\xE3\x81\xB3\xE7\x9B\xB4\xE3\x81\x97\xE3\x81\xA6\xE4\xBB\xB2\xE9\x96\x93\xE3\x81\xA8\xE5\x90\x88\xE6\xB5\x81\xE3\x81\x97\xE3\x81\xA6\xE3\x81\x8F\xE3\x81\xA0\xE3\x81\x95\xE3\x81\x84\xE3\x80\x82",
        "\xE4\xBB\x8A\xE5\xA4\xA9\xE6\x98\xAF\xE5\xAE\xB6\xE5\x9B\xAD" "Boss\xE6\x88\x98\xEF\xBC\x88\xE6\x9C\x80\xE7\xBB\x88\xE4\xB8\xBA\xE5\xB8\x8C\xE7\x89\xB9\xE5\x8B\x92\xE4\xB8\x89\xE4\xB8\x96\xEF\xBC\x89\xE7\x9A\x84\xE6\x97\xA5\xE5\xAD\x90\xEF\xBC\x8C\xE6\x9C\xACmod\xE6\x9A\x82\xE4\xB8\x8D\xE6\x94\xAF\xE6\x8C\x81\xE8\x81\x94\xE6\x9C\xBA\xE8\xBF\x9B\xE8\xA1\x8C\xE8\xBF\x99\xE5\x9C\xBA\xE6\x88\x98\xE6\x96\x97\xE3\x80\x82\xE4\xBD\xA0\xE5\xB0\x86\xE5\x8D\x95\xE4\xBA\xBA\xE8\xBF\x9B\xE8\xA1\x8C\xE8\xBF\x99\xE5\x9C\xBA\xE6\x88\x98\xE6\x96\x97\xEF\xBC\x9B\xE7\xBB\x93\xE6\x9D\x9F\xE5\xB9\xB6\xE5\x9B\x9E\xE5\x88\xB0\xE4\xBB\x93\xE5\xBA\x93\xE5\x90\x8E\xEF\xBC\x8C\xE8\xAF\xB7\xE5\x9B\x9E\xE5\x88\xB0\xE4\xB8\xBB\xE8\x8F\x9C\xE5\x8D\x95\xE9\x87\x8D\xE6\x96\xB0\xE9\x80\x89\xE6\x8B\xA9\xE5\xAD\x98\xE6\xA1\xA3\xEF\xBC\x8C\xE4\xB8\x8E\xE5\x85\xB6\xE4\xBB\x96\xE7\x8E\xA9\xE5\xAE\xB6\xE7\xBB\xA7\xE7\xBB\xAD\xE8\x81\x94\xE6\x9C\xBA\xE3\x80\x82",
    },
    { // R_BOSS_SOLO_DONE
        "The house boss fight is over. Return to the main menu and pick a save again to keep playing with the others.",
        "El combate contra el jefe de la casa termin\xC3\xB3. Vuelve al men\xC3\xBA principal y elige partida de nuevo para seguir con los dem\xC3\xA1s.",
        "Le combat contre le boss de la maison est termin\xC3\xA9. Revenez au menu principal et choisissez une sauvegarde pour rejouer avec les autres.",
        "Der Haus-Boss-Kampf ist vorbei. Geh ins Hauptmen\xC3\xBC und w\xC3\xA4hle erneut einen Spielstand, um mit den anderen weiterzuspielen.",
        "Lo scontro con il boss della casa \xC3\xA8 finito. Torna al menu principale e scegli di nuovo un salvataggio per continuare con gli altri.",
        "A luta contra o chefe da casa terminou. Volte ao menu principal e escolha um save de novo para continuar com os outros.",
        "\xD0\x91\xD0\xBE\xD0\xB9 \xD1\x81 \xD0\xB1\xD0\xBE\xD1\x81\xD1\x81\xD0\xBE\xD0\xBC \xD0\xB4\xD0\xBE\xD0\xBC\xD0\xB0 \xD0\xBE\xD0\xBA\xD0\xBE\xD0\xBD\xD1\x87\xD0\xB5\xD0\xBD. \xD0\x92\xD0\xB5\xD1\x80\xD0\xBD\xD0\xB8\xD1\x82\xD0\xB5\xD1\x81\xD1\x8C \xD0\xB2 \xD0\xB3\xD0\xBB\xD0\xB0\xD0\xB2\xD0\xBD\xD0\xBE\xD0\xB5 \xD0\xBC\xD0\xB5\xD0\xBD\xD1\x8E \xD0\xB8 \xD1\x81\xD0\xBD\xD0\xBE\xD0\xB2\xD0\xB0 \xD0\xB2\xD1\x8B\xD0\xB1\xD0\xB5\xD1\x80\xD0\xB8\xD1\x82\xD0\xB5 \xD1\x81\xD0\xBE\xD1\x85\xD1\x80\xD0\xB0\xD0\xBD\xD0\xB5\xD0\xBD\xD0\xB8\xD0\xB5, \xD1\x87\xD1\x82\xD0\xBE\xD0\xB1\xD1\x8B \xD0\xBF\xD1\x80\xD0\xBE\xD0\xB4\xD0\xBE\xD0\xBB\xD0\xB6\xD0\xB8\xD1\x82\xD1\x8C \xD1\x81 \xD0\xBE\xD1\x81\xD1\x82\xD0\xB0\xD0\xBB\xD1\x8C\xD0\xBD\xD1\x8B\xD0\xBC\xD0\xB8.",
        "\xEC\xA7\x91 \xEB\xB3\xB4\xEC\x8A\xA4 \xEC\xA0\x84\xED\x88\xAC\xEA\xB0\x80 \xEB\x81\x9D\xEB\x82\xAC\xEC\x8A\xB5\xEB\x8B\x88\xEB\x8B\xA4. \xEB\xA9\x94\xEC\x9D\xB8 \xEB\xA9\x94\xEB\x89\xB4\xEB\xA1\x9C \xEB\x8F\x8C\xEC\x95\x84\xEA\xB0\x80 \xEC\xA0\x80\xEC\x9E\xA5\xEC\x9D\x84 \xEB\x8B\xA4\xEC\x8B\x9C \xEA\xB3\xA8\xEB\x9D\xBC \xEB\x8B\xA4\xEB\xA5\xB8 \xED\x94\x8C\xEB\xA0\x88\xEC\x9D\xB4\xEC\x96\xB4\xEC\x99\x80 \xEA\xB3\x84\xEC\x86\x8D\xED\x95\x98\xEC\x84\xB8\xEC\x9A\x94.",
        "\xE3\x83\x8F\xE3\x82\xA6\xE3\x82\xB9\xE3\x83\x9C\xE3\x82\xB9\xE6\x88\xA6\xE3\x81\x8C\xE7\xB5\x82\xE3\x82\x8F\xE3\x82\x8A\xE3\x81\xBE\xE3\x81\x97\xE3\x81\x9F\xE3\x80\x82\xE3\x83\xA1\xE3\x82\xA4\xE3\x83\xB3\xE3\x83\xA1\xE3\x83\x8B\xE3\x83\xA5\xE3\x83\xBC\xE3\x81\xAB\xE6\x88\xBB\xE3\x82\x8A\xE3\x80\x81\xE3\x82\xBB\xE3\x83\xBC\xE3\x83\x96\xE3\x82\x92\xE9\x81\xB8\xE3\x81\xB3\xE7\x9B\xB4\xE3\x81\x97\xE3\x81\xA6\xE4\xBB\xB2\xE9\x96\x93\xE3\x81\xA8\xE7\xB6\x9A\xE3\x81\x91\xE3\x81\xA6\xE3\x81\x8F\xE3\x81\xA0\xE3\x81\x95\xE3\x81\x84\xE3\x80\x82",
        "\xE5\xAE\xB6\xE5\x9B\xAD" "Boss\xE6\x88\x98\xE5\xB7\xB2\xE7\xBB\x93\xE6\x9D\x9F\xE3\x80\x82\xE8\xAF\xB7\xE5\x9B\x9E\xE5\x88\xB0\xE4\xB8\xBB\xE8\x8F\x9C\xE5\x8D\x95\xE5\xB9\xB6\xE9\x87\x8D\xE6\x96\xB0\xE9\x80\x89\xE6\x8B\xA9\xE5\xAD\x98\xE6\xA1\xA3\xEF\xBC\x8C\xE4\xB8\x8E\xE5\x85\xB6\xE4\xBB\x96\xE7\x8E\xA9\xE5\xAE\xB6\xE7\xBB\xA7\xE7\xBB\xAD\xE8\x81\x94\xE6\x9C\xBA\xE3\x80\x82",
    },
    { // R_PEER_AWAY_BOSS
        "P%d has a house boss today and left the session to fight it alone. To keep playing, every player returns to the main menu, starts the game again -> picks a save and enters (once P%d has finished the fight)",
        "P%d tiene hoy un jefe de la casa y dej\xC3\xB3 la sesi\xC3\xB3n para luchar solo. Para seguir, todos vuelven al men\xC3\xBA principal, inician de nuevo -> eligen partida y entran (cuando P%d termine)",
        "P%d affronte aujourd'hui un boss de la maison et a quitt\xC3\xA9 la session pour le combattre seul. Pour continuer, tous reviennent au menu principal, relancent -> choisissent une sauvegarde et entrent (une fois que P%d a fini)",
        "P%d hat heute einen Haus-Boss und hat die Sitzung verlassen, um allein zu k\xC3\xA4mpfen. Zum Weiterspielen: alle ins Hauptmen\xC3\xBC, neu starten -> Spielstand w\xC3\xA4hlen und beitreten (sobald P%d fertig ist)",
        "P%d oggi ha un boss della casa e ha lasciato la sessione per combatterlo da solo. Per continuare, tutti tornano al menu principale, ricominciano -> scelgono un salvataggio ed entrano (quando P%d ha finito)",
        "P%d enfrenta hoje um chefe da casa e saiu da sess\xC3\xA3o para lutar sozinho. Para continuar, todos voltam ao menu principal, iniciam de novo -> escolhem um save e entram (quando P%d terminar)",
        "\xD0\xA3 P%d \xD1\x81\xD0\xB5\xD0\xB3\xD0\xBE\xD0\xB4\xD0\xBD\xD1\x8F \xD0\xB1\xD0\xBE\xD1\x81\xD1\x81 \xD0\xB4\xD0\xBE\xD0\xBC\xD0\xB0, \xD0\xB8 \xD0\xBE\xD0\xBD \xD0\xB2\xD1\x8B\xD1\x88\xD0\xB5\xD0\xBB \xD0\xB8\xD0\xB7 \xD1\x81\xD0\xB5\xD1\x81\xD1\x81\xD0\xB8\xD0\xB8, \xD1\x87\xD1\x82\xD0\xBE\xD0\xB1\xD1\x8B \xD1\x81\xD1\x80\xD0\xB0\xD0\xB7\xD0\xB8\xD1\x82\xD1\x8C\xD1\x81\xD1\x8F \xD0\xBE\xD0\xB4\xD0\xB8\xD0\xBD. \xD0\xA7\xD1\x82\xD0\xBE\xD0\xB1\xD1\x8B \xD0\xBF\xD1\x80\xD0\xBE\xD0\xB4\xD0\xBE\xD0\xBB\xD0\xB6\xD0\xB8\xD1\x82\xD1\x8C, \xD0\xB2\xD1\x81\xD0\xB5 \xD0\xB2\xD0\xBE\xD0\xB7\xD0\xB2\xD1\x80\xD0\xB0\xD1\x89\xD0\xB0\xD1\x8E\xD1\x82\xD1\x81\xD1\x8F \xD0\xB2 \xD0\xB3\xD0\xBB\xD0\xB0\xD0\xB2\xD0\xBD\xD0\xBE\xD0\xB5 \xD0\xBC\xD0\xB5\xD0\xBD\xD1\x8E, \xD0\xBD\xD0\xB0\xD1\x87\xD0\xB8\xD0\xBD\xD0\xB0\xD1\x8E\xD1\x82 \xD0\xB7\xD0\xB0\xD0\xBD\xD0\xBE\xD0\xB2\xD0\xBE -> \xD0\xB2\xD1\x8B\xD0\xB1\xD0\xB8\xD1\x80\xD0\xB0\xD1\x8E\xD1\x82 \xD1\x81\xD0\xBE\xD1\x85\xD1\x80\xD0\xB0\xD0\xBD\xD0\xB5\xD0\xBD\xD0\xB8\xD0\xB5 \xD0\xB8 \xD0\xB2\xD1\x85\xD0\xBE\xD0\xB4\xD1\x8F\xD1\x82 (\xD0\xBA\xD0\xBE\xD0\xB3\xD0\xB4\xD0\xB0 P%d \xD0\xB7\xD0\xB0\xD0\xBA\xD0\xBE\xD0\xBD\xD1\x87\xD0\xB8\xD1\x82 \xD0\xB1\xD0\xBE\xD0\xB9)",
        "P%d\xEC\x9D\x80(\xEB\x8A\x94) \xEC\x98\xA4\xEB\x8A\x98 \xEC\xA7\x91 \xEB\xB3\xB4\xEC\x8A\xA4\xEC\x99\x80 \xED\x98\xBC\xEC\x9E\x90 \xEC\x8B\xB8\xEC\x9A\xB0\xEA\xB8\xB0 \xEC\x9C\x84\xED\x95\xB4 \xEC\x9E\xA0\xEC\x8B\x9C \xEC\x97\xB0\xEA\xB2\xB0\xEC\x9D\x84 \xEB\x96\xA0\xEB\x82\xAC\xEC\x8A\xB5\xEB\x8B\x88\xEB\x8B\xA4. \xEA\xB3\x84\xEC\x86\x8D\xED\x95\x98\xEB\xA0\xA4\xEB\xA9\xB4 \xEB\xAA\xA8\xEB\x91\x90 \xEB\xA9\x94\xEC\x9D\xB8 \xEB\xA9\x94\xEB\x89\xB4\xEB\xA1\x9C \xEB\x8F\x8C\xEC\x95\x84\xEA\xB0\x80 \xEB\x8B\xA4\xEC\x8B\x9C \xEC\x8B\x9C\xEC\x9E\x91 -> \xEC\xA0\x80\xEC\x9E\xA5\xEC\x9D\x84 \xEA\xB3\xA8\xEB\x9D\xBC \xEC\x9E\x85\xEC\x9E\xA5\xED\x95\x98\xEC\x84\xB8\xEC\x9A\x94 (P%d\xEC\x9D\x98 \xEC\xA0\x84\xED\x88\xAC\xEA\xB0\x80 \xEB\x81\x9D\xEB\x82\x9C \xEB\x92\xA4)",
        "P%d \xE3\x81\xAF\xE4\xBB\x8A\xE6\x97\xA5\xE3\x83\x8F\xE3\x82\xA6\xE3\x82\xB9\xE3\x83\x9C\xE3\x82\xB9\xE3\x81\xA8\xE3\x81\xB2\xE3\x81\xA8\xE3\x82\x8A\xE3\x81\xA7\xE6\x88\xA6\xE3\x81\x86\xE3\x81\x9F\xE3\x82\x81\xE3\x80\x81\xE4\xB8\x80\xE6\x99\x82\xE7\x9A\x84\xE3\x81\xAB\xE6\x8E\xA5\xE7\xB6\x9A\xE3\x82\x92\xE9\x9B\xA2\xE3\x82\x8C\xE3\x81\xBE\xE3\x81\x97\xE3\x81\x9F\xE3\x80\x82\xE7\xB6\x9A\xE3\x81\x91\xE3\x82\x8B\xE3\x81\xAB\xE3\x81\xAF\xE5\x85\xA8\xE5\x93\xA1\xE3\x83\xA1\xE3\x82\xA4\xE3\x83\xB3\xE3\x83\xA1\xE3\x83\x8B\xE3\x83\xA5\xE3\x83\xBC\xE3\x81\xAB\xE6\x88\xBB\xE3\x82\x8A\xE3\x80\x81\xE5\x86\x8D\xE9\x96\x8B -> \xE3\x82\xBB\xE3\x83\xBC\xE3\x83\x96\xE3\x82\x92\xE9\x81\xB8\xE3\x82\x93\xE3\x81\xA7\xE5\x85\xA5\xE3\x81\xA3\xE3\x81\xA6\xE3\x81\x8F\xE3\x81\xA0\xE3\x81\x95\xE3\x81\x84\xEF\xBC\x88P%d \xE3\x81\xAE\xE6\x88\xA6\xE9\x97\x98\xE7\xB5\x82\xE4\xBA\x86\xE5\xBE\x8C\xEF\xBC\x89",
        "P%d \xE4\xBB\x8A\xE5\xA4\xA9\xE9\x9C\x80\xE8\xA6\x81\xE5\x8D\x95\xE4\xBA\xBA\xE8\xBF\x9B\xE8\xA1\x8C\xE5\xAE\xB6\xE5\x9B\xAD" "Boss\xE6\x88\x98\xEF\xBC\x8C\xE5\xB7\xB2\xE6\x9A\x82\xE6\x97\xB6\xE7\xA6\xBB\xE5\xBC\x80\xE8\x81\x94\xE6\x9C\xBA\xE3\x80\x82\xE5\xA6\x82\xE6\x9E\x9C\xE8\xA6\x81\xE7\xBB\xA7\xE7\xBB\xAD\xE6\xB8\xB8\xE6\x88\x8F\xEF\xBC\x8C\xE8\xAF\xB7\xE6\x89\x80\xE6\x9C\x89\xE7\x8E\xA9\xE5\xAE\xB6\xE5\x9B\x9E\xE5\x88\xB0\xE4\xB8\xBB\xE8\x8F\x9C\xE5\x8D\x95\xE9\x87\x8D\xE6\x96\xB0\xE5\xBC\x80\xE5\xA7\x8B\xE6\xB8\xB8\xE6\x88\x8F->\xE9\x80\x89\xE6\x8B\xA9\xE5\xAD\x98\xE6\xA1\xA3\xE5\xB9\xB6\xE8\xBF\x9B\xE5\x85\xA5\xE6\xB8\xB8\xE6\x88\x8F\xEF\xBC\x88\xE9\x9C\x80\xE7\xAD\x89\xE5\xBE\x85 P%d \xE5\xAE\x8C\xE6\x88\x90" "Boss\xE6\x88\x98\xEF\xBC\x89",
    },
    { // R_PEER_DROPPED
        "P%d dropped out. To keep playing, every player returns to the main menu, starts the game again -> picks a save and enters",
        "P%d se desconect\xC3\xB3. Para seguir, todos vuelven al men\xC3\xBA principal, inician de nuevo -> eligen partida y entran",
        "P%d s'est d\xC3\xA9" "connect\xC3\xA9. Pour continuer, tous reviennent au menu principal, relancent -> choisissent une sauvegarde et entrent",
        "P%d hat die Verbindung verloren. Zum Weiterspielen: alle ins Hauptmen\xC3\xBC, neu starten -> Spielstand w\xC3\xA4hlen und beitreten",
        "P%d si \xC3\xA8 disconnesso. Per continuare, tutti tornano al menu principale, ricominciano -> scelgono un salvataggio ed entrano",
        "P%d caiu. Para continuar, todos voltam ao menu principal, iniciam de novo -> escolhem um save e entram",
        "P%d \xD0\xBE\xD1\x82\xD0\xBA\xD0\xBB\xD1\x8E\xD1\x87\xD0\xB8\xD0\xBB\xD1\x81\xD1\x8F. \xD0\xA7\xD1\x82\xD0\xBE\xD0\xB1\xD1\x8B \xD0\xBF\xD1\x80\xD0\xBE\xD0\xB4\xD0\xBE\xD0\xBB\xD0\xB6\xD0\xB8\xD1\x82\xD1\x8C, \xD0\xB2\xD1\x81\xD0\xB5 \xD0\xB2\xD0\xBE\xD0\xB7\xD0\xB2\xD1\x80\xD0\xB0\xD1\x89\xD0\xB0\xD1\x8E\xD1\x82\xD1\x81\xD1\x8F \xD0\xB2 \xD0\xB3\xD0\xBB\xD0\xB0\xD0\xB2\xD0\xBD\xD0\xBE\xD0\xB5 \xD0\xBC\xD0\xB5\xD0\xBD\xD1\x8E, \xD0\xBD\xD0\xB0\xD1\x87\xD0\xB8\xD0\xBD\xD0\xB0\xD1\x8E\xD1\x82 \xD0\xB7\xD0\xB0\xD0\xBD\xD0\xBE\xD0\xB2\xD0\xBE -> \xD0\xB2\xD1\x8B\xD0\xB1\xD0\xB8\xD1\x80\xD0\xB0\xD1\x8E\xD1\x82 \xD1\x81\xD0\xBE\xD1\x85\xD1\x80\xD0\xB0\xD0\xBD\xD0\xB5\xD0\xBD\xD0\xB8\xD0\xB5 \xD0\xB8 \xD0\xB2\xD1\x85\xD0\xBE\xD0\xB4\xD1\x8F\xD1\x82",
        "P%d\xEC\x9D\x98 \xEC\x97\xB0\xEA\xB2\xB0\xEC\x9D\xB4 \xEB\x81\x8A\xEA\xB2\xBC\xEC\x8A\xB5\xEB\x8B\x88\xEB\x8B\xA4. \xEA\xB3\x84\xEC\x86\x8D\xED\x95\x98\xEB\xA0\xA4\xEB\xA9\xB4 \xEB\xAA\xA8\xEB\x91\x90 \xEB\xA9\x94\xEC\x9D\xB8 \xEB\xA9\x94\xEB\x89\xB4\xEB\xA1\x9C \xEB\x8F\x8C\xEC\x95\x84\xEA\xB0\x80 \xEB\x8B\xA4\xEC\x8B\x9C \xEC\x8B\x9C\xEC\x9E\x91 -> \xEC\xA0\x80\xEC\x9E\xA5\xEC\x9D\x84 \xEA\xB3\xA8\xEB\x9D\xBC \xEC\x9E\x85\xEC\x9E\xA5\xED\x95\x98\xEC\x84\xB8\xEC\x9A\x94",
        "P%d \xE3\x81\xAE\xE6\x8E\xA5\xE7\xB6\x9A\xE3\x81\x8C\xE5\x88\x87\xE3\x82\x8C\xE3\x81\xBE\xE3\x81\x97\xE3\x81\x9F\xE3\x80\x82\xE7\xB6\x9A\xE3\x81\x91\xE3\x82\x8B\xE3\x81\xAB\xE3\x81\xAF\xE5\x85\xA8\xE5\x93\xA1\xE3\x83\xA1\xE3\x82\xA4\xE3\x83\xB3\xE3\x83\xA1\xE3\x83\x8B\xE3\x83\xA5\xE3\x83\xBC\xE3\x81\xAB\xE6\x88\xBB\xE3\x82\x8A\xE3\x80\x81\xE5\x86\x8D\xE9\x96\x8B -> \xE3\x82\xBB\xE3\x83\xBC\xE3\x83\x96\xE3\x82\x92\xE9\x81\xB8\xE3\x82\x93\xE3\x81\xA7\xE5\x85\xA5\xE3\x81\xA3\xE3\x81\xA6\xE3\x81\x8F\xE3\x81\xA0\xE3\x81\x95\xE3\x81\x84",
        "P%d\xE7\x8E\xA9\xE5\xAE\xB6\xE6\x8E\x89\xE7\xBA\xBF\xEF\xBC\x8C\xE5\xA6\x82\xE6\x9E\x9C\xE8\xA6\x81\xE7\xBB\xA7\xE7\xBB\xAD\xE6\xB8\xB8\xE6\x88\x8F\xEF\xBC\x8C\xE8\xAF\xB7\xE6\x89\x80\xE6\x9C\x89\xE7\x8E\xA9\xE5\xAE\xB6\xE5\x9B\x9E\xE5\x88\xB0\xE4\xB8\xBB\xE8\x8F\x9C\xE5\x8D\x95\xE9\x87\x8D\xE6\x96\xB0\xE5\xBC\x80\xE5\xA7\x8B\xE6\xB8\xB8\xE6\x88\x8F->\xE9\x80\x89\xE6\x8B\xA9\xE5\xAD\x98\xE6\xA1\xA3\xE5\xB9\xB6\xE8\xBF\x9B\xE5\x85\xA5\xE6\xB8\xB8\xE6\x88\x8F",
    },
    { // R_REPICK_BY
        "P%d started the save selection over; pick a save again",
        "P%d reinici\xC3\xB3 la selecci\xC3\xB3n; elige partida de nuevo",
        "P%d a relanc\xC3\xA9 le choix ; choisissez \xC3\xA0 nouveau",
        "P%d hat die Auswahl neu gestartet; bitte neu w\xC3\xA4hlen",
        "P%d ha ricominciato la scelta; scegli di nuovo",
        "P%d reiniciou a escolha; escolha de novo",
        "P%d \xD0\xBD\xD0\xB0\xD1\x87\xD0\xB0\xD0\xBB \xD0\xB2\xD1\x8B\xD0\xB1\xD0\xBE\xD1\x80 \xD0\xB7\xD0\xB0\xD0\xBD\xD0\xBE\xD0\xB2\xD0\xBE; \xD0\xB2\xD1\x8B\xD0\xB1\xD0\xB5\xD1\x80\xD0\xB8\xD1\x82\xD0\xB5 \xD1\x81\xD0\xBE\xD1\x85\xD1\x80\xD0\xB0\xD0\xBD\xD0\xB5\xD0\xBD\xD0\xB8\xD0\xB5 \xD0\xB5\xD1\x89\xD1\x91 \xD1\x80\xD0\xB0\xD0\xB7",
        "P%d\xEC\x9D\xB4(\xEA\xB0\x80) \xEC\xA0\x80\xEC\x9E\xA5 \xEC\x84\xA0\xED\x83\x9D\xEC\x9D\x84 \xEB\x8B\xA4\xEC\x8B\x9C \xEC\x8B\x9C\xEC\x9E\x91\xED\x96\x88\xEC\x8A\xB5\xEB\x8B\x88\xEB\x8B\xA4. \xEB\x8B\xA4\xEC\x8B\x9C \xEA\xB3\xA0\xEB\xA5\xB4\xEC\x84\xB8\xEC\x9A\x94",
        "P%d \xE3\x81\x8C\xE3\x82\xBB\xE3\x83\xBC\xE3\x83\x96\xE9\x81\xB8\xE6\x8A\x9E\xE3\x82\x92\xE3\x82\x84\xE3\x82\x8A\xE7\x9B\xB4\xE3\x81\x97\xE3\x81\xBE\xE3\x81\x97\xE3\x81\x9F\xE3\x80\x82\xE9\x81\xB8\xE3\x81\xB3\xE7\x9B\xB4\xE3\x81\x97\xE3\x81\xA6\xE3\x81\x8F\xE3\x81\xA0\xE3\x81\x95\xE3\x81\x84",
        "P%d \xE9\x87\x8D\xE6\x96\xB0\xE5\xBC\x80\xE5\xA7\x8B\xE4\xBA\x86\xE5\xAD\x98\xE6\xA1\xA3\xE9\x80\x89\xE6\x8B\xA9\xEF\xBC\x8C\xE8\xAF\xB7\xE9\x87\x8D\xE6\x96\xB0\xE9\x80\x89\xE6\x8B\xA9\xE5\xAD\x98\xE6\xA1\xA3",
    },
    { // R_SOLO_BACK
        "The solo boss fight is over; reconnecting to the room -- pick a save again once connected",
        "El combate en solitario termin\xC3\xB3; reconectando con la sala: elige partida al conectar",
        "Le combat en solo est termin\xC3\xA9 ; reconnexion au salon -- choisissez une sauvegarde ensuite",
        "Der Solo-Bosskampf ist vorbei; verbinde neu -- danach Spielstand w\xC3\xA4hlen",
        "Lo scontro in solitario \xC3\xA8 finito; riconnessione alla stanza -- poi scegli un salvataggio",
        "A luta solo terminou; reconectando \xC3\xA0 sala -- depois escolha um save",
        "\xD0\x9E\xD0\xB4\xD0\xB8\xD0\xBD\xD0\xBE\xD1\x87\xD0\xBD\xD1\x8B\xD0\xB9 \xD0\xB1\xD0\xBE\xD0\xB9 \xD0\xBE\xD0\xBA\xD0\xBE\xD0\xBD\xD1\x87\xD0\xB5\xD0\xBD; \xD0\xBF\xD0\xB5\xD1\x80\xD0\xB5\xD0\xBF\xD0\xBE\xD0\xB4\xD0\xBA\xD0\xBB\xD1\x8E\xD1\x87\xD0\xB5\xD0\xBD\xD0\xB8\xD0\xB5 \xD0\xBA \xD0\xBA\xD0\xBE\xD0\xBC\xD0\xBD\xD0\xB0\xD1\x82\xD0\xB5 \xE2\x80\x94 \xD0\xB7\xD0\xB0\xD1\x82\xD0\xB5\xD0\xBC \xD0\xB2\xD1\x8B\xD0\xB1\xD0\xB5\xD1\x80\xD0\xB8\xD1\x82\xD0\xB5 \xD1\x81\xD0\xBE\xD1\x85\xD1\x80\xD0\xB0\xD0\xBD\xD0\xB5\xD0\xBD\xD0\xB8\xD0\xB5",
        "\xED\x98\xBC\xEC\x9E\x90 \xED\x95\x98\xEB\x8A\x94 \xEB\xB3\xB4\xEC\x8A\xA4 \xEC\xA0\x84\xED\x88\xAC\xEA\xB0\x80 \xEB\x81\x9D\xEB\x82\xAC\xEC\x8A\xB5\xEB\x8B\x88\xEB\x8B\xA4. \xEB\xB0\xA9\xEC\x97\x90 \xEB\x8B\xA4\xEC\x8B\x9C \xEC\x97\xB0\xEA\xB2\xB0 \xEC\xA4\x91\xEC\x9D\xB4\xEB\xA9\xB0, \xEC\x97\xB0\xEA\xB2\xB0\xEB\x90\x98\xEB\xA9\xB4 \xEC\xA0\x80\xEC\x9E\xA5\xEC\x9D\x84 \xEB\x8B\xA4\xEC\x8B\x9C \xEA\xB3\xA0\xEB\xA5\xB4\xEC\x84\xB8\xEC\x9A\x94",
        "\xE3\x81\xB2\xE3\x81\xA8\xE3\x82\x8A\xE3\x81\xA7\xE3\x81\xAE\xE3\x83\x9C\xE3\x82\xB9\xE6\x88\xA6\xE3\x81\x8C\xE7\xB5\x82\xE3\x82\x8F\xE3\x82\x8A\xE3\x81\xBE\xE3\x81\x97\xE3\x81\x9F\xE3\x80\x82\xE3\x83\xAB\xE3\x83\xBC\xE3\x83\xA0\xE3\x81\xAB\xE5\x86\x8D\xE6\x8E\xA5\xE7\xB6\x9A\xE4\xB8\xAD\xE3\x81\xA7\xE3\x81\x99\xE3\x80\x82\xE6\x8E\xA5\xE7\xB6\x9A\xE5\xBE\x8C\xE3\x81\xAB\xE3\x82\xBB\xE3\x83\xBC\xE3\x83\x96\xE3\x82\x92\xE9\x81\xB8\xE3\x81\xB3\xE7\x9B\xB4\xE3\x81\x97\xE3\x81\xA6\xE3\x81\x8F\xE3\x81\xA0\xE3\x81\x95\xE3\x81\x84",
        "\xE5\x8D\x95\xE4\xBA\xBA" "Boss\xE6\x88\x98\xE5\xB7\xB2\xE7\xBB\x93\xE6\x9D\x9F\xEF\xBC\x8C\xE6\xAD\xA3\xE5\x9C\xA8\xE9\x87\x8D\xE6\x96\xB0\xE8\xBF\x9E\xE6\x8E\xA5\xE6\x88\xBF\xE9\x97\xB4\xEF\xBC\x8C\xE8\xBF\x9E\xE6\x8E\xA5\xE5\x90\x8E\xE8\xAF\xB7\xE9\x87\x8D\xE6\x96\xB0\xE9\x80\x89\xE6\x8B\xA9\xE5\xAD\x98\xE6\xA1\xA3",
    },
    { // R_NOT_CONNECTED
        "Not connected to the other players in the room yet; to play alone, leave the room first",
        "A\xC3\xBAn sin conexi\xC3\xB3n con los dem\xC3\xA1s de la sala; para jugar solo, sal primero",
        "Pas encore connect\xC3\xA9 aux autres joueurs ; pour jouer seul, quittez le salon",
        "Noch nicht mit den anderen verbunden; f\xC3\xBCr Einzelspiel zuerst den Raum verlassen",
        "Non ancora connesso agli altri; per giocare da solo, esci prima dalla stanza",
        "Ainda sem conex\xC3\xA3o com os outros; para jogar sozinho, saia da sala",
        "\xD0\x9D\xD0\xB5\xD1\x82 \xD1\x81\xD0\xB2\xD1\x8F\xD0\xB7\xD0\xB8 \xD1\x81 \xD0\xB4\xD1\x80\xD1\x83\xD0\xB3\xD0\xB8\xD0\xBC\xD0\xB8 \xD0\xB8\xD0\xB3\xD1\x80\xD0\xBE\xD0\xBA\xD0\xB0\xD0\xBC\xD0\xB8; \xD1\x87\xD1\x82\xD0\xBE\xD0\xB1\xD1\x8B \xD0\xB8\xD0\xB3\xD1\x80\xD0\xB0\xD1\x82\xD1\x8C \xD0\xBE\xD0\xB4\xD0\xBD\xD0\xBE\xD0\xBC\xD1\x83, \xD0\xBF\xD0\xBE\xD0\xBA\xD0\xB8\xD0\xBD\xD1\x8C\xD1\x82\xD0\xB5 \xD0\xBA\xD0\xBE\xD0\xBC\xD0\xBD\xD0\xB0\xD1\x82\xD1\x83",
        "\xEC\x95\x84\xEC\xA7\x81 \xEB\xB0\xA9\xEC\x9D\x98 \xEB\x8B\xA4\xEB\xA5\xB8 \xED\x94\x8C\xEB\xA0\x88\xEC\x9D\xB4\xEC\x96\xB4\xEC\x99\x80 \xEC\x97\xB0\xEA\xB2\xB0\xEB\x90\x98\xEC\xA7\x80 \xEC\x95\x8A\xEC\x95\x98\xEC\x8A\xB5\xEB\x8B\x88\xEB\x8B\xA4. \xED\x98\xBC\xEC\x9E\x90 \xED\x95\x98\xEB\xA0\xA4\xEB\xA9\xB4 \xEB\xA8\xBC\xEC\xA0\x80 \xEB\xB0\xA9\xEC\x9D\x84 \xEB\x82\x98\xEA\xB0\x80\xEC\x84\xB8\xEC\x9A\x94",
        "\xE3\x81\xBE\xE3\x81\xA0\xE4\xBB\x96\xE3\x81\xAE\xE3\x83\x97\xE3\x83\xAC\xE3\x82\xA4\xE3\x83\xA4\xE3\x83\xBC\xE3\x81\xA8\xE6\x8E\xA5\xE7\xB6\x9A\xE3\x81\x97\xE3\x81\xA6\xE3\x81\x84\xE3\x81\xBE\xE3\x81\x9B\xE3\x82\x93\xE3\x80\x82\xE3\x81\xB2\xE3\x81\xA8\xE3\x82\x8A\xE3\x81\xA7\xE9\x81\x8A\xE3\x81\xB6\xE3\x81\xAB\xE3\x81\xAF\xE5\x85\x88\xE3\x81\xAB\xE3\x83\xAB\xE3\x83\xBC\xE3\x83\xA0\xE3\x82\x92\xE9\x80\x80\xE5\x87\xBA\xE3\x81\x97\xE3\x81\xA6\xE3\x81\x8F\xE3\x81\xA0\xE3\x81\x95\xE3\x81\x84",
        "\xE5\xB0\x9A\xE6\x9C\xAA\xE4\xB8\x8E\xE6\x88\xBF\xE9\x97\xB4\xE5\x86\x85\xE7\x9A\x84\xE5\x85\xB6\xE4\xBB\x96\xE7\x8E\xA9\xE5\xAE\xB6\xE5\xBB\xBA\xE7\xAB\x8B\xE8\x81\x94\xE6\x9C\xBA\xE8\xBF\x9E\xE6\x8E\xA5\xEF\xBC\x9B\xE5\xA6\x82\xE9\x9C\x80\xE5\x8D\x95\xE4\xBA\xBA\xE6\xB8\xB8\xE6\x88\x8F\xE8\xAF\xB7\xE5\x85\x88\xE7\xA6\xBB\xE5\xBC\x80\xE6\x88\xBF\xE9\x97\xB4",
    },
    { // R_ALREADY_PICKED
        "A save is already picked; to change it, press \"Pick saves again\" on the panel",
        "Ya elegiste partida; para cambiarla pulsa \"Volver a elegir partidas\"",
        "Sauvegarde d\xC3\xA9j\xC3\xA0 choisie ; pour changer, utilisez \xC2\xAB Choisir \xC3\xA0 nouveau \xC2\xBB",
        "Bereits gew\xC3\xA4hlt; zum \xC3\x84ndern \xE2\x80\x9ENeu w\xC3\xA4hlen\xE2\x80\x9C dr\xC3\xBC" "cken",
        "Salvataggio gi\xC3\xA0 scelto; per cambiarlo premi \"Scegli di nuovo\"",
        "Save j\xC3\xA1 escolhido; para trocar, aperte \"Escolher de novo\"",
        "\xD0\xA1\xD0\xBE\xD1\x85\xD1\x80\xD0\xB0\xD0\xBD\xD0\xB5\xD0\xBD\xD0\xB8\xD0\xB5 \xD1\x83\xD0\xB6\xD0\xB5 \xD0\xB2\xD1\x8B\xD0\xB1\xD1\x80\xD0\xB0\xD0\xBD\xD0\xBE; \xD1\x87\xD1\x82\xD0\xBE\xD0\xB1\xD1\x8B \xD1\x81\xD0\xBC\xD0\xB5\xD0\xBD\xD0\xB8\xD1\x82\xD1\x8C, \xD0\xBD\xD0\xB0\xD0\xB6\xD0\xBC\xD0\xB8\xD1\x82\xD0\xB5 \xC2\xAB\xD0\x92\xD1\x8B\xD0\xB1\xD1\x80\xD0\xB0\xD1\x82\xD1\x8C \xD0\xB7\xD0\xB0\xD0\xBD\xD0\xBE\xD0\xB2\xD0\xBE\xC2\xBB",
        "\xEC\x9D\xB4\xEB\xAF\xB8 \xEC\xA0\x80\xEC\x9E\xA5\xEC\x9D\x84 \xEA\xB3\xA8\xEB\x9E\x90\xEC\x8A\xB5\xEB\x8B\x88\xEB\x8B\xA4. \xEB\xB0\x94\xEA\xBE\xB8\xEB\xA0\xA4\xEB\xA9\xB4 \xED\x8C\xA8\xEB\x84\x90\xEC\x9D\x98 \"\xEC\xA0\x80\xEC\x9E\xA5 \xEB\x8B\xA4\xEC\x8B\x9C \xEA\xB3\xA0\xEB\xA5\xB4\xEA\xB8\xB0\"\xEB\xA5\xBC \xEB\x88\x84\xEB\xA5\xB4\xEC\x84\xB8\xEC\x9A\x94",
        "\xE3\x82\xBB\xE3\x83\xBC\xE3\x83\x96\xE3\x81\xAF\xE9\x81\xB8\xE6\x8A\x9E\xE6\xB8\x88\xE3\x81\xBF\xE3\x81\xA7\xE3\x81\x99\xE3\x80\x82\xE5\xA4\x89\xE6\x9B\xB4\xE3\x81\x99\xE3\x82\x8B\xE3\x81\xAB\xE3\x81\xAF\xE3\x83\x91\xE3\x83\x8D\xE3\x83\xAB\xE3\x81\xAE\xE3\x80\x8C\xE3\x82\xBB\xE3\x83\xBC\xE3\x83\x96\xE3\x82\x92\xE9\x81\xB8\xE3\x81\xB3\xE7\x9B\xB4\xE3\x81\x99\xE3\x80\x8D\xE3\x82\x92\xE6\x8A\xBC\xE3\x81\x97\xE3\x81\xA6\xE3\x81\x8F\xE3\x81\xA0\xE3\x81\x95\xE3\x81\x84",
        "\xE5\xB7\xB2\xE9\x80\x89\xE6\x8B\xA9\xE5\xAD\x98\xE6\xA1\xA3\xEF\xBC\x9B\xE5\xA6\x82\xE9\x9C\x80\xE6\x9B\xB4\xE6\x8D\xA2\xEF\xBC\x8C\xE8\xAF\xB7\xE7\x82\xB9\xE5\x87\xBB\xE9\x9D\xA2\xE6\x9D\xBF\xE4\xB8\x8A\xE7\x9A\x84\xE2\x80\x9C\xE9\x87\x8D\xE6\x96\xB0\xE9\x80\x89\xE6\x8B\xA9\xE5\xAD\x98\xE6\xA1\xA3\xE2\x80\x9D",
    },
    { // R_LOCK_FIRST_HOST
        "Lock the room before picking a save",
        "Bloquea la sala antes de elegir partida",
        "Verrouillez le salon avant de choisir",
        "Sperre den Raum, bevor du w\xC3\xA4hlst",
        "Blocca la stanza prima di scegliere",
        "Tranque a sala antes de escolher",
        "\xD0\x97\xD0\xB0\xD0\xBA\xD1\x80\xD0\xBE\xD0\xB9\xD1\x82\xD0\xB5 \xD0\xBA\xD0\xBE\xD0\xBC\xD0\xBD\xD0\xB0\xD1\x82\xD1\x83 \xD0\xBF\xD0\xB5\xD1\x80\xD0\xB5\xD0\xB4 \xD0\xB2\xD1\x8B\xD0\xB1\xD0\xBE\xD1\x80\xD0\xBE\xD0\xBC \xD1\x81\xD0\xBE\xD1\x85\xD1\x80\xD0\xB0\xD0\xBD\xD0\xB5\xD0\xBD\xD0\xB8\xD1\x8F",
        "\xEC\xA0\x80\xEC\x9E\xA5\xEC\x9D\x84 \xEA\xB3\xA0\xEB\xA5\xB4\xEA\xB8\xB0 \xEC\xA0\x84\xEC\x97\x90 \xEB\xB0\xA9\xEC\x9D\x84 \xEC\x9E\xA0\xEA\xB7\xB8\xEC\x84\xB8\xEC\x9A\x94",
        "\xE3\x82\xBB\xE3\x83\xBC\xE3\x83\x96\xE3\x82\x92\xE9\x81\xB8\xE3\x81\xB6\xE5\x89\x8D\xE3\x81\xAB\xE3\x83\xAB\xE3\x83\xBC\xE3\x83\xA0\xE3\x82\x92\xE3\x83\xAD\xE3\x83\x83\xE3\x82\xAF\xE3\x81\x97\xE3\x81\xA6\xE3\x81\x8F\xE3\x81\xA0\xE3\x81\x95\xE3\x81\x84",
        "\xE5\x85\x88\xE9\x94\x81\xE5\xAE\x9A\xE6\x88\xBF\xE9\x97\xB4\xE5\x90\x8E\xE5\x86\x8D\xE9\x80\x89\xE6\x8B\xA9\xE5\xAD\x98\xE6\xA1\xA3",
    },
    { // R_LOCK_FIRST_CLIENT
        "Wait for the host to lock the room before picking a save",
        "Espera a que el anfitri\xC3\xB3n bloquee la sala",
        "Attendez que l'h\xC3\xB4te verrouille le salon",
        "Warte, bis der Host den Raum sperrt",
        "Attendi che l'host blocchi la stanza",
        "Espere o anfitri\xC3\xA3o trancar a sala",
        "\xD0\x94\xD0\xBE\xD0\xB6\xD0\xB4\xD0\xB8\xD1\x82\xD0\xB5\xD1\x81\xD1\x8C, \xD0\xBF\xD0\xBE\xD0\xBA\xD0\xB0 \xD1\x85\xD0\xBE\xD1\x81\xD1\x82 \xD0\xB7\xD0\xB0\xD0\xBA\xD1\x80\xD0\xBE\xD0\xB5\xD1\x82 \xD0\xBA\xD0\xBE\xD0\xBC\xD0\xBD\xD0\xB0\xD1\x82\xD1\x83",
        "\xEB\xB0\xA9\xEC\x9E\xA5\xEC\x9D\xB4 \xEB\xB0\xA9\xEC\x9D\x84 \xEC\x9E\xA0\xEA\xB8\x80 \xEB\x95\x8C\xEA\xB9\x8C\xEC\xA7\x80 \xEA\xB8\xB0\xEB\x8B\xA4\xEB\xA6\xAC\xEC\x84\xB8\xEC\x9A\x94",
        "\xE3\x83\x9B\xE3\x82\xB9\xE3\x83\x88\xE3\x81\x8C\xE3\x83\xAB\xE3\x83\xBC\xE3\x83\xA0\xE3\x82\x92\xE3\x83\xAD\xE3\x83\x83\xE3\x82\xAF\xE3\x81\x99\xE3\x82\x8B\xE3\x81\xBE\xE3\x81\xA7\xE3\x81\x8A\xE5\xBE\x85\xE3\x81\xA1\xE3\x81\x8F\xE3\x81\xA0\xE3\x81\x95\xE3\x81\x84",
        "\xE7\xAD\x89\xE5\xBE\x85\xE6\x88\xBF\xE4\xB8\xBB\xE9\x94\x81\xE5\xAE\x9A\xE6\x88\xBF\xE9\x97\xB4\xE5\x90\x8E\xE5\x86\x8D\xE9\x80\x89\xE6\x8B\xA9\xE5\xAD\x98\xE6\xA1\xA3",
    },
    { // R_WAIT_BOSS
        "Wait until P%u finishes the solo house boss fight",
        "Espera a que P%u termine su combate contra el jefe de la casa",
        "Attendez que P%u finisse son combat contre le boss",
        "Warte, bis P%u den Haus-Boss-Kampf beendet",
        "Attendi che P%u finisca lo scontro con il boss",
        "Espere P%u terminar a luta contra o chefe",
        "\xD0\x94\xD0\xBE\xD0\xB6\xD0\xB4\xD0\xB8\xD1\x82\xD0\xB5\xD1\x81\xD1\x8C, \xD0\xBF\xD0\xBE\xD0\xBA\xD0\xB0 P%u \xD0\xB7\xD0\xB0\xD0\xBA\xD0\xBE\xD0\xBD\xD1\x87\xD0\xB8\xD1\x82 \xD0\xB1\xD0\xBE\xD0\xB9 \xD1\x81 \xD0\xB1\xD0\xBE\xD1\x81\xD1\x81\xD0\xBE\xD0\xBC \xD0\xB4\xD0\xBE\xD0\xBC\xD0\xB0",
        "P%u\xEC\x9D\xB4(\xEA\xB0\x80) \xED\x98\xBC\xEC\x9E\x90 \xED\x95\x98\xEB\x8A\x94 \xEC\xA7\x91 \xEB\xB3\xB4\xEC\x8A\xA4 \xEC\xA0\x84\xED\x88\xAC\xEB\xA5\xBC \xEB\xA7\x88\xEC\xB9\xA0 \xEB\x95\x8C\xEA\xB9\x8C\xEC\xA7\x80 \xEA\xB8\xB0\xEB\x8B\xA4\xEB\xA6\xAC\xEC\x84\xB8\xEC\x9A\x94",
        "P%u \xE3\x81\x8C\xE3\x83\x8F\xE3\x82\xA6\xE3\x82\xB9\xE3\x83\x9C\xE3\x82\xB9\xE6\x88\xA6\xE3\x82\x92\xE7\xB5\x82\xE3\x81\x88\xE3\x82\x8B\xE3\x81\xBE\xE3\x81\xA7\xE3\x81\x8A\xE5\xBE\x85\xE3\x81\xA1\xE3\x81\x8F\xE3\x81\xA0\xE3\x81\x95\xE3\x81\x84",
        "\xE7\xAD\x89\xE5\xBE\x85 P%u \xE5\xAE\x8C\xE6\x88\x90\xE5\x8D\x95\xE4\xBA\xBA\xE5\xAE\xB6\xE5\x9B\xAD" "Boss\xE6\x88\x98\xE5\x90\x8E\xE5\x86\x8D\xE9\x80\x89\xE6\x8B\xA9\xE5\xAD\x98\xE6\xA1\xA3",
    },
    { // R_NEED_TWO
        "At least two players are needed to pick saves; to play alone, leave the room first",
        "Se necesitan al menos dos jugadores; para jugar solo, sal de la sala",
        "Il faut au moins deux joueurs ; pour jouer seul, quittez le salon",
        "Mindestens zwei Spieler n\xC3\xB6tig; f\xC3\xBCr Einzelspiel den Raum verlassen",
        "Servono almeno due giocatori; per giocare da solo, esci dalla stanza",
        "S\xC3\xA3o necess\xC3\xA1rios ao menos dois jogadores; para jogar sozinho, saia da sala",
        "\xD0\x9D\xD1\x83\xD0\xB6\xD0\xBD\xD0\xBE \xD0\xBC\xD0\xB8\xD0\xBD\xD0\xB8\xD0\xBC\xD1\x83\xD0\xBC \xD0\xB4\xD0\xB2\xD0\xB0 \xD0\xB8\xD0\xB3\xD1\x80\xD0\xBE\xD0\xBA\xD0\xB0; \xD1\x87\xD1\x82\xD0\xBE\xD0\xB1\xD1\x8B \xD0\xB8\xD0\xB3\xD1\x80\xD0\xB0\xD1\x82\xD1\x8C \xD0\xBE\xD0\xB4\xD0\xBD\xD0\xBE\xD0\xBC\xD1\x83, \xD0\xBF\xD0\xBE\xD0\xBA\xD0\xB8\xD0\xBD\xD1\x8C\xD1\x82\xD0\xB5 \xD0\xBA\xD0\xBE\xD0\xBC\xD0\xBD\xD0\xB0\xD1\x82\xD1\x83",
        "\xEC\xA0\x80\xEC\x9E\xA5\xEC\x9D\x84 \xEA\xB3\xA0\xEB\xA5\xB4\xEB\xA0\xA4\xEB\xA9\xB4 \xEC\xB5\x9C\xEC\x86\x8C \xEB\x91\x90 \xEB\xAA\x85\xEC\x9D\xB4 \xED\x95\x84\xEC\x9A\x94\xED\x95\xA9\xEB\x8B\x88\xEB\x8B\xA4. \xED\x98\xBC\xEC\x9E\x90 \xED\x95\x98\xEB\xA0\xA4\xEB\xA9\xB4 \xEB\xB0\xA9\xEC\x9D\x84 \xEB\x82\x98\xEA\xB0\x80\xEC\x84\xB8\xEC\x9A\x94",
        "\xE3\x82\xBB\xE3\x83\xBC\xE3\x83\x96\xE3\x82\x92\xE9\x81\xB8\xE3\x81\xB6\xE3\x81\xAB\xE3\x81\xAF" "2\xE4\xBA\xBA\xE4\xBB\xA5\xE4\xB8\x8A\xE5\xBF\x85\xE8\xA6\x81\xE3\x81\xA7\xE3\x81\x99\xE3\x80\x82\xE3\x81\xB2\xE3\x81\xA8\xE3\x82\x8A\xE3\x81\xA7\xE9\x81\x8A\xE3\x81\xB6\xE3\x81\xAA\xE3\x82\x89\xE3\x83\xAB\xE3\x83\xBC\xE3\x83\xA0\xE3\x82\x92\xE9\x80\x80\xE5\x87\xBA\xE3\x81\x97\xE3\x81\xA6\xE3\x81\x8F\xE3\x81\xA0\xE3\x81\x95\xE3\x81\x84",
        "\xE6\x88\xBF\xE9\x97\xB4\xE5\x86\x85\xE8\x87\xB3\xE5\xB0\x91\xE9\x9C\x80\xE8\xA6\x81\xE4\xB8\xA4\xE5\x90\x8D\xE7\x8E\xA9\xE5\xAE\xB6\xE6\x89\x8D\xE8\x83\xBD\xE9\x80\x89\xE6\x8B\xA9\xE5\xAD\x98\xE6\xA1\xA3\xEF\xBC\x9B\xE5\xA6\x82\xE9\x9C\x80\xE5\x8D\x95\xE4\xBA\xBA\xE6\xB8\xB8\xE6\x88\x8F\xE8\xAF\xB7\xE5\x85\x88\xE7\xA6\xBB\xE5\xBC\x80\xE6\x88\xBF\xE9\x97\xB4",
    },
    { // R_WAIT_CONNECT
        "Wait until every player is connected",
        "Espera a que todos est\xC3\xA9n conectados",
        "Attendez que tous soient connect\xC3\xA9s",
        "Warte, bis alle verbunden sind",
        "Attendi che tutti siano connessi",
        "Espere todos se conectarem",
        "\xD0\x94\xD0\xBE\xD0\xB6\xD0\xB4\xD0\xB8\xD1\x82\xD0\xB5\xD1\x81\xD1\x8C \xD0\xBF\xD0\xBE\xD0\xB4\xD0\xBA\xD0\xBB\xD1\x8E\xD1\x87\xD0\xB5\xD0\xBD\xD0\xB8\xD1\x8F \xD0\xB2\xD1\x81\xD0\xB5\xD1\x85 \xD0\xB8\xD0\xB3\xD1\x80\xD0\xBE\xD0\xBA\xD0\xBE\xD0\xB2",
        "\xEB\xAA\xA8\xEB\x93\xA0 \xED\x94\x8C\xEB\xA0\x88\xEC\x9D\xB4\xEC\x96\xB4\xEA\xB0\x80 \xEC\x97\xB0\xEA\xB2\xB0\xEB\x90\xA0 \xEB\x95\x8C\xEA\xB9\x8C\xEC\xA7\x80 \xEA\xB8\xB0\xEB\x8B\xA4\xEB\xA6\xAC\xEC\x84\xB8\xEC\x9A\x94",
        "\xE5\x85\xA8\xE5\x93\xA1\xE3\x81\x8C\xE6\x8E\xA5\xE7\xB6\x9A\xE3\x81\x99\xE3\x82\x8B\xE3\x81\xBE\xE3\x81\xA7\xE3\x81\x8A\xE5\xBE\x85\xE3\x81\xA1\xE3\x81\x8F\xE3\x81\xA0\xE3\x81\x95\xE3\x81\x84",
        "\xE7\xAD\x89\xE5\xBE\x85\xE6\x89\x80\xE6\x9C\x89\xE7\x8E\xA9\xE5\xAE\xB6\xE8\xBF\x9E\xE6\x8E\xA5\xE5\x90\x8E\xE5\x86\x8D\xE9\x80\x89\xE6\x8B\xA9\xE5\xAD\x98\xE6\xA1\xA3",
    },
    { // R_UNLOCK_DENIED
        "The room can only be unlocked while every player is on the main menu or the save screen",
        "Solo se puede desbloquear con todos en el men\xC3\xBA principal o en partidas",
        "D\xC3\xA9verrouillage seulement si tous sont au menu ou aux sauvegardes",
        "Entsperren nur, wenn alle im Hauptmen\xC3\xBC oder bei den Spielst\xC3\xA4nden sind",
        "Sblocco possibile solo con tutti nel menu o nei salvataggi",
        "S\xC3\xB3 \xC3\xA9 poss\xC3\xADvel destrancar com todos no menu ou nos saves",
        "\xD0\x9E\xD1\x82\xD0\xBA\xD1\x80\xD1\x8B\xD1\x82\xD1\x8C \xD0\xBA\xD0\xBE\xD0\xBC\xD0\xBD\xD0\xB0\xD1\x82\xD1\x83 \xD0\xBC\xD0\xBE\xD0\xB6\xD0\xBD\xD0\xBE, \xD1\x82\xD0\xBE\xD0\xBB\xD1\x8C\xD0\xBA\xD0\xBE \xD0\xBA\xD0\xBE\xD0\xB3\xD0\xB4\xD0\xB0 \xD0\xB2\xD1\x81\xD0\xB5 \xD0\xB2 \xD0\xBC\xD0\xB5\xD0\xBD\xD1\x8E \xD0\xB8\xD0\xBB\xD0\xB8 \xD0\xB2 \xD1\x81\xD0\xBE\xD1\x85\xD1\x80\xD0\xB0\xD0\xBD\xD0\xB5\xD0\xBD\xD0\xB8\xD1\x8F\xD1\x85",
        "\xEB\xAA\xA8\xEB\x93\xA0 \xED\x94\x8C\xEB\xA0\x88\xEC\x9D\xB4\xEC\x96\xB4\xEA\xB0\x80 \xEB\xA9\x94\xEC\x9D\xB8 \xEB\xA9\x94\xEB\x89\xB4\xEB\x82\x98 \xEC\xA0\x80\xEC\x9E\xA5 \xED\x99\x94\xEB\xA9\xB4\xEC\x97\x90 \xEC\x9E\x88\xEC\x9D\x84 \xEB\x95\x8C\xEB\xA7\x8C \xEC\x9E\xA0\xEA\xB8\x88\xEC\x9D\x84 \xED\x95\xB4\xEC\xA0\x9C\xED\x95\xA0 \xEC\x88\x98 \xEC\x9E\x88\xEC\x8A\xB5\xEB\x8B\x88\xEB\x8B\xA4",
        "\xE5\x85\xA8\xE5\x93\xA1\xE3\x81\x8C\xE3\x83\xA1\xE3\x82\xA4\xE3\x83\xB3\xE3\x83\xA1\xE3\x83\x8B\xE3\x83\xA5\xE3\x83\xBC\xE3\x81\x8B\xE3\x82\xBB\xE3\x83\xBC\xE3\x83\x96\xE7\x94\xBB\xE9\x9D\xA2\xE3\x81\xAB\xE3\x81\x84\xE3\x82\x8B\xE6\x99\x82\xE3\x81\xAE\xE3\x81\xBF\xE3\x83\xAD\xE3\x83\x83\xE3\x82\xAF\xE3\x82\x92\xE8\xA7\xA3\xE9\x99\xA4\xE3\x81\xA7\xE3\x81\x8D\xE3\x81\xBE\xE3\x81\x99",
        "\xE4\xBB\x85\xE5\xBD\x93\xE6\x89\x80\xE6\x9C\x89\xE7\x8E\xA9\xE5\xAE\xB6\xE9\x83\xBD\xE5\x9C\xA8\xE4\xB8\xBB\xE8\x8F\x9C\xE5\x8D\x95\xE6\x88\x96\xE5\xAD\x98\xE6\xA1\xA3\xE9\xA1\xB5\xE9\x9D\xA2\xE6\x97\xB6\xE6\x89\x8D\xE8\x83\xBD\xE8\xA7\xA3\xE9\x94\x81\xE6\x88\xBF\xE9\x97\xB4",
    },
    { // R_PARTY_LIMIT
        "With %d players, each player may bring at most %d cats",
        "Con %d jugadores, cada uno puede llevar como m\xC3\xA1ximo %d gatos",
        "\xC3\x80 %d joueurs, chacun peut emmener au plus %d chats",
        "Bei %d Spielern darf jeder h\xC3\xB6" "chstens %d Katzen mitnehmen",
        "Con %d giocatori, ognuno pu\xC3\xB2 portare al massimo %d gatti",
        "Com %d jogadores, cada um pode levar no m\xC3\xA1ximo %d gatos",
        "\xD0\x9F\xD1\x80\xD0\xB8 %d \xD0\xB8\xD0\xB3\xD1\x80\xD0\xBE\xD0\xBA\xD0\xB0\xD1\x85 \xD0\xBA\xD0\xB0\xD0\xB6\xD0\xB4\xD1\x8B\xD0\xB9 \xD0\xBC\xD0\xBE\xD0\xB6\xD0\xB5\xD1\x82 \xD0\xB2\xD0\xB7\xD1\x8F\xD1\x82\xD1\x8C \xD0\xBD\xD0\xB5 \xD0\xB1\xD0\xBE\xD0\xBB\xD1\x8C\xD1\x88\xD0\xB5 %d \xD0\xBA\xD0\xBE\xD1\x88\xD0\xB5\xD0\xBA",
        "%d\xEC\x9D\xB8 \xED\x94\x8C\xEB\xA0\x88\xEC\x9D\xB4\xEC\x97\x90\xEC\x84\x9C\xEB\x8A\x94 \xEA\xB0\x81\xEC\x9E\x90 \xEC\xB5\x9C\xEB\x8C\x80 %d\xEB\xA7\x88\xEB\xA6\xAC\xEA\xB9\x8C\xEC\xA7\x80 \xEB\x8D\xB0\xEB\xA0\xA4\xEA\xB0\x88 \xEC\x88\x98 \xEC\x9E\x88\xEC\x8A\xB5\xEB\x8B\x88\xEB\x8B\xA4",
        "%d\xE4\xBA\xBA\xE3\x83\x97\xE3\x83\xAC\xE3\x82\xA4\xE3\x81\xA7\xE3\x81\xAF\xE3\x80\x81" "1\xE4\xBA\xBA\xE3\x81\x82\xE3\x81\x9F\xE3\x82\x8A\xE6\x9C\x80\xE5\xA4\xA7%d\xE5\x8C\xB9\xE3\x81\xBE\xE3\x81\xA7\xE9\x80\xA3\xE3\x82\x8C\xE3\x81\xA6\xE8\xA1\x8C\xE3\x81\x91\xE3\x81\xBE\xE3\x81\x99",
        "\xE5\xBD\x93\xE5\x89\x8D\xE4\xB8\xBA%d\xE4\xBA\xBA\xE8\x81\x94\xE6\x9C\xBA\xEF\xBC\x8C\xE6\xAF\x8F\xE5\x90\x8D\xE7\x8E\xA9\xE5\xAE\xB6\xE6\x9C\x80\xE5\xA4\x9A\xE9\x80\x89\xE6\x8B\xA9%d\xE5\x8F\xAA\xE7\x8C\xAB",
    },
    { // R_PARTY_RESELECT
        "With %d players each player may bring at most %d cats, but your save has already chosen %d (you are on the \"%s\" page), so the check was skipped. Go back to the main menu, choose your save again and pick the cats again within the limit.",
        "Con %d jugadores cada uno puede llevar como m\xC3\xA1ximo %d gatos, pero tu partida ya eligi\xC3\xB3 %d (est\xC3\xA1s en la p\xC3\xA1gina \"%s\"), as\xC3\xAD que se omiti\xC3\xB3 la comprobaci\xC3\xB3n. Vuelve al men\xC3\xBA principal, elige la partida otra vez y elige los gatos dentro del l\xC3\xADmite.",
        "\xC3\x80 %d joueurs, chacun peut emmener au plus %d chats, mais votre sauvegarde en a d\xC3\xA9j\xC3\xA0 choisi %d (vous \xC3\xAAtes sur la page \xC2\xAB %s \xC2\xBB), la v\xC3\xA9rification a donc \xC3\xA9t\xC3\xA9 ignor\xC3\xA9" "e. Retournez au menu principal, choisissez de nouveau votre sauvegarde et les chats dans la limite.",
        "Bei %d Spielern darf jeder h\xC3\xB6" "chstens %d Katzen mitnehmen, aber dein Spielstand hat schon %d gew\xC3\xA4hlt (du bist auf der Seite \xE2\x80\x9E%s\xE2\x80\x9C), die Pr\xC3\xBC" "fung wurde also \xC3\xBC" "bersprungen. Geh zur\xC3\xBC" "ck ins Hauptmen\xC3\xBC, w\xC3\xA4hle den Spielstand erneut und w\xC3\xA4hle die Katzen innerhalb der Grenze.",
        "Con %d giocatori ognuno pu\xC3\xB2 portare al massimo %d gatti, ma il tuo salvataggio ne ha gi\xC3\xA0 scelti %d (sei nella pagina \"%s\"), quindi il controllo \xC3\xA8 stato saltato. Torna al menu principale, scegli di nuovo il salvataggio e scegli i gatti entro il limite.",
        "Com %d jogadores cada um pode levar no m\xC3\xA1ximo %d gatos, mas seu save j\xC3\xA1 escolheu %d (voc\xC3\xAA est\xC3\xA1 na p\xC3\xA1gina \"%s\"), ent\xC3\xA3o a verifica\xC3\xA7\xC3\xA3o foi ignorada. Volte ao menu principal, escolha o save de novo e escolha os gatos dentro do limite.",
        "\xD0\x9F\xD1\x80\xD0\xB8 %d \xD0\xB8\xD0\xB3\xD1\x80\xD0\xBE\xD0\xBA\xD0\xB0\xD1\x85 \xD0\xBA\xD0\xB0\xD0\xB6\xD0\xB4\xD1\x8B\xD0\xB9 \xD0\xBC\xD0\xBE\xD0\xB6\xD0\xB5\xD1\x82 \xD0\xB2\xD0\xB7\xD1\x8F\xD1\x82\xD1\x8C \xD0\xBD\xD0\xB5 \xD0\xB1\xD0\xBE\xD0\xBB\xD1\x8C\xD1\x88\xD0\xB5 %d \xD0\xBA\xD0\xBE\xD1\x82\xD0\xBE\xD0\xB2, \xD0\xBD\xD0\xBE \xD0\xB2 \xD0\xB2\xD0\xB0\xD1\x88\xD0\xB5\xD0\xBC \xD1\x81\xD0\xBE\xD1\x85\xD1\x80\xD0\xB0\xD0\xBD\xD0\xB5\xD0\xBD\xD0\xB8\xD0\xB8 \xD1\x83\xD0\xB6\xD0\xB5 \xD0\xB2\xD1\x8B\xD0\xB1\xD1\x80\xD0\xB0\xD0\xBD\xD0\xBE %d (\xD0\xB2\xD1\x8B \xD0\xBD\xD0\xB0 \xD1\x81\xD1\x82\xD1\x80\xD0\xB0\xD0\xBD\xD0\xB8\xD1\x86\xD0\xB5 \xC2\xAB%s\xC2\xBB), \xD0\xBF\xD0\xBE\xD1\x8D\xD1\x82\xD0\xBE\xD0\xBC\xD1\x83 \xD0\xBF\xD1\x80\xD0\xBE\xD0\xB2\xD0\xB5\xD1\x80\xD0\xBA\xD0\xB0 \xD0\xB1\xD1\x8B\xD0\xBB\xD0\xB0 \xD0\xBF\xD1\x80\xD0\xBE\xD0\xBF\xD1\x83\xD1\x89\xD0\xB5\xD0\xBD\xD0\xB0. \xD0\x92\xD0\xB5\xD1\x80\xD0\xBD\xD0\xB8\xD1\x82\xD0\xB5\xD1\x81\xD1\x8C \xD0\xB2 \xD0\xB3\xD0\xBB\xD0\xB0\xD0\xB2\xD0\xBD\xD0\xBE\xD0\xB5 \xD0\xBC\xD0\xB5\xD0\xBD\xD1\x8E, \xD0\xB2\xD1\x8B\xD0\xB1\xD0\xB5\xD1\x80\xD0\xB8\xD1\x82\xD0\xB5 \xD1\x81\xD0\xBE\xD1\x85\xD1\x80\xD0\xB0\xD0\xBD\xD0\xB5\xD0\xBD\xD0\xB8\xD0\xB5 \xD0\xB7\xD0\xB0\xD0\xBD\xD0\xBE\xD0\xB2\xD0\xBE \xD0\xB8 \xD0\xB2\xD1\x8B\xD0\xB1\xD0\xB5\xD1\x80\xD0\xB8\xD1\x82\xD0\xB5 \xD0\xBA\xD0\xBE\xD1\x82\xD0\xBE\xD0\xB2 \xD0\xB2 \xD0\xBF\xD1\x80\xD0\xB5\xD0\xB4\xD0\xB5\xD0\xBB\xD0\xB0\xD1\x85 \xD0\xBB\xD0\xB8\xD0\xBC\xD0\xB8\xD1\x82\xD0\xB0.",
        "%d\xEB\xAA\x85\xEC\x9D\xBC \xEB\x95\x8C \xED\x95\x9C \xEB\xAA\x85\xEC\x9D\xB4 \xEB\x8D\xB0\xEB\xA0\xA4\xEA\xB0\x88 \xEC\x88\x98 \xEC\x9E\x88\xEB\x8A\x94 \xEA\xB3\xA0\xEC\x96\x91\xEC\x9D\xB4\xEB\x8A\x94 \xEC\xB5\x9C\xEB\x8C\x80 %d\xEB\xA7\x88\xEB\xA6\xAC\xEC\x9D\xB8\xEB\x8D\xB0, \xEC\xA0\x80\xEC\x9E\xA5 \xED\x8C\x8C\xEC\x9D\xBC\xEC\x97\x90 \xEC\x9D\xB4\xEB\xAF\xB8 %d\xEB\xA7\x88\xEB\xA6\xAC\xEA\xB0\x80 \xEC\x84\xA0\xED\x83\x9D\xEB\x90\x98\xEC\x96\xB4 \xEC\x9E\x88\xEC\x8A\xB5\xEB\x8B\x88\xEB\x8B\xA4(\xED\x98\x84\xEC\x9E\xAC \"%s\" \xED\x8E\x98\xEC\x9D\xB4\xEC\xA7\x80). \xEA\xB7\xB8\xEB\x9E\x98\xEC\x84\x9C \xEA\xB2\x80\xEC\x82\xAC\xEA\xB0\x80 \xEA\xB1\xB4\xEB\x84\x88\xEB\x9B\xB0\xEC\x96\xB4\xEC\xA1\x8C\xEC\x8A\xB5\xEB\x8B\x88\xEB\x8B\xA4. \xEB\xA9\x94\xEC\x9D\xB8 \xEB\xA9\x94\xEB\x89\xB4\xEB\xA1\x9C \xEB\x8F\x8C\xEC\x95\x84\xEA\xB0\x80 \xEC\xA0\x80\xEC\x9E\xA5\xEC\x9D\x84 \xEB\x8B\xA4\xEC\x8B\x9C \xEC\x84\xA0\xED\x83\x9D\xED\x95\x98\xEA\xB3\xA0 \xEC\xA0\x9C\xED\x95\x9C \xEC\x95\x88\xEC\x97\x90\xEC\x84\x9C \xEA\xB3\xA0\xEC\x96\x91\xEC\x9D\xB4\xEB\xA5\xBC \xEB\x8B\xA4\xEC\x8B\x9C \xEA\xB3\xA0\xEB\xA5\xB4\xEC\x84\xB8\xEC\x9A\x94.",
        "%d\xE4\xBA\xBA\xE3\x83\x97\xE3\x83\xAC\xE3\x82\xA4\xE3\x81\xA7\xE3\x81\xAF" "1\xE4\xBA\xBA\xE3\x81\x82\xE3\x81\x9F\xE3\x82\x8A\xE6\x9C\x80\xE5\xA4\xA7%d\xE5\x8C\xB9\xE3\x81\xBE\xE3\x81\xA7\xE3\x81\xA7\xE3\x81\x99\xE3\x81\x8C\xE3\x80\x81\xE3\x82\xBB\xE3\x83\xBC\xE3\x83\x96\xE3\x81\xAB\xE3\x81\xAF\xE3\x81\x99\xE3\x81\xA7\xE3\x81\xAB%d\xE5\x8C\xB9\xE3\x81\x8C\xE9\x81\xB8\xE3\x81\xB0\xE3\x82\x8C\xE3\x81\xA6\xE3\x81\x84\xE3\x81\xBE\xE3\x81\x99\xEF\xBC\x88\xE7\x8F\xBE\xE5\x9C\xA8\xE3\x80\x8C%s\xE3\x80\x8D\xE3\x83\x9A\xE3\x83\xBC\xE3\x82\xB8\xEF\xBC\x89\xE3\x80\x82\xE3\x81\x9D\xE3\x81\xAE\xE3\x81\x9F\xE3\x82\x81\xE4\xBA\xBA\xE6\x95\xB0\xE3\x83\x81\xE3\x82\xA7\xE3\x83\x83\xE3\x82\xAF\xE3\x81\x8C\xE7\x9C\x81\xE7\x95\xA5\xE3\x81\x95\xE3\x82\x8C\xE3\x81\xBE\xE3\x81\x97\xE3\x81\x9F\xE3\x80\x82\xE3\x83\xA1\xE3\x82\xA4\xE3\x83\xB3\xE3\x83\xA1\xE3\x83\x8B\xE3\x83\xA5\xE3\x83\xBC\xE3\x81\xAB\xE6\x88\xBB\xE3\x82\x8A\xE3\x80\x81\xE3\x82\xBB\xE3\x83\xBC\xE3\x83\x96\xE3\x82\x92\xE9\x81\xB8\xE3\x81\xB3\xE7\x9B\xB4\xE3\x81\x97\xE3\x81\xA6\xE3\x80\x81\xE5\x88\xB6\xE9\x99\x90\xE5\x86\x85\xE3\x81\xA7\xE7\x8C\xAB\xE3\x82\x92\xE9\x81\xB8\xE3\x81\xB3\xE7\x9B\xB4\xE3\x81\x97\xE3\x81\xA6\xE3\x81\x8F\xE3\x81\xA0\xE3\x81\x95\xE3\x81\x84\xE3\x80\x82",
        "\xE5\xBD\x93\xE5\x89\x8D\xE4\xB8\xBA%d\xE4\xBA\xBA\xE8\x81\x94\xE6\x9C\xBA\xEF\xBC\x8C\xE6\xAF\x8F\xE5\x90\x8D\xE7\x8E\xA9\xE5\xAE\xB6\xE6\x9C\x80\xE5\xA4\x9A\xE9\x80\x89\xE6\x8B\xA9%d\xE5\x8F\xAA\xE7\x8C\xAB\xEF\xBC\x8C\xE4\xBD\x86\xE4\xBD\xA0\xE7\x9A\x84\xE5\xAD\x98\xE6\xA1\xA3\xE5\xB7\xB2\xE9\x80\x89\xE4\xBA\x86%d\xE5\x8F\xAA\xE7\x8C\xAB\xEF\xBC\x88\xE5\xBD\x93\xE5\x89\x8D\xE5\x9C\xA8\xE2\x80\x9C%s\xE2\x80\x9D\xE9\xA1\xB5\xE9\x9D\xA2\xEF\xBC\x89\xEF\xBC\x8C\xE9\x80\x89\xE7\x8C\xAB\xE4\xBA\xBA\xE6\x95\xB0\xE6\xA3\x80\xE6\xB5\x8B\xE5\xB7\xB2\xE8\xA2\xAB\xE8\xB7\xB3\xE8\xBF\x87\xE3\x80\x82\xE8\xAF\xB7\xE9\x80\x80\xE5\x87\xBA\xE5\x88\xB0\xE4\xB8\xBB\xE8\x8F\x9C\xE5\x8D\x95\xEF\xBC\x8C\xE9\x87\x8D\xE6\x96\xB0\xE9\x80\x89\xE6\x8B\xA9\xE5\xAD\x98\xE6\xA1\xA3\xEF\xBC\x8C\xE5\xB9\xB6\xE6\x8C\x89\xE4\xBA\xBA\xE6\x95\xB0\xE8\xA6\x81\xE6\xB1\x82\xE9\x87\x8D\xE6\x96\xB0\xE9\x80\x89\xE7\x8C\xAB\xE3\x80\x82",
    },
    { // R_PARTY_OVER
        "Your cats exceed the limit of %d cats per player with %d players, so you cannot go on. Go back to the main menu and choose the save again.",
        "Tus gatos superan el l\xC3\xADmite de %d por jugador con %d jugadores, as\xC3\xAD que no puedes continuar. Vuelve al men\xC3\xBA principal y elige la partida otra vez.",
        "Vos chats d\xC3\xA9passent la limite de %d par joueur \xC3\xA0 %d joueurs, vous ne pouvez donc pas continuer. Retournez au menu principal et choisissez de nouveau la sauvegarde.",
        "Deine Katzen \xC3\xBC" "berschreiten die Grenze von %d pro Spieler bei %d Spielern, du kannst also nicht weiter. Geh zur\xC3\xBC" "ck ins Hauptmen\xC3\xBC und w\xC3\xA4hle den Spielstand erneut.",
        "I tuoi gatti superano il limite di %d per giocatore con %d giocatori, quindi non puoi continuare. Torna al menu principale e scegli di nuovo il salvataggio.",
        "Seus gatos passam do limite de %d por jogador com %d jogadores, ent\xC3\xA3o voc\xC3\xAA n\xC3\xA3o pode continuar. Volte ao menu principal e escolha o save de novo.",
        "\xD0\x92\xD0\xB0\xD1\x88\xD0\xB8 \xD0\xBA\xD0\xBE\xD1\x82\xD1\x8B \xD0\xBF\xD1\x80\xD0\xB5\xD0\xB2\xD1\x8B\xD1\x88\xD0\xB0\xD1\x8E\xD1\x82 \xD0\xBB\xD0\xB8\xD0\xBC\xD0\xB8\xD1\x82 %d \xD0\xBD\xD0\xB0 \xD0\xB8\xD0\xB3\xD1\x80\xD0\xBE\xD0\xBA\xD0\xB0 \xD0\xBF\xD1\x80\xD0\xB8 %d \xD0\xB8\xD0\xB3\xD1\x80\xD0\xBE\xD0\xBA\xD0\xB0\xD1\x85, \xD0\xBF\xD1\x80\xD0\xBE\xD0\xB4\xD0\xBE\xD0\xBB\xD0\xB6\xD0\xB8\xD1\x82\xD1\x8C \xD0\xBD\xD0\xB5\xD0\xBB\xD1\x8C\xD0\xB7\xD1\x8F. \xD0\x92\xD0\xB5\xD1\x80\xD0\xBD\xD0\xB8\xD1\x82\xD0\xB5\xD1\x81\xD1\x8C \xD0\xB2 \xD0\xB3\xD0\xBB\xD0\xB0\xD0\xB2\xD0\xBD\xD0\xBE\xD0\xB5 \xD0\xBC\xD0\xB5\xD0\xBD\xD1\x8E \xD0\xB8 \xD0\xB2\xD1\x8B\xD0\xB1\xD0\xB5\xD1\x80\xD0\xB8\xD1\x82\xD0\xB5 \xD1\x81\xD0\xBE\xD1\x85\xD1\x80\xD0\xB0\xD0\xBD\xD0\xB5\xD0\xBD\xD0\xB8\xD0\xB5 \xD0\xB7\xD0\xB0\xD0\xBD\xD0\xBE\xD0\xB2\xD0\xBE.",
        "\xEA\xB3\xA0\xEC\x96\x91\xEC\x9D\xB4 \xEC\x88\x98\xEA\xB0\x80 \xED\x95\x9C \xEB\xAA\x85\xEB\x8B\xB9 %d\xEB\xA7\x88\xEB\xA6\xAC(%d\xEB\xAA\x85\xEC\x9D\xBC \xEB\x95\x8C) \xEC\xA0\x9C\xED\x95\x9C\xEC\x9D\x84 \xEB\x84\x98\xEC\x96\xB4 \xEA\xB3\x84\xEC\x86\x8D\xED\x95\xA0 \xEC\x88\x98 \xEC\x97\x86\xEC\x8A\xB5\xEB\x8B\x88\xEB\x8B\xA4. \xEB\xA9\x94\xEC\x9D\xB8 \xEB\xA9\x94\xEB\x89\xB4\xEB\xA1\x9C \xEB\x8F\x8C\xEC\x95\x84\xEA\xB0\x80 \xEC\xA0\x80\xEC\x9E\xA5\xEC\x9D\x84 \xEB\x8B\xA4\xEC\x8B\x9C \xEC\x84\xA0\xED\x83\x9D\xED\x95\x98\xEC\x84\xB8\xEC\x9A\x94.",
        "\xE7\x8C\xAB\xE3\x81\xAE\xE6\x95\xB0\xE3\x81\x8C%d\xE4\xBA\xBA\xE3\x83\x97\xE3\x83\xAC\xE3\x82\xA4\xE3\x81\xA7\xE3\x81\xAE" "1\xE4\xBA\xBA\xE3\x81\x82\xE3\x81\x9F\xE3\x82\x8A%d\xE5\x8C\xB9\xE3\x81\xAE\xE5\x88\xB6\xE9\x99\x90\xE3\x82\x92\xE8\xB6\x85\xE3\x81\x88\xE3\x81\xA6\xE3\x81\x84\xE3\x82\x8B\xE3\x81\x9F\xE3\x82\x81\xE3\x80\x81\xE5\x85\x88\xE3\x81\xB8\xE9\x80\xB2\xE3\x82\x81\xE3\x81\xBE\xE3\x81\x9B\xE3\x82\x93\xE3\x80\x82\xE3\x83\xA1\xE3\x82\xA4\xE3\x83\xB3\xE3\x83\xA1\xE3\x83\x8B\xE3\x83\xA5\xE3\x83\xBC\xE3\x81\xAB\xE6\x88\xBB\xE3\x82\x8A\xE3\x80\x81\xE3\x82\xBB\xE3\x83\xBC\xE3\x83\x96\xE3\x82\x92\xE9\x81\xB8\xE3\x81\xB3\xE7\x9B\xB4\xE3\x81\x97\xE3\x81\xA6\xE3\x81\x8F\xE3\x81\xA0\xE3\x81\x95\xE3\x81\x84\xE3\x80\x82",
        "\xE4\xBD\xA0\xE9\x80\x89\xE6\x8B\xA9\xE7\x9A\x84\xE7\x8C\xAB\xE8\xB6\x85\xE8\xBF\x87\xE4\xBA\x86%d\xE4\xBA\xBA\xE8\x81\x94\xE6\x9C\xBA\xE6\xAF\x8F\xE4\xBA\xBA%d\xE5\x8F\xAA\xE7\x9A\x84\xE9\x99\x90\xE5\x88\xB6\xEF\xBC\x8C\xE4\xB8\x8D\xE8\x83\xBD\xE7\xBB\xA7\xE7\xBB\xAD\xE3\x80\x82\xE8\xAF\xB7\xE9\x80\x80\xE5\x87\xBA\xE5\x88\xB0\xE4\xB8\xBB\xE8\x8F\x9C\xE5\x8D\x95\xEF\xBC\x8C\xE9\x87\x8D\xE6\x96\xB0\xE9\x80\x89\xE6\x8B\xA9\xE5\xAD\x98\xE6\xA1\xA3\xE3\x80\x82",
    },
    { // R_PARTY_OVER_PEER
        "P%d has more cats than the limit of %d per player; they must choose their save again before the run can start.",
        "P%d tiene m\xC3\xA1s gatos que el l\xC3\xADmite de %d por jugador; debe elegir su partida otra vez antes de empezar.",
        "P%d a plus de chats que la limite de %d par joueur ; il doit choisir de nouveau sa sauvegarde avant de commencer.",
        "P%d hat mehr Katzen als die Grenze von %d pro Spieler; er muss seinen Spielstand erneut w\xC3\xA4hlen, bevor es losgehen kann.",
        "P%d ha pi\xC3\xB9 gatti del limite di %d per giocatore; deve scegliere di nuovo il salvataggio prima di iniziare.",
        "P%d tem mais gatos que o limite de %d por jogador; precisa escolher o save de novo antes de come\xC3\xA7" "ar.",
        "\xD0\xA3 P%d \xD0\xBA\xD0\xBE\xD1\x82\xD0\xBE\xD0\xB2 \xD0\xB1\xD0\xBE\xD0\xBB\xD1\x8C\xD1\x88\xD0\xB5 \xD0\xBB\xD0\xB8\xD0\xBC\xD0\xB8\xD1\x82\xD0\xB0 %d \xD0\xBD\xD0\xB0 \xD0\xB8\xD0\xB3\xD1\x80\xD0\xBE\xD0\xBA\xD0\xB0; \xD0\xB5\xD0\xBC\xD1\x83 \xD0\xBD\xD1\x83\xD0\xB6\xD0\xBD\xD0\xBE \xD0\xB2\xD1\x8B\xD0\xB1\xD1\x80\xD0\xB0\xD1\x82\xD1\x8C \xD1\x81\xD0\xBE\xD1\x85\xD1\x80\xD0\xB0\xD0\xBD\xD0\xB5\xD0\xBD\xD0\xB8\xD0\xB5 \xD0\xB7\xD0\xB0\xD0\xBD\xD0\xBE\xD0\xB2\xD0\xBE, \xD0\xBF\xD1\x80\xD0\xB5\xD0\xB6\xD0\xB4\xD0\xB5 \xD1\x87\xD0\xB5\xD0\xBC \xD0\xBD\xD0\xB0\xD1\x87\xD0\xB0\xD1\x82\xD1\x8C.",
        "P%d\xEC\x9D\x98 \xEA\xB3\xA0\xEC\x96\x91\xEC\x9D\xB4\xEA\xB0\x80 \xED\x95\x9C \xEB\xAA\x85\xEB\x8B\xB9 %d\xEB\xA7\x88\xEB\xA6\xAC \xEC\xA0\x9C\xED\x95\x9C\xEC\x9D\x84 \xEB\x84\x98\xEC\x97\x88\xEC\x8A\xB5\xEB\x8B\x88\xEB\x8B\xA4. \xEC\x8B\x9C\xEC\x9E\x91\xED\x95\x98\xEA\xB8\xB0 \xEC\xA0\x84\xEC\x97\x90 \xEC\xA0\x80\xEC\x9E\xA5\xEC\x9D\x84 \xEB\x8B\xA4\xEC\x8B\x9C \xEC\x84\xA0\xED\x83\x9D\xED\x95\xB4\xEC\x95\xBC \xED\x95\xA9\xEB\x8B\x88\xEB\x8B\xA4.",
        "P%d\xE3\x81\xAE\xE7\x8C\xAB\xE3\x81\x8C" "1\xE4\xBA\xBA\xE3\x81\x82\xE3\x81\x9F\xE3\x82\x8A%d\xE5\x8C\xB9\xE3\x81\xAE\xE5\x88\xB6\xE9\x99\x90\xE3\x82\x92\xE8\xB6\x85\xE3\x81\x88\xE3\x81\xA6\xE3\x81\x84\xE3\x81\xBE\xE3\x81\x99\xE3\x80\x82\xE9\x96\x8B\xE5\xA7\x8B\xE3\x81\x99\xE3\x82\x8B\xE5\x89\x8D\xE3\x81\xAB\xE3\x82\xBB\xE3\x83\xBC\xE3\x83\x96\xE3\x82\x92\xE9\x81\xB8\xE3\x81\xB3\xE7\x9B\xB4\xE3\x81\x99\xE5\xBF\x85\xE8\xA6\x81\xE3\x81\x8C\xE3\x81\x82\xE3\x82\x8A\xE3\x81\xBE\xE3\x81\x99\xE3\x80\x82",
        "P%d \xE9\x80\x89\xE6\x8B\xA9\xE7\x9A\x84\xE7\x8C\xAB\xE8\xB6\x85\xE8\xBF\x87\xE4\xBA\x86\xE6\xAF\x8F\xE4\xBA\xBA%d\xE5\x8F\xAA\xE7\x9A\x84\xE9\x99\x90\xE5\x88\xB6\xEF\xBC\x8C\xE9\x9C\x80\xE8\xA6\x81\xE5\x85\xB6\xE9\x87\x8D\xE6\x96\xB0\xE9\x80\x89\xE6\x8B\xA9\xE5\xAD\x98\xE6\xA1\xA3\xE5\x90\x8E\xE6\x89\x8D\xE8\x83\xBD\xE5\xBC\x80\xE5\xA7\x8B\xE3\x80\x82",
    },
    { // SYNC_BTN
        "From handshake saves",
        "Desde guardados de sincron\xC3\xAD" "a",
        "Depuis les sauvegardes de synchro",
        "Aus Sync-Spielst\xC3\xA4nden",
        "Dai salvataggi di sincronia",
        "Dos saves de sincronia",
        "\xD0\x98\xD0\xB7 \xD1\x81\xD0\xBE\xD1\x85\xD1\x80\xD0\xB0\xD0\xBD\xD0\xB5\xD0\xBD\xD0\xB8\xD0\xB9 \xD1\x81\xD0\xB8\xD0\xBD\xD1\x85\xD1\x80\xD0\xBE\xD0\xBD\xD0\xB8\xD0\xB7\xD0\xB0\xD1\x86\xD0\xB8\xD0\xB8",
        "\xEB\x8F\x99\xEA\xB8\xB0\xED\x99\x94 \xEC\xA0\x80\xEC\x9E\xA5\xEC\x97\x90\xEC\x84\x9C \xEB\xB3\xB5\xEC\x9B\x90",
        "\xE5\x90\x8C\xE6\x9C\x9F\xE3\x82\xBB\xE3\x83\xBC\xE3\x83\x96\xE3\x81\x8B\xE3\x82\x89\xE5\xBE\xA9\xE5\x85\x83",
        "\xE4\xBB\x8E\xE5\x90\x8C\xE6\xAD\xA5\xE5\xAD\x98\xE6\xA1\xA3\xE6\x81\xA2\xE5\xA4\x8D",
    },
    { // SYNC_TITLE
        "Restore from a handshake save",
        "Restaurar desde un guardado de sincron\xC3\xAD" "a",
        "Restaurer depuis une sauvegarde de synchro",
        "Aus einem Sync-Spielstand wiederherstellen",
        "Ripristina da un salvataggio di sincronia",
        "Restaurar de um save de sincronia",
        "\xD0\x92\xD0\xBE\xD1\x81\xD1\x81\xD1\x82\xD0\xB0\xD0\xBD\xD0\xBE\xD0\xB2\xD0\xBB\xD0\xB5\xD0\xBD\xD0\xB8\xD0\xB5 \xD0\xB8\xD0\xB7 \xD1\x81\xD0\xBE\xD1\x85\xD1\x80\xD0\xB0\xD0\xBD\xD0\xB5\xD0\xBD\xD0\xB8\xD1\x8F \xD1\x81\xD0\xB8\xD0\xBD\xD1\x85\xD1\x80\xD0\xBE\xD0\xBD\xD0\xB8\xD0\xB7\xD0\xB0\xD1\x86\xD0\xB8\xD0\xB8",
        "\xEB\x8F\x99\xEA\xB8\xB0\xED\x99\x94 \xEC\xA0\x80\xEC\x9E\xA5\xEC\x97\x90\xEC\x84\x9C \xEB\xB3\xB5\xEC\x9B\x90",
        "\xE5\x90\x8C\xE6\x9C\x9F\xE3\x82\xBB\xE3\x83\xBC\xE3\x83\x96\xE3\x81\x8B\xE3\x82\x89\xE5\xBE\xA9\xE5\x85\x83",
        "\xE4\xBB\x8E\xE5\x90\x8C\xE6\xAD\xA5\xE5\xAD\x98\xE6\xA1\xA3\xE6\x81\xA2\xE5\xA4\x8D",
    },
    { // SYNC_HINT
        "A handshake save is the save made for you at every map node of a multiplayer run. Pick one to put it over its slot. An undo point is kept before it replaces anything.",
        "Un guardado de sincron\xC3\xAD" "a es el que se hace para ti en cada nodo del mapa de una partida multijugador. Elige uno para ponerlo sobre su ranura. Antes de reemplazar nada se guarda un punto para deshacer.",
        "Une sauvegarde de synchro est celle faite pour vous \xC3\xA0 chaque n\xC5\x93ud de la carte d'une partie multijoueur. Choisissez-en une pour l'\xC3\xA9" "crire sur son emplacement. Un point d'annulation est gard\xC3\xA9 avant tout remplacement.",
        "Ein Sync-Spielstand wird bei jedem Kartenknoten eines Mehrspielerlaufs f\xC3\xBCr dich angelegt. W\xC3\xA4hle einen, um ihn \xC3\xBC" "ber seinen Platz zu legen. Vorher wird ein R\xC3\xBC" "ckg\xC3\xA4ngig-Punkt gesichert.",
        "Un salvataggio di sincronia \xC3\xA8 quello fatto per te a ogni nodo della mappa di una partita multigiocatore. Sceglierne uno lo mette sopra il suo slot. Prima viene tenuto un punto di annullamento.",
        "Um save de sincronia \xC3\xA9 o feito para voc\xC3\xAA a cada n\xC3\xB3 do mapa de uma partida multijogador. Escolha um para coloc\xC3\xA1-lo sobre o seu espa\xC3\xA7o. Um ponto de desfazer \xC3\xA9 guardado antes de substituir.",
        "\xD0\xA1\xD0\xBE\xD1\x85\xD1\x80\xD0\xB0\xD0\xBD\xD0\xB5\xD0\xBD\xD0\xB8\xD0\xB5 \xD1\x81\xD0\xB8\xD0\xBD\xD1\x85\xD1\x80\xD0\xBE\xD0\xBD\xD0\xB8\xD0\xB7\xD0\xB0\xD1\x86\xD0\xB8\xD0\xB8 \xD1\x81\xD0\xBE\xD0\xB7\xD0\xB4\xD0\xB0\xD1\x91\xD1\x82\xD1\x81\xD1\x8F \xD0\xB4\xD0\xBB\xD1\x8F \xD0\xB2\xD0\xB0\xD1\x81 \xD0\xBD\xD0\xB0 \xD0\xBA\xD0\xB0\xD0\xB6\xD0\xB4\xD0\xBE\xD0\xBC \xD1\x83\xD0\xB7\xD0\xBB\xD0\xB5 \xD0\xBA\xD0\xB0\xD1\x80\xD1\x82\xD1\x8B \xD0\xB2 \xD1\x81\xD0\xB5\xD1\x82\xD0\xB5\xD0\xB2\xD0\xBE\xD0\xB9 \xD0\xB8\xD0\xB3\xD1\x80\xD0\xB5. \xD0\x92\xD1\x8B\xD0\xB1\xD0\xB5\xD1\x80\xD0\xB8\xD1\x82\xD0\xB5 \xD0\xBE\xD0\xB4\xD0\xBD\xD0\xBE, \xD1\x87\xD1\x82\xD0\xBE\xD0\xB1\xD1\x8B \xD0\xB7\xD0\xB0\xD0\xBF\xD0\xB8\xD1\x81\xD0\xB0\xD1\x82\xD1\x8C \xD0\xB5\xD0\xB3\xD0\xBE \xD0\xBF\xD0\xBE\xD0\xB2\xD0\xB5\xD1\x80\xD1\x85 \xD1\x81\xD0\xBB\xD0\xBE\xD1\x82\xD0\xB0. \xD0\x9F\xD0\xB5\xD1\x80\xD0\xB5\xD0\xB4 \xD0\xB7\xD0\xB0\xD0\xBC\xD0\xB5\xD0\xBD\xD0\xBE\xD0\xB9 \xD1\x81\xD0\xBE\xD1\x85\xD1\x80\xD0\xB0\xD0\xBD\xD1\x8F\xD0\xB5\xD1\x82\xD1\x81\xD1\x8F \xD1\x82\xD0\xBE\xD1\x87\xD0\xBA\xD0\xB0 \xD0\xBE\xD1\x82\xD0\xBC\xD0\xB5\xD0\xBD\xD1\x8B.",
        "\xEB\x8F\x99\xEA\xB8\xB0\xED\x99\x94 \xEC\xA0\x80\xEC\x9E\xA5\xEC\x9D\x80 \xEB\xA9\x80\xED\x8B\xB0\xED\x94\x8C\xEB\xA0\x88\xEC\x9D\xB4 \xEC\xA4\x91 \xEC\xA7\x80\xEB\x8F\x84\xEC\x9D\x98 \xEA\xB0\x81 \xEB\x85\xB8\xEB\x93\x9C\xEC\x97\x90\xEC\x84\x9C \xEC\x9E\x90\xEB\x8F\x99\xEC\x9C\xBC\xEB\xA1\x9C \xEB\xA7\x8C\xEB\x93\xA4\xEC\x96\xB4\xEC\xA7\x80\xEB\x8A\x94 \xEC\xA0\x80\xEC\x9E\xA5\xEC\x9E\x85\xEB\x8B\x88\xEB\x8B\xA4. \xED\x95\x98\xEB\x82\x98\xEB\xA5\xBC \xEA\xB3\xA0\xEB\xA5\xB4\xEB\xA9\xB4 \xED\x95\xB4\xEB\x8B\xB9 \xEC\x8A\xAC\xEB\xA1\xAF\xEC\x97\x90 \xEB\x8D\xAE\xEC\x96\xB4\xEC\x94\x81\xEB\x8B\x88\xEB\x8B\xA4. \xEB\x8D\xAE\xEC\x96\xB4\xEC\x93\xB0\xEA\xB8\xB0 \xEC\xA0\x84\xEC\x97\x90 \xEB\x90\x98\xEB\x8F\x8C\xEB\xA6\xAC\xEA\xB8\xB0 \xEC\xA7\x80\xEC\xA0\x90\xEC\x9D\xB4 \xEB\x82\xA8\xEC\x8A\xB5\xEB\x8B\x88\xEB\x8B\xA4.",
        "\xE5\x90\x8C\xE6\x9C\x9F\xE3\x82\xBB\xE3\x83\xBC\xE3\x83\x96\xE3\x81\xAF\xE3\x80\x81\xE3\x83\x9E\xE3\x83\xAB\xE3\x83\x81\xE3\x83\x97\xE3\x83\xAC\xE3\x82\xA4\xE4\xB8\xAD\xE3\x81\xAB\xE3\x83\x9E\xE3\x83\x83\xE3\x83\x97\xE3\x81\xAE\xE3\x83\x8E\xE3\x83\xBC\xE3\x83\x89\xE3\x81\x94\xE3\x81\xA8\xE3\x81\xAB\xE8\x87\xAA\xE5\x8B\x95\xE3\x81\xA7\xE4\xBD\x9C\xE3\x82\x89\xE3\x82\x8C\xE3\x82\x8B\xE3\x82\xBB\xE3\x83\xBC\xE3\x83\x96\xE3\x81\xA7\xE3\x81\x99\xE3\x80\x82\xE9\x81\xB8\xE3\x81\xB6\xE3\x81\xA8\xE5\xAF\xBE\xE5\xBF\x9C\xE3\x81\x99\xE3\x82\x8B\xE3\x82\xB9\xE3\x83\xAD\xE3\x83\x83\xE3\x83\x88\xE3\x81\xAB\xE4\xB8\x8A\xE6\x9B\xB8\xE3\x81\x8D\xE3\x81\x97\xE3\x81\xBE\xE3\x81\x99\xE3\x80\x82\xE4\xB8\x8A\xE6\x9B\xB8\xE3\x81\x8D\xE3\x81\xAE\xE5\x89\x8D\xE3\x81\xAB\xE5\x8F\x96\xE3\x82\x8A\xE6\xB6\x88\xE3\x81\x97\xE7\x94\xA8\xE3\x81\xAE\xE3\x82\xBB\xE3\x83\xBC\xE3\x83\x96\xE3\x81\x8C\xE6\xAE\x8B\xE3\x82\x8A\xE3\x81\xBE\xE3\x81\x99\xE3\x80\x82",
        "\xE5\x90\x8C\xE6\xAD\xA5\xE5\xAD\x98\xE6\xA1\xA3\xE6\x98\xAF\xE8\x81\x94\xE6\x9C\xBA\xE6\xAF\x8F\xE5\x88\xB0\xE4\xB8\x80\xE4\xB8\xAA\xE5\x9C\xB0\xE5\x9B\xBE\xE8\x8A\x82\xE7\x82\xB9\xE6\x97\xB6\xEF\xBC\x8C\xE4\xB8\xBA\xE4\xBD\xA0\xE8\x87\xAA\xE5\x8A\xA8\xE4\xBF\x9D\xE5\xAD\x98\xE7\x9A\x84\xE5\xAD\x98\xE6\xA1\xA3\xE3\x80\x82\xE9\x80\x89\xE6\x8B\xA9\xE5\x85\xB6\xE4\xB8\xAD\xE4\xB8\x80\xE4\xB8\xAA\xEF\xBC\x8C\xE5\x8D\xB3\xE5\x8F\xAF\xE6\x8A\x8A\xE5\xAE\x83\xE8\xA6\x86\xE7\x9B\x96\xE5\x88\xB0\xE5\xAF\xB9\xE5\xBA\x94\xE7\x9A\x84\xE5\xAD\x98\xE6\xA1\xA3\xE4\xBD\x8D\xE3\x80\x82\xE8\xA6\x86\xE7\x9B\x96\xE5\x89\x8D\xE4\xBC\x9A\xE8\x87\xAA\xE5\x8A\xA8\xE7\x95\x99\xE4\xB8\x80\xE4\xB8\xAA\xE6\x92\xA4\xE9\x94\x80\xE7\x82\xB9\xE3\x80\x82",
    },
    { // SYNC_SLOT_H
        "Slot %d",
        "Ranura %d",
        "Emplacement %d",
        "Platz %d",
        "Slot %d",
        "Espa\xC3\xA7o %d",
        "\xD0\xA1\xD0\xBB\xD0\xBE\xD1\x82 %d",
        "\xEC\x8A\xAC\xEB\xA1\xAF %d",
        "\xE3\x82\xB9\xE3\x83\xAD\xE3\x83\x83\xE3\x83\x88%d",
        "\xE5\xAD\x98\xE6\xA1\xA3\xE4\xBD\x8D %d",
    },
    { // SYNC_NONE
        "No handshake saves",
        "Sin guardados de sincron\xC3\xAD" "a",
        "Aucune sauvegarde de synchro",
        "Keine Sync-Spielst\xC3\xA4nde",
        "Nessun salvataggio di sincronia",
        "Sem saves de sincronia",
        "\xD0\x9D\xD0\xB5\xD1\x82 \xD1\x81\xD0\xBE\xD1\x85\xD1\x80\xD0\xB0\xD0\xBD\xD0\xB5\xD0\xBD\xD0\xB8\xD0\xB9 \xD1\x81\xD0\xB8\xD0\xBD\xD1\x85\xD1\x80\xD0\xBE\xD0\xBD\xD0\xB8\xD0\xB7\xD0\xB0\xD1\x86\xD0\xB8\xD0\xB8",
        "\xEB\x8F\x99\xEA\xB8\xB0\xED\x99\x94 \xEC\xA0\x80\xEC\x9E\xA5 \xEC\x97\x86\xEC\x9D\x8C",
        "\xE5\x90\x8C\xE6\x9C\x9F\xE3\x82\xBB\xE3\x83\xBC\xE3\x83\x96\xE3\x81\xAA\xE3\x81\x97",
        "\xE6\xB2\xA1\xE6\x9C\x89\xE5\x90\x8C\xE6\xAD\xA5\xE5\xAD\x98\xE6\xA1\xA3",
    },
    { // SYNC_DETAIL
        "Node %u \xC2\xB7 %u players",
        "Nodo %u \xC2\xB7 %u jugadores",
        "N\xC5\x93ud %u \xC2\xB7 %u joueurs",
        "Knoten %u \xC2\xB7 %u Spieler",
        "Nodo %u \xC2\xB7 %u giocatori",
        "N\xC3\xB3 %u \xC2\xB7 %u jogadores",
        "\xD0\xA3\xD0\xB7\xD0\xB5\xD0\xBB %u \xC2\xB7 \xD0\xB8\xD0\xB3\xD1\x80\xD0\xBE\xD0\xBA\xD0\xBE\xD0\xB2: %u",
        "%u\xEB\xB2\x88\xEC\xA7\xB8 \xEB\x85\xB8\xEB\x93\x9C \xC2\xB7 %u\xEB\xAA\x85",
        "\xE3\x83\x8E\xE3\x83\xBC\xE3\x83\x89%u \xC2\xB7 %u\xE4\xBA\xBA",
        "\xE7\xAC\xAC%u\xE4\xB8\xAA\xE8\x8A\x82\xE7\x82\xB9 \xC2\xB7 %u\xE4\xBA\xBA\xE8\x81\x94\xE6\x9C\xBA",
    },
    { // SYNC_BOSS
        "after the boss",
        "tras el jefe",
        "apr\xC3\xA8s le boss",
        "nach dem Boss",
        "dopo il boss",
        "depois do chefe",
        "\xD0\xBF\xD0\xBE\xD1\x81\xD0\xBB\xD0\xB5 \xD0\xB1\xD0\xBE\xD1\x81\xD1\x81\xD0\xB0",
        "\xEB\xB3\xB4\xEC\x8A\xA4 \xEC\x9D\xB4\xED\x9B\x84",
        "\xE3\x83\x9C\xE3\x82\xB9\xE5\xBE\x8C",
        "\xE9\xA6\x96\xE9\xA2\x86\xE6\x88\x98\xE4\xB9\x8B\xE5\x90\x8E",
    },
    { // SYNC_DAY
        "day %d",
        "d\xC3\xAD" "a %d",
        "jour %d",
        "Tag %d",
        "giorno %d",
        "dia %d",
        "\xD0\xB4\xD0\xB5\xD0\xBD\xD1\x8C %d",
        "%d\xEC\x9D\xBC\xEC\xA7\xB8",
        "%d\xE6\x97\xA5\xE7\x9B\xAE",
        "\xE7\xAC\xAC%d\xE5\xA4\xA9",
    },
    { // SYNC_DO
        "Restore",
        "Restaurar",
        "Restaurer",
        "Wiederherstellen",
        "Ripristina",
        "Restaurar",
        "\xD0\x92\xD0\xBE\xD1\x81\xD1\x81\xD1\x82\xD0\xB0\xD0\xBD\xD0\xBE\xD0\xB2\xD0\xB8\xD1\x82\xD1\x8C",
        "\xEB\xB3\xB5\xEC\x9B\x90",
        "\xE5\xBE\xA9\xE5\x85\x83",
        "\xE6\x81\xA2\xE5\xA4\x8D",
    },
    { // DLG_SYNC_B
        "Put this handshake save (%s) over slot %d? What the slot holds now is replaced. An undo point is kept first; on the backup page, \"Undo last load\" brings it back.",
        "\xC2\xBFPoner este guardado de sincron\xC3\xAD" "a (%s) sobre la ranura %d? Lo que contiene ahora se reemplaza. Antes se guarda un punto para deshacer; en la p\xC3\xA1gina de copias, \"Deshacer \xC3\xBAltima carga\" lo recupera.",
        "\xC3\x89" "crire cette sauvegarde de synchro (%s) sur l'emplacement %d ? Son contenu actuel est remplac\xC3\xA9. Un point d'annulation est gard\xC3\xA9 avant ; sur la page des sauvegardes, \xC2\xAB Annuler le dernier chargement \xC2\xBB le r\xC3\xA9tablit.",
        "Diesen Sync-Spielstand (%s) \xC3\xBC" "ber Platz %d legen? Der aktuelle Inhalt wird ersetzt. Vorher wird ein R\xC3\xBC" "ckg\xC3\xA4ngig-Punkt gesichert; auf der Sicherungsseite stellt \xE2\x80\x9ELetztes Laden r\xC3\xBC" "ckg\xC3\xA4ngig\xE2\x80\x9C ihn wieder her.",
        "Mettere questo salvataggio di sincronia (%s) sopra lo slot %d? Il contenuto attuale viene sostituito. Prima viene tenuto un punto di annullamento; nella pagina dei backup, \"Annulla l'ultimo caricamento\" lo ripristina.",
        "Colocar este save de sincronia (%s) sobre o espa\xC3\xA7o %d? O conte\xC3\xBA" "do atual \xC3\xA9 substitu\xC3\xAD" "do. Um ponto de desfazer \xC3\xA9 guardado antes; na p\xC3\xA1gina de backups, \"Desfazer \xC3\xBAltimo carregamento\" o recupera.",
        "\xD0\x97\xD0\xB0\xD0\xBF\xD0\xB8\xD1\x81\xD0\xB0\xD1\x82\xD1\x8C \xD1\x8D\xD1\x82\xD0\xBE \xD1\x81\xD0\xBE\xD1\x85\xD1\x80\xD0\xB0\xD0\xBD\xD0\xB5\xD0\xBD\xD0\xB8\xD0\xB5 \xD1\x81\xD0\xB8\xD0\xBD\xD1\x85\xD1\x80\xD0\xBE\xD0\xBD\xD0\xB8\xD0\xB7\xD0\xB0\xD1\x86\xD0\xB8\xD0\xB8 (%s) \xD0\xBF\xD0\xBE\xD0\xB2\xD0\xB5\xD1\x80\xD1\x85 \xD1\x81\xD0\xBB\xD0\xBE\xD1\x82\xD0\xB0 %d? \xD0\xA2\xD0\xB5\xD0\xBA\xD1\x83\xD1\x89\xD0\xB5\xD0\xB5 \xD1\x81\xD0\xBE\xD0\xB4\xD0\xB5\xD1\x80\xD0\xB6\xD0\xB8\xD0\xBC\xD0\xBE\xD0\xB5 \xD1\x81\xD0\xBB\xD0\xBE\xD1\x82\xD0\xB0 \xD0\xB1\xD1\x83\xD0\xB4\xD0\xB5\xD1\x82 \xD0\xB7\xD0\xB0\xD0\xBC\xD0\xB5\xD0\xBD\xD0\xB5\xD0\xBD\xD0\xBE. \xD0\xA1\xD0\xBD\xD0\xB0\xD1\x87\xD0\xB0\xD0\xBB\xD0\xB0 \xD1\x81\xD0\xBE\xD1\x85\xD1\x80\xD0\xB0\xD0\xBD\xD1\x8F\xD0\xB5\xD1\x82\xD1\x81\xD1\x8F \xD1\x82\xD0\xBE\xD1\x87\xD0\xBA\xD0\xB0 \xD0\xBE\xD1\x82\xD0\xBC\xD0\xB5\xD0\xBD\xD1\x8B; \xD0\xBD\xD0\xB0 \xD1\x81\xD1\x82\xD1\x80\xD0\xB0\xD0\xBD\xD0\xB8\xD1\x86\xD0\xB5 \xD1\x80\xD0\xB5\xD0\xB7\xD0\xB5\xD1\x80\xD0\xB2\xD0\xBD\xD1\x8B\xD1\x85 \xD0\xBA\xD0\xBE\xD0\xBF\xD0\xB8\xD0\xB9 \xD0\xB5\xD1\x91 \xD0\xB2\xD0\xB5\xD1\x80\xD0\xBD\xD1\x91\xD1\x82 \xC2\xAB\xD0\x9E\xD1\x82\xD0\xBC\xD0\xB5\xD0\xBD\xD0\xB8\xD1\x82\xD1\x8C \xD0\xB7\xD0\xB0\xD0\xB3\xD1\x80\xD1\x83\xD0\xB7\xD0\xBA\xD1\x83\xC2\xBB.",
        "\xEC\x9D\xB4 \xEB\x8F\x99\xEA\xB8\xB0\xED\x99\x94 \xEC\xA0\x80\xEC\x9E\xA5(%s)\xEC\x9D\x84 \xEC\x8A\xAC\xEB\xA1\xAF %d\xEC\x97\x90 \xEB\x8D\xAE\xEC\x96\xB4\xEC\x93\xB8\xEA\xB9\x8C\xEC\x9A\x94? \xEC\x8A\xAC\xEB\xA1\xAF\xEC\x9D\x98 \xED\x98\x84\xEC\x9E\xAC \xEB\x82\xB4\xEC\x9A\xA9\xEC\x9D\x80 \xEB\xB0\x94\xEB\x80\x9D\xEB\x8B\x88\xEB\x8B\xA4. \xEB\xA8\xBC\xEC\xA0\x80 \xEB\x90\x98\xEB\x8F\x8C\xEB\xA6\xAC\xEA\xB8\xB0 \xEC\xA7\x80\xEC\xA0\x90\xEC\x9D\xB4 \xEB\x82\xA8\xEC\x9C\xBC\xEB\xA9\xB0, \xEB\xB0\xB1\xEC\x97\x85 \xED\x8E\x98\xEC\x9D\xB4\xEC\xA7\x80\xEC\x9D\x98 \"\xEB\xA7\x88\xEC\xA7\x80\xEB\xA7\x89 \xEB\xB6\x88\xEB\x9F\xAC\xEC\x98\xA4\xEA\xB8\xB0 \xEC\xB7\xA8\xEC\x86\x8C\"\xEB\xA1\x9C \xEB\x90\x98\xEB\x8F\x8C\xEB\xA6\xB4 \xEC\x88\x98 \xEC\x9E\x88\xEC\x8A\xB5\xEB\x8B\x88\xEB\x8B\xA4.",
        "\xE3\x81\x93\xE3\x81\xAE\xE5\x90\x8C\xE6\x9C\x9F\xE3\x82\xBB\xE3\x83\xBC\xE3\x83\x96\xEF\xBC\x88%s\xEF\xBC\x89\xE3\x82\x92\xE3\x82\xB9\xE3\x83\xAD\xE3\x83\x83\xE3\x83\x88%d\xE3\x81\xAB\xE4\xB8\x8A\xE6\x9B\xB8\xE3\x81\x8D\xE3\x81\x97\xE3\x81\xBE\xE3\x81\x99\xE3\x81\x8B\xEF\xBC\x9F\xE3\x82\xB9\xE3\x83\xAD\xE3\x83\x83\xE3\x83\x88\xE3\x81\xAE\xE7\x8F\xBE\xE5\x9C\xA8\xE3\x81\xAE\xE5\x86\x85\xE5\xAE\xB9\xE3\x81\xAF\xE7\xBD\xAE\xE3\x81\x8D\xE6\x8F\x9B\xE3\x81\x88\xE3\x82\x89\xE3\x82\x8C\xE3\x81\xBE\xE3\x81\x99\xE3\x80\x82\xE5\x85\x88\xE3\x81\xAB\xE5\x8F\x96\xE3\x82\x8A\xE6\xB6\x88\xE3\x81\x97\xE7\x94\xA8\xE3\x81\xAE\xE3\x82\xBB\xE3\x83\xBC\xE3\x83\x96\xE3\x81\x8C\xE6\xAE\x8B\xE3\x82\x8A\xE3\x80\x81\xE3\x83\x90\xE3\x83\x83\xE3\x82\xAF\xE3\x82\xA2\xE3\x83\x83\xE3\x83\x97\xE3\x83\x9A\xE3\x83\xBC\xE3\x82\xB8\xE3\x81\xAE\xE3\x80\x8C\xE5\x89\x8D\xE5\x9B\x9E\xE3\x81\xAE\xE8\xAA\xAD\xE3\x81\xBF\xE8\xBE\xBC\xE3\x81\xBF\xE3\x82\x92\xE5\x8F\x96\xE3\x82\x8A\xE6\xB6\x88\xE3\x81\x99\xE3\x80\x8D\xE3\x81\xA7\xE6\x88\xBB\xE3\x81\x9B\xE3\x81\xBE\xE3\x81\x99\xE3\x80\x82",
        "\xE8\xA6\x81\xE7\x94\xA8\xE8\xBF\x99\xE4\xB8\xAA\xE5\x90\x8C\xE6\xAD\xA5\xE5\xAD\x98\xE6\xA1\xA3\xEF\xBC\x88%s\xEF\xBC\x89\xE8\xA6\x86\xE7\x9B\x96\xE5\xAD\x98\xE6\xA1\xA3\xE4\xBD\x8D %d \xE5\x90\x97\xEF\xBC\x9F\xE8\xAF\xA5\xE5\xAD\x98\xE6\xA1\xA3\xE4\xBD\x8D\xE5\xBD\x93\xE5\x89\x8D\xE7\x9A\x84\xE5\x86\x85\xE5\xAE\xB9\xE4\xBC\x9A\xE8\xA2\xAB\xE6\x9B\xBF\xE6\x8D\xA2\xE3\x80\x82\xE8\xA6\x86\xE7\x9B\x96\xE5\x89\x8D\xE4\xBC\x9A\xE8\x87\xAA\xE5\x8A\xA8\xE4\xBF\x9D\xE7\x95\x99\xE4\xB8\x80\xE4\xB8\xAA\xE6\x92\xA4\xE9\x94\x80\xE7\x82\xB9\xEF\xBC\x8C\xE5\x8F\xAF\xE5\x9B\x9E\xE5\x88\xB0\xE5\xA4\x87\xE4\xBB\xBD\xE9\xA1\xB5\xE9\x9D\xA2\xE7\x82\xB9\xE2\x80\x9C\xE6\x92\xA4\xE9\x94\x80\xE4\xB8\x8A\xE6\xAC\xA1\xE8\xAF\xBB\xE5\x8F\x96\xE2\x80\x9D\xE6\x81\xA2\xE5\xA4\x8D\xE3\x80\x82",
    },
    { // SS_SYNC_GONE
        "!That handshake save is gone or cannot be read",
        "!Ese guardado de sincron\xC3\xAD" "a ya no existe o no se puede leer",
        "!Cette sauvegarde de synchro n'existe plus ou est illisible",
        "!Dieser Sync-Spielstand existiert nicht mehr oder ist nicht lesbar",
        "!Quel salvataggio di sincronia non esiste pi\xC3\xB9 o non \xC3\xA8 leggibile",
        "!Esse save de sincronia n\xC3\xA3o existe mais ou n\xC3\xA3o pode ser lido",
        "!\xD0\xAD\xD1\x82\xD0\xBE \xD1\x81\xD0\xBE\xD1\x85\xD1\x80\xD0\xB0\xD0\xBD\xD0\xB5\xD0\xBD\xD0\xB8\xD0\xB5 \xD1\x81\xD0\xB8\xD0\xBD\xD1\x85\xD1\x80\xD0\xBE\xD0\xBD\xD0\xB8\xD0\xB7\xD0\xB0\xD1\x86\xD0\xB8\xD0\xB8 \xD0\xB8\xD1\x81\xD1\x87\xD0\xB5\xD0\xB7\xD0\xBB\xD0\xBE \xD0\xB8\xD0\xBB\xD0\xB8 \xD0\xBD\xD0\xB5 \xD1\x87\xD0\xB8\xD1\x82\xD0\xB0\xD0\xB5\xD1\x82\xD1\x81\xD1\x8F",
        "!\xED\x95\xB4\xEB\x8B\xB9 \xEB\x8F\x99\xEA\xB8\xB0\xED\x99\x94 \xEC\xA0\x80\xEC\x9E\xA5\xEC\x9D\xB4 \xEC\x97\x86\xEA\xB1\xB0\xEB\x82\x98 \xEC\x9D\xBD\xEC\x9D\x84 \xEC\x88\x98 \xEC\x97\x86\xEC\x8A\xB5\xEB\x8B\x88\xEB\x8B\xA4",
        "!\xE3\x81\x9D\xE3\x81\xAE\xE5\x90\x8C\xE6\x9C\x9F\xE3\x82\xBB\xE3\x83\xBC\xE3\x83\x96\xE3\x81\xAF\xE5\xAD\x98\xE5\x9C\xA8\xE3\x81\x97\xE3\x81\xAA\xE3\x81\x84\xE3\x81\x8B\xE3\x80\x81\xE8\xAA\xAD\xE3\x81\xBF\xE8\xBE\xBC\xE3\x82\x81\xE3\x81\xBE\xE3\x81\x9B\xE3\x82\x93",
        "!\xE8\xBF\x99\xE4\xB8\xAA\xE5\x90\x8C\xE6\xAD\xA5\xE5\xAD\x98\xE6\xA1\xA3\xE5\xB7\xB2\xE4\xB8\x8D\xE5\xAD\x98\xE5\x9C\xA8\xEF\xBC\x8C\xE6\x88\x96\xE6\x97\xA0\xE6\xB3\x95\xE8\xAF\xBB\xE5\x8F\x96",
    },
    { // SS_SYNC_DONE
        "Slot %d now holds the handshake save of node %u",
        "La ranura %d ahora tiene el guardado de sincron\xC3\xAD" "a del nodo %u",
        "L'emplacement %d contient maintenant la sauvegarde de synchro du n\xC5\x93ud %u",
        "Platz %d enth\xC3\xA4lt jetzt den Sync-Spielstand von Knoten %u",
        "Lo slot %d contiene ora il salvataggio di sincronia del nodo %u",
        "O espa\xC3\xA7o %d agora tem o save de sincronia do n\xC3\xB3 %u",
        "\xD0\xA1\xD0\xBB\xD0\xBE\xD1\x82 %d \xD1\x82\xD0\xB5\xD0\xBF\xD0\xB5\xD1\x80\xD1\x8C \xD1\x81\xD0\xBE\xD0\xB4\xD0\xB5\xD1\x80\xD0\xB6\xD0\xB8\xD1\x82 \xD1\x81\xD0\xBE\xD1\x85\xD1\x80\xD0\xB0\xD0\xBD\xD0\xB5\xD0\xBD\xD0\xB8\xD0\xB5 \xD1\x81\xD0\xB8\xD0\xBD\xD1\x85\xD1\x80\xD0\xBE\xD0\xBD\xD0\xB8\xD0\xB7\xD0\xB0\xD1\x86\xD0\xB8\xD0\xB8 \xD1\x83\xD0\xB7\xD0\xBB\xD0\xB0 %u",
        "\xEC\x8A\xAC\xEB\xA1\xAF %d\xEC\x97\x90 %u\xEB\xB2\x88\xEC\xA7\xB8 \xEB\x85\xB8\xEB\x93\x9C\xEC\x9D\x98 \xEB\x8F\x99\xEA\xB8\xB0\xED\x99\x94 \xEC\xA0\x80\xEC\x9E\xA5\xEC\x9D\xB4 \xEB\x93\xA4\xEC\x96\xB4\xEA\xB0\x94\xEC\x8A\xB5\xEB\x8B\x88\xEB\x8B\xA4",
        "\xE3\x82\xB9\xE3\x83\xAD\xE3\x83\x83\xE3\x83\x88%d\xE3\x81\xAB\xE3\x83\x8E\xE3\x83\xBC\xE3\x83\x89%u\xE3\x81\xAE\xE5\x90\x8C\xE6\x9C\x9F\xE3\x82\xBB\xE3\x83\xBC\xE3\x83\x96\xE3\x82\x92\xE4\xB8\x8A\xE6\x9B\xB8\xE3\x81\x8D\xE3\x81\x97\xE3\x81\xBE\xE3\x81\x97\xE3\x81\x9F",
        "\xE5\xAD\x98\xE6\xA1\xA3\xE4\xBD\x8D %d \xE5\xB7\xB2\xE8\xA2\xAB\xE7\xAC\xAC%u\xE4\xB8\xAA\xE8\x8A\x82\xE7\x82\xB9\xE7\x9A\x84\xE5\x90\x8C\xE6\xAD\xA5\xE5\xAD\x98\xE6\xA1\xA3\xE8\xA6\x86\xE7\x9B\x96",
    },
    { // SYNC_STAGE_PREP
        "Preparation stage (before choosing cats)",
        "Fase de preparaci\xC3\xB3n (antes de elegir gatos)",
        "Phase de pr\xC3\xA9paration (avant le choix des chats)",
        "Vorbereitung (vor der Katzenwahl)",
        "Fase di preparazione (prima di scegliere i gatti)",
        "Fase de prepara\xC3\xA7\xC3\xA3o (antes de escolher os gatos)",
        "\xD0\x9F\xD0\xBE\xD0\xB4\xD0\xB3\xD0\xBE\xD1\x82\xD0\xBE\xD0\xB2\xD0\xBA\xD0\xB0 (\xD0\xB4\xD0\xBE \xD0\xB2\xD1\x8B\xD0\xB1\xD0\xBE\xD1\x80\xD0\xB0 \xD0\xBA\xD0\xBE\xD1\x82\xD0\xBE\xD0\xB2)",
        "\xEC\xA4\x80\xEB\xB9\x84 \xEB\x8B\xA8\xEA\xB3\x84 (\xEA\xB3\xA0\xEC\x96\x91\xEC\x9D\xB4 \xEC\x84\xA0\xED\x83\x9D \xEC\xA0\x84)",
        "\xE6\xBA\x96\xE5\x82\x99\xE6\xAE\xB5\xE9\x9A\x8E\xEF\xBC\x88\xE7\x8C\xAB\xE3\x82\x92\xE9\x81\xB8\xE3\x81\xB6\xE5\x89\x8D\xEF\xBC\x89",
        "\xE5\x87\x86\xE5\xA4\x87\xE9\x98\xB6\xE6\xAE\xB5\xEF\xBC\x88\xE9\x80\x89\xE7\x8C\xAB\xE4\xB9\x8B\xE5\x89\x8D\xEF\xBC\x89",
    },
    { // SYNC_STAGE_READY
        "Ready to start (cats and gear chosen)",
        "Listos para empezar (gatos y equipo elegidos)",
        "Pr\xC3\xAAts \xC3\xA0 commencer (chats et \xC3\xA9quipement choisis)",
        "Startbereit (Katzen und Ausr\xC3\xBCstung gew\xC3\xA4hlt)",
        "Pronti a partire (gatti ed equipaggiamento scelti)",
        "Prontos para come\xC3\xA7" "ar (gatos e equipamento escolhidos)",
        "\xD0\x93\xD0\xBE\xD1\x82\xD0\xBE\xD0\xB2\xD1\x8B \xD0\xBA \xD1\x81\xD1\x82\xD0\xB0\xD1\x80\xD1\x82\xD1\x83 (\xD0\xBA\xD0\xBE\xD1\x82\xD1\x8B \xD0\xB8 \xD1\x81\xD0\xBD\xD0\xB0\xD1\x80\xD1\x8F\xD0\xB6\xD0\xB5\xD0\xBD\xD0\xB8\xD0\xB5 \xD0\xB2\xD1\x8B\xD0\xB1\xD1\x80\xD0\xB0\xD0\xBD\xD1\x8B)",
        "\xEC\x8B\x9C\xEC\x9E\x91 \xEC\xA4\x80\xEB\xB9\x84 (\xEA\xB3\xA0\xEC\x96\x91\xEC\x9D\xB4\xEC\x99\x80 \xEC\x9E\xA5\xEB\xB9\x84 \xEC\x84\xA0\xED\x83\x9D \xEC\x99\x84\xEB\xA3\x8C)",
        "\xE5\x87\xBA\xE7\x99\xBA\xE6\xBA\x96\xE5\x82\x99\xE5\xAE\x8C\xE4\xBA\x86\xEF\xBC\x88\xE7\x8C\xAB\xE3\x81\xA8\xE8\xA3\x85\xE5\x82\x99\xE3\x82\x92\xE9\x81\xB8\xE6\x8A\x9E\xE6\xB8\x88\xE3\x81\xBF\xEF\xBC\x89",
        "\xE5\x87\x86\xE5\xA4\x87\xE5\xBC\x80\xE5\xA7\x8B\xEF\xBC\x88\xE7\x8C\xAB\xE5\x92\x8C\xE8\xA3\x85\xE5\xA4\x87\xE5\xB7\xB2\xE9\x80\x89\xE5\xA5\xBD\xEF\xBC\x89",
    },
    { // SYNC_ENTRY_STAGE
        "Synced save %u   \xC2\xB7   %s   \xC2\xB7   %s%s",
        "Partida sincronizada %u   \xC2\xB7   %s   \xC2\xB7   %s%s",
        "Sauvegarde synchro %u   \xC2\xB7   %s   \xC2\xB7   %s%s",
        "Sync-Spielstand %u   \xC2\xB7   %s   \xC2\xB7   %s%s",
        "Salvataggio sync %u   \xC2\xB7   %s   \xC2\xB7   %s%s",
        "Save sync %u   \xC2\xB7   %s   \xC2\xB7   %s%s",
        "\xD0\xA1\xD0\xB8\xD0\xBD\xD1\x85\xD1\x80. \xD1\x81\xD0\xBE\xD1\x85\xD1\x80\xD0\xB0\xD0\xBD\xD0\xB5\xD0\xBD\xD0\xB8\xD0\xB5 %u   \xC2\xB7   %s   \xC2\xB7   %s%s",
        "\xEB\x8F\x99\xEA\xB8\xB0\xED\x99\x94 \xEC\xA0\x80\xEC\x9E\xA5 %u   \xC2\xB7   %s   \xC2\xB7   %s%s",
        "\xE5\x90\x8C\xE6\x9C\x9F\xE3\x82\xBB\xE3\x83\xBC\xE3\x83\x96 %u   \xC2\xB7   %s   \xC2\xB7   %s%s",
        "\xE5\x90\x8C\xE6\xAD\xA5\xE5\xAD\x98\xE6\xA1\xA3 %u   \xC2\xB7   %s   \xC2\xB7   %s%s",
    },
    { // SS_SYNC_DONE_STAGE
        "Slot %d now holds the handshake save: %s",
        "La ranura %d ahora tiene el guardado de sincron\xC3\xAD" "a: %s",
        "L'emplacement %d contient maintenant la sauvegarde de synchro : %s",
        "Platz %d enth\xC3\xA4lt jetzt den Sync-Spielstand: %s",
        "Lo slot %d contiene ora il salvataggio di sincronia: %s",
        "O espa\xC3\xA7o %d agora tem o save de sincronia: %s",
        "\xD0\xA1\xD0\xBB\xD0\xBE\xD1\x82 %d \xD1\x82\xD0\xB5\xD0\xBF\xD0\xB5\xD1\x80\xD1\x8C \xD1\x81\xD0\xBE\xD0\xB4\xD0\xB5\xD1\x80\xD0\xB6\xD0\xB8\xD1\x82 \xD1\x81\xD0\xBE\xD1\x85\xD1\x80\xD0\xB0\xD0\xBD\xD0\xB5\xD0\xBD\xD0\xB8\xD0\xB5 \xD1\x81\xD0\xB8\xD0\xBD\xD1\x85\xD1\x80\xD0\xBE\xD0\xBD\xD0\xB8\xD0\xB7\xD0\xB0\xD1\x86\xD0\xB8\xD0\xB8: %s",
        "\xEC\x8A\xAC\xEB\xA1\xAF %d\xEC\x97\x90 \xEB\x8F\x99\xEA\xB8\xB0\xED\x99\x94 \xEC\xA0\x80\xEC\x9E\xA5\xEC\x9D\xB4 \xEB\x93\xA4\xEC\x96\xB4\xEA\xB0\x94\xEC\x8A\xB5\xEB\x8B\x88\xEB\x8B\xA4: %s",
        "\xE3\x82\xB9\xE3\x83\xAD\xE3\x83\x83\xE3\x83\x88%d\xE3\x81\xAB\xE5\x90\x8C\xE6\x9C\x9F\xE3\x82\xBB\xE3\x83\xBC\xE3\x83\x96\xE3\x82\x92\xE4\xB8\x8A\xE6\x9B\xB8\xE3\x81\x8D\xE3\x81\x97\xE3\x81\xBE\xE3\x81\x97\xE3\x81\x9F\xEF\xBC\x9A%s",
        "\xE5\xAD\x98\xE6\xA1\xA3\xE4\xBD\x8D %d \xE5\xB7\xB2\xE8\xA2\xAB\xE5\x90\x8C\xE6\xAD\xA5\xE5\xAD\x98\xE6\xA1\xA3\xE8\xA6\x86\xE7\x9B\x96\xEF\xBC\x9A%s",
    },
    { // R_STORY_ITEM
        "Only the host may bring main-story items: take off \"%s\" first, or pick another cat",
        "Solo el anfitri\xC3\xB3n puede llevar objetos de la historia: quita \"%s\" o elige otro gato",
        "Seul l'h\xC3\xB4te peut emporter des objets d'histoire : retirez \xC2\xAB %s \xC2\xBB ou choisissez un autre chat",
        "Nur der Host darf Story-Gegenst\xC3\xA4nde mitnehmen: leg \xE2\x80\x9E%s\xE2\x80\x9C ab oder w\xC3\xA4hle eine andere Katze",
        "Solo l'host pu\xC3\xB2 portare oggetti della storia: rimuovi \"%s\" o scegli un altro gatto",
        "S\xC3\xB3 o anfitri\xC3\xA3o pode levar itens da hist\xC3\xB3ria: tire \"%s\" ou escolha outro gato",
        "\xD0\x9F\xD1\x80\xD0\xB5\xD0\xB4\xD0\xBC\xD0\xB5\xD1\x82\xD1\x8B \xD1\x81\xD1\x8E\xD0\xB6\xD0\xB5\xD1\x82\xD0\xB0 \xD0\xBC\xD0\xBE\xD0\xB6\xD0\xB5\xD1\x82 \xD0\xB1\xD1\x80\xD0\xB0\xD1\x82\xD1\x8C \xD1\x82\xD0\xBE\xD0\xBB\xD1\x8C\xD0\xBA\xD0\xBE \xD1\x85\xD0\xBE\xD1\x81\xD1\x82: \xD1\x81\xD0\xBD\xD0\xB8\xD0\xBC\xD0\xB8\xD1\x82\xD0\xB5 \xC2\xAB%s\xC2\xBB \xD0\xB8\xD0\xBB\xD0\xB8 \xD0\xB2\xD1\x8B\xD0\xB1\xD0\xB5\xD1\x80\xD0\xB8\xD1\x82\xD0\xB5 \xD0\xB4\xD1\x80\xD1\x83\xD0\xB3\xD1\x83\xD1\x8E \xD0\xBA\xD0\xBE\xD1\x88\xD0\xBA\xD1\x83",
        "\xEB\xA9\x94\xEC\x9D\xB8 \xEC\x8A\xA4\xED\x86\xA0\xEB\xA6\xAC \xEC\x95\x84\xEC\x9D\xB4\xED\x85\x9C\xEC\x9D\x80 \xED\x98\xB8\xEC\x8A\xA4\xED\x8A\xB8\xEB\xA7\x8C \xEA\xB0\x80\xEC\xA0\xB8\xEA\xB0\x88 \xEC\x88\x98 \xEC\x9E\x88\xEC\x8A\xB5\xEB\x8B\x88\xEB\x8B\xA4: \"%s\"\xEC\x9D\x84(\xEB\xA5\xBC) \xEB\xB2\x97\xEA\xB8\xB0\xEA\xB1\xB0\xEB\x82\x98 \xEB\x8B\xA4\xEB\xA5\xB8 \xEA\xB3\xA0\xEC\x96\x91\xEC\x9D\xB4\xEB\xA5\xBC \xEA\xB3\xA0\xEB\xA5\xB4\xEC\x84\xB8\xEC\x9A\x94",
        "\xE3\x83\xA1\xE3\x82\xA4\xE3\x83\xB3\xE3\x82\xB9\xE3\x83\x88\xE3\x83\xBC\xE3\x83\xAA\xE3\x83\xBC\xE3\x81\xAE\xE3\x82\xA2\xE3\x82\xA4\xE3\x83\x86\xE3\x83\xA0\xE3\x82\x92\xE6\x8C\x81\xE3\x81\xA6\xE3\x82\x8B\xE3\x81\xAE\xE3\x81\xAF\xE3\x83\x9B\xE3\x82\xB9\xE3\x83\x88\xE3\x81\xA0\xE3\x81\x91\xE3\x81\xA7\xE3\x81\x99\xEF\xBC\x9A\xE3\x80\x8C%s\xE3\x80\x8D\xE3\x82\x92\xE5\xA4\x96\xE3\x81\x99\xE3\x81\x8B\xE3\x80\x81\xE5\x88\xA5\xE3\x81\xAE\xE7\x8C\xAB\xE3\x82\x92\xE9\x81\xB8\xE3\x82\x93\xE3\x81\xA7\xE3\x81\x8F\xE3\x81\xA0\xE3\x81\x95\xE3\x81\x84",
        "\xE8\x81\x94\xE6\x9C\xBA\xE6\x97\xB6\xE5\x8F\xAA\xE6\x9C\x89\xE6\x88\xBF\xE4\xB8\xBB\xE5\x8F\xAF\xE4\xBB\xA5\xE6\x90\xBA\xE5\xB8\xA6\xE5\x89\xA7\xE6\x83\x85\xE9\x81\x93\xE5\x85\xB7\xEF\xBC\x9A\xE8\xAF\xB7\xE5\x85\x88\xE5\x8D\xB8\xE4\xB8\x8B\xE3\x80\x8C%s\xE3\x80\x8D\xEF\xBC\x8C\xE6\x88\x96\xE6\x8D\xA2\xE4\xB8\x80\xE5\x8F\xAA\xE7\x8C\xAB",
    },
    { // R_STORY_ONLY_HOST
        "Only the host can pick main-story quest items",
        "Solo el anfitri\xC3\xB3n puede elegir objetos de misi\xC3\xB3n de la historia",
        "Seul l'h\xC3\xB4te peut choisir les objets de qu\xC3\xAAte principale",
        "Nur der Host darf Hauptquest-Gegenst\xC3\xA4nde w\xC3\xA4hlen",
        "Solo l'host pu\xC3\xB2 scegliere gli oggetti della missione principale",
        "S\xC3\xB3 o anfitri\xC3\xA3o pode escolher itens da miss\xC3\xA3o principal",
        "\xD0\x9F\xD1\x80\xD0\xB5\xD0\xB4\xD0\xBC\xD0\xB5\xD1\x82\xD1\x8B \xD0\xBE\xD1\x81\xD0\xBD\xD0\xBE\xD0\xB2\xD0\xBD\xD1\x8B\xD1\x85 \xD0\xB7\xD0\xB0\xD0\xB4\xD0\xB0\xD0\xBD\xD0\xB8\xD0\xB9 \xD0\xBC\xD0\xBE\xD0\xB6\xD0\xB5\xD1\x82 \xD0\xB2\xD1\x8B\xD0\xB1\xD0\xB8\xD1\x80\xD0\xB0\xD1\x82\xD1\x8C \xD1\x82\xD0\xBE\xD0\xBB\xD1\x8C\xD0\xBA\xD0\xBE \xD1\x85\xD0\xBE\xD1\x81\xD1\x82",
        "\xEB\xA9\x94\xEC\x9D\xB8 \xED\x80\x98\xEC\x8A\xA4\xED\x8A\xB8 \xEC\x95\x84\xEC\x9D\xB4\xED\x85\x9C\xEC\x9D\x80 \xED\x98\xB8\xEC\x8A\xA4\xED\x8A\xB8\xEB\xA7\x8C \xEA\xB3\xA0\xEB\xA5\xBC \xEC\x88\x98 \xEC\x9E\x88\xEC\x8A\xB5\xEB\x8B\x88\xEB\x8B\xA4",
        "\xE3\x83\xA1\xE3\x82\xA4\xE3\x83\xB3\xE3\x82\xAF\xE3\x82\xA8\xE3\x82\xB9\xE3\x83\x88\xE3\x81\xAE\xE3\x82\xA2\xE3\x82\xA4\xE3\x83\x86\xE3\x83\xA0\xE3\x82\x92\xE9\x81\xB8\xE3\x81\xB9\xE3\x82\x8B\xE3\x81\xAE\xE3\x81\xAF\xE3\x83\x9B\xE3\x82\xB9\xE3\x83\x88\xE3\x81\xA0\xE3\x81\x91\xE3\x81\xA7\xE3\x81\x99",
        "\xE4\xBB\x85host\xE5\x8F\xAF\xE9\x80\x89\xE4\xB8\xBB\xE7\xBA\xBF\xE4\xBB\xBB\xE5\x8A\xA1\xE9\x81\x93\xE5\x85\xB7",
    },
    { // R_CHAPTER_CLIENT
        "Only the host can choose the chapter",
        "Solo el anfitri\xC3\xB3n puede elegir el cap\xC3\xADtulo",
        "Seul l'h\xC3\xB4te peut choisir le chapitre",
        "Nur der Host kann das Kapitel w\xC3\xA4hlen",
        "Solo l'host pu\xC3\xB2 scegliere il capitolo",
        "S\xC3\xB3 o anfitri\xC3\xA3o pode escolher o cap\xC3\xADtulo",
        "\xD0\x92\xD1\x8B\xD0\xB1\xD1\x80\xD0\xB0\xD1\x82\xD1\x8C \xD0\xB3\xD0\xBB\xD0\xB0\xD0\xB2\xD1\x83 \xD0\xBC\xD0\xBE\xD0\xB6\xD0\xB5\xD1\x82 \xD1\x82\xD0\xBE\xD0\xBB\xD1\x8C\xD0\xBA\xD0\xBE \xD1\x85\xD0\xBE\xD1\x81\xD1\x82",
        "\xEC\xB1\x95\xED\x84\xB0\xEB\x8A\x94 \xED\x98\xB8\xEC\x8A\xA4\xED\x8A\xB8\xEB\xA7\x8C \xEC\x84\xA0\xED\x83\x9D\xED\x95\xA0 \xEC\x88\x98 \xEC\x9E\x88\xEC\x8A\xB5\xEB\x8B\x88\xEB\x8B\xA4",
        "\xE3\x83\x81\xE3\x83\xA3\xE3\x83\x97\xE3\x82\xBF\xE3\x83\xBC\xE3\x82\x92\xE9\x81\xB8\xE3\x81\xB9\xE3\x82\x8B\xE3\x81\xAE\xE3\x81\xAF\xE3\x83\x9B\xE3\x82\xB9\xE3\x83\x88\xE3\x81\xA0\xE3\x81\x91\xE3\x81\xA7\xE3\x81\x99",
        "\xE4\xBB\x85host\xE5\x8F\xAF\xE4\xBB\xA5\xE9\x80\x89\xE6\x8B\xA9\xE7\xAB\xA0\xE8\x8A\x82",
    },
    { // R_CHAPTER_WAIT
        "Not every player is ready yet -- wait until everyone has finished preparing before choosing the chapter",
        "A\xC3\xBAn no todos est\xC3\xA1n listos: espera a que todos terminen de prepararse antes de elegir el cap\xC3\xADtulo",
        "Tous les joueurs ne sont pas pr\xC3\xAAts : attendez que chacun ait fini de se pr\xC3\xA9parer avant de choisir le chapitre",
        "Noch nicht alle Spieler sind bereit \xE2\x80\x93 warte, bis alle fertig vorbereitet sind, bevor du das Kapitel w\xC3\xA4hlst",
        "Non tutti i giocatori sono pronti: attendi che tutti abbiano finito di prepararsi prima di scegliere il capitolo",
        "Nem todos os jogadores est\xC3\xA3o prontos: espere que todos terminem a prepara\xC3\xA7\xC3\xA3o antes de escolher o cap\xC3\xADtulo",
        "\xD0\x9D\xD0\xB5 \xD0\xB2\xD1\x81\xD0\xB5 \xD0\xB8\xD0\xB3\xD1\x80\xD0\xBE\xD0\xBA\xD0\xB8 \xD0\xB3\xD0\xBE\xD1\x82\xD0\xBE\xD0\xB2\xD1\x8B \xE2\x80\x94 \xD0\xB4\xD0\xBE\xD0\xB6\xD0\xB4\xD0\xB8\xD1\x82\xD0\xB5\xD1\x81\xD1\x8C, \xD0\xBF\xD0\xBE\xD0\xBA\xD0\xB0 \xD0\xB2\xD1\x81\xD0\xB5 \xD0\xB7\xD0\xB0\xD0\xBA\xD0\xBE\xD0\xBD\xD1\x87\xD0\xB0\xD1\x82 \xD0\xBF\xD0\xBE\xD0\xB4\xD0\xB3\xD0\xBE\xD1\x82\xD0\xBE\xD0\xB2\xD0\xBA\xD1\x83, \xD0\xBF\xD1\x80\xD0\xB5\xD0\xB6\xD0\xB4\xD0\xB5 \xD1\x87\xD0\xB5\xD0\xBC \xD0\xB2\xD1\x8B\xD0\xB1\xD0\xB8\xD1\x80\xD0\xB0\xD1\x82\xD1\x8C \xD0\xB3\xD0\xBB\xD0\xB0\xD0\xB2\xD1\x83",
        "\xEC\x95\x84\xEC\xA7\x81 \xEB\xAA\xA8\xEB\x93\xA0 \xED\x94\x8C\xEB\xA0\x88\xEC\x9D\xB4\xEC\x96\xB4\xEA\xB0\x80 \xEC\xA4\x80\xEB\xB9\x84\xEB\x90\x98\xEC\xA7\x80 \xEC\x95\x8A\xEC\x95\x98\xEC\x8A\xB5\xEB\x8B\x88\xEB\x8B\xA4. \xEB\xAA\xA8\xEB\x91\x90 \xEC\xA4\x80\xEB\xB9\x84\xEB\xA5\xBC \xEB\xA7\x88\xEC\xB9\xA0 \xEB\x95\x8C\xEA\xB9\x8C\xEC\xA7\x80 \xEA\xB8\xB0\xEB\x8B\xA4\xEB\xA6\xB0 \xEB\x92\xA4 \xEC\xB1\x95\xED\x84\xB0\xEB\xA5\xBC \xEC\x84\xA0\xED\x83\x9D\xED\x95\x98\xEC\x84\xB8\xEC\x9A\x94",
        "\xE3\x81\xBE\xE3\x81\xA0\xE5\x85\xA8\xE5\x93\xA1\xE3\x81\xAE\xE6\xBA\x96\xE5\x82\x99\xE3\x81\x8C\xE5\xAE\x8C\xE4\xBA\x86\xE3\x81\x97\xE3\x81\xA6\xE3\x81\x84\xE3\x81\xBE\xE3\x81\x9B\xE3\x82\x93\xE3\x80\x82\xE5\x85\xA8\xE5\x93\xA1\xE3\x81\xAE\xE6\xBA\x96\xE5\x82\x99\xE3\x81\x8C\xE7\xB5\x82\xE3\x82\x8F\xE3\x82\x8B\xE3\x81\xBE\xE3\x81\xA7\xE5\xBE\x85\xE3\x81\xA3\xE3\x81\xA6\xE3\x81\x8B\xE3\x82\x89\xE3\x83\x81\xE3\x83\xA3\xE3\x83\x97\xE3\x82\xBF\xE3\x83\xBC\xE3\x82\x92\xE9\x81\xB8\xE3\x82\x93\xE3\x81\xA7\xE3\x81\x8F\xE3\x81\xA0\xE3\x81\x95\xE3\x81\x84",
        "\xE5\x85\xB6\xE4\xBB\x96\xE7\x8E\xA9\xE5\xAE\xB6\xE8\xBF\x98\xE6\xB2\xA1\xE6\x9C\x89\xE5\x87\x86\xE5\xA4\x87\xE5\xA5\xBD\xEF\xBC\x8C\xE8\xAF\xB7\xE7\xAD\x89\xE5\xBE\x85\xE6\x89\x80\xE6\x9C\x89\xE7\x8E\xA9\xE5\xAE\xB6\xE5\x87\x86\xE5\xA4\x87\xE5\xAE\x8C\xE6\x88\x90\xE5\x90\x8E\xE5\x86\x8D\xE9\x80\x89\xE6\x8B\xA9\xE7\xAB\xA0\xE8\x8A\x82",
    },
    { // BETA_TITLE
        "Test release",
        "Versi\xC3\xB3n de prueba",
        "Version de test",
        "Testversion",
        "Versione di prova",
        "Vers\xC3\xA3o de teste",
        "\xD0\xA2\xD0\xB5\xD1\x81\xD1\x82\xD0\xBE\xD0\xB2\xD0\xB0\xD1\x8F \xD0\xB2\xD0\xB5\xD1\x80\xD1\x81\xD0\xB8\xD1\x8F",
        "\xED\x85\x8C\xEC\x8A\xA4\xED\x8A\xB8 \xEB\xB2\x84\xEC\xA0\x84 \xEC\x95\x88\xEB\x82\xB4",
        "\xE3\x83\x86\xE3\x82\xB9\xE3\x83\x88\xE7\x89\x88\xE3\x81\xAE\xE3\x81\x8A\xE7\x9F\xA5\xE3\x82\x89\xE3\x81\x9B",
        "\xE6\xB5\x8B\xE8\xAF\x95\xE7\x89\x88\xE6\x8F\x90\xE7\xA4\xBA",
    },
    { // BETA_TEXT
        "The multiplayer mod is still in testing. Problems such as corrupted saves may happen while you play, so please use the save backup feature to be safe. If the game runs into trouble midway, press F2 to open the panel and upload the current game log. Every \"new cat joins\" effect in the game is quite likely to cause problems and has not been verified yet; you can disable it in the mod settings. The mod currently lets the host lead clients into areas they have not unlocked yet, which may have unknown side effects; this is not recommended for now.",
        "El mod multijugador sigue en fase de pruebas. Pueden ocurrir problemas como partidas da\xC3\xB1" "adas, as\xC3\xAD que usa la funci\xC3\xB3n de copias de partidas para prevenirlo. Si el juego da problemas a mitad de partida, pulsa F2 para abrir el panel y subir el registro actual del juego. Todos los efectos de \xC2\xABun gato nuevo se une\xC2\xBB del juego tienen bastantes probabilidades de causar problemas y a\xC3\xBAn no se han verificado; puedes desactivarlos en los ajustes del mod. Actualmente el mod permite que el anfitri\xC3\xB3n lleve a los clientes a zonas que a\xC3\xBAn no han desbloqueado, lo que puede tener efectos desconocidos; por ahora no se recomienda.",
        "Le mod multijoueur est encore en phase de test. Des probl\xC3\xA8mes comme des sauvegardes corrompues peuvent survenir : utilisez la fonction de sauvegarde pour vous prot\xC3\xA9ger. Si le jeu rencontre un probl\xC3\xA8me en cours de route, appuyez sur F2 pour ouvrir le panneau et envoyer le journal de jeu actuel. Tous les effets \xC2\xAB un nouveau chat rejoint l'\xC3\xA9quipe \xC2\xBB du jeu risquent fort de provoquer des probl\xC3\xA8mes et n'ont pas encore \xC3\xA9t\xC3\xA9 v\xC3\xA9rifi\xC3\xA9s ; vous pouvez les d\xC3\xA9sactiver dans les param\xC3\xA8tres du mod. Le mod permet actuellement \xC3\xA0 l'h\xC3\xB4te d'emmener les clients dans des zones qu'ils n'ont pas encore d\xC3\xA9" "bloqu\xC3\xA9" "es, ce qui peut avoir des effets inconnus ; ce n'est pas recommand\xC3\xA9 pour le moment.",
        "Die Mehrspieler-Mod befindet sich noch in der Testphase. Es k\xC3\xB6nnen Probleme wie besch\xC3\xA4" "digte Spielst\xC3\xA4nde auftreten \xE2\x80\x93 nutze zur Vorsicht die Backup-Funktion. Wenn das Spiel zwischendurch Probleme macht, \xC3\xB6" "ffne mit F2 das Panel und lade das aktuelle Spielprotokoll hoch. Alle \xE2\x80\x9ENeue Katze schlie\xC3\x9Ft sich an\xE2\x80\x9C-Effekte im Spiel f\xC3\xBChren sehr wahrscheinlich zu Problemen und wurden noch nicht \xC3\xBC" "berpr\xC3\xBC" "ft; du kannst sie in den Mod-Einstellungen deaktivieren. Die Mod erlaubt dem Host derzeit, Clients in Gebiete zu f\xC3\xBChren, die sie noch nicht freigeschaltet haben; das kann unbekannte Folgen haben und wird vorerst nicht empfohlen.",
        "La mod multigiocatore \xC3\xA8 ancora in fase di test. Possono verificarsi problemi come salvataggi corrotti: usa la funzione di backup per prevenirli. Se il gioco ha problemi durante la partita, premi F2 per aprire il pannello e caricare il registro di gioco attuale. Tutti gli effetti \xC2\xABun nuovo gatto si unisce\xC2\xBB del gioco hanno buone probabilit\xC3\xA0 di causare problemi e non sono ancora stati verificati; puoi disattivarli nelle impostazioni del mod. Al momento la mod permette all'host di portare i client in aree che non hanno ancora sbloccato, con possibili effetti sconosciuti; per ora non \xC3\xA8 consigliato.",
        "O mod multijogador ainda est\xC3\xA1 em fase de testes. Podem ocorrer problemas como saves corrompidos, ent\xC3\xA3o use a fun\xC3\xA7\xC3\xA3o de backup para se prevenir. Se o jogo tiver problemas no meio da partida, pressione F2 para abrir o painel e enviar o registro atual do jogo. Todos os efeitos de \xC2\xABum novo gato se junta\xC2\xBB do jogo t\xC3\xAAm boa chance de causar problemas e ainda n\xC3\xA3o foram verificados; voc\xC3\xAA pode desativ\xC3\xA1-los nas configura\xC3\xA7\xC3\xB5" "es do mod. Atualmente o mod permite que o anfitri\xC3\xA3o leve os clientes a \xC3\xA1reas que eles ainda n\xC3\xA3o desbloquearam, o que pode ter efeitos desconhecidos; por enquanto isso n\xC3\xA3o \xC3\xA9 recomendado.",
        "\xD0\x9C\xD0\xBE\xD0\xB4 \xD0\xB4\xD0\xBB\xD1\x8F \xD0\xBC\xD1\x83\xD0\xBB\xD1\x8C\xD1\x82\xD0\xB8\xD0\xBF\xD0\xBB\xD0\xB5\xD0\xB5\xD1\x80\xD0\xB0 \xD0\xB2\xD1\x81\xD1\x91 \xD0\xB5\xD1\x89\xD1\x91 \xD1\x82\xD0\xB5\xD1\x81\xD1\x82\xD0\xB8\xD1\x80\xD1\x83\xD0\xB5\xD1\x82\xD1\x81\xD1\x8F. \xD0\x92\xD0\xBE\xD0\xB7\xD0\xBC\xD0\xBE\xD0\xB6\xD0\xBD\xD1\x8B \xD0\xBF\xD1\x80\xD0\xBE\xD0\xB1\xD0\xBB\xD0\xB5\xD0\xBC\xD1\x8B, \xD0\xBD\xD0\xB0\xD0\xBF\xD1\x80\xD0\xB8\xD0\xBC\xD0\xB5\xD1\x80 \xD0\xBF\xD0\xBE\xD0\xB2\xD1\x80\xD0\xB5\xD0\xB6\xD0\xB4\xD0\xB5\xD0\xBD\xD0\xB8\xD0\xB5 \xD1\x81\xD0\xBE\xD1\x85\xD1\x80\xD0\xB0\xD0\xBD\xD0\xB5\xD0\xBD\xD0\xB8\xD0\xB9, \xD0\xBF\xD0\xBE\xD1\x8D\xD1\x82\xD0\xBE\xD0\xBC\xD1\x83 \xD0\xBF\xD0\xBE\xD0\xBB\xD1\x8C\xD0\xB7\xD1\x83\xD0\xB9\xD1\x82\xD0\xB5\xD1\x81\xD1\x8C \xD1\x84\xD1\x83\xD0\xBD\xD0\xBA\xD1\x86\xD0\xB8\xD0\xB5\xD0\xB9 \xD1\x80\xD0\xB5\xD0\xB7\xD0\xB5\xD1\x80\xD0\xB2\xD0\xBD\xD0\xBE\xD0\xB3\xD0\xBE \xD0\xBA\xD0\xBE\xD0\xBF\xD0\xB8\xD1\x80\xD0\xBE\xD0\xB2\xD0\xB0\xD0\xBD\xD0\xB8\xD1\x8F. \xD0\x95\xD1\x81\xD0\xBB\xD0\xB8 \xD0\xB2 \xD1\x81\xD0\xB5\xD1\x80\xD0\xB5\xD0\xB4\xD0\xB8\xD0\xBD\xD0\xB5 \xD0\xB8\xD0\xB3\xD1\x80\xD1\x8B \xD0\xB2\xD0\xBE\xD0\xB7\xD0\xBD\xD0\xB8\xD0\xBA\xD0\xBD\xD1\x83\xD1\x82 \xD0\xBF\xD1\x80\xD0\xBE\xD0\xB1\xD0\xBB\xD0\xB5\xD0\xBC\xD1\x8B, \xD0\xBD\xD0\xB0\xD0\xB6\xD0\xBC\xD0\xB8\xD1\x82\xD0\xB5 F2, \xD1\x87\xD1\x82\xD0\xBE\xD0\xB1\xD1\x8B \xD0\xBE\xD1\x82\xD0\xBA\xD1\x80\xD1\x8B\xD1\x82\xD1\x8C \xD0\xBF\xD0\xB0\xD0\xBD\xD0\xB5\xD0\xBB\xD1\x8C \xD0\xB8 \xD0\xBE\xD1\x82\xD0\xBF\xD1\x80\xD0\xB0\xD0\xB2\xD0\xB8\xD1\x82\xD1\x8C \xD1\x82\xD0\xB5\xD0\xBA\xD1\x83\xD1\x89\xD0\xB8\xD0\xB9 \xD0\xB6\xD1\x83\xD1\x80\xD0\xBD\xD0\xB0\xD0\xBB \xD0\xB8\xD0\xB3\xD1\x80\xD1\x8B. \xD0\x92\xD1\x81\xD0\xB5 \xD1\x8D\xD1\x84\xD1\x84\xD0\xB5\xD0\xBA\xD1\x82\xD1\x8B \xC2\xAB\xD0\xB2 \xD0\xBA\xD0\xBE\xD0\xBC\xD0\xB0\xD0\xBD\xD0\xB4\xD1\x83 \xD0\xB2\xD1\x81\xD1\x82\xD1\x83\xD0\xBF\xD0\xB0\xD0\xB5\xD1\x82 \xD0\xBD\xD0\xBE\xD0\xB2\xD1\x8B\xD0\xB9 \xD0\xBA\xD0\xBE\xD1\x82\xC2\xBB \xD0\xB2 \xD0\xB8\xD0\xB3\xD1\x80\xD0\xB5 \xD1\x81 \xD0\xB1\xD0\xBE\xD0\xBB\xD1\x8C\xD1\x88\xD0\xBE\xD0\xB9 \xD0\xB2\xD0\xB5\xD1\x80\xD0\xBE\xD1\x8F\xD1\x82\xD0\xBD\xD0\xBE\xD1\x81\xD1\x82\xD1\x8C\xD1\x8E \xD0\xB2\xD1\x8B\xD0\xB7\xD1\x8B\xD0\xB2\xD0\xB0\xD1\x8E\xD1\x82 \xD1\x81\xD0\xB1\xD0\xBE\xD0\xB8 \xD0\xB8 \xD0\xBF\xD0\xBE\xD0\xBA\xD0\xB0 \xD0\xBD\xD0\xB5 \xD0\xBF\xD1\x80\xD0\xBE\xD0\xB2\xD0\xB5\xD1\x80\xD0\xB5\xD0\xBD\xD1\x8B; \xD0\xB8\xD1\x85 \xD0\xBC\xD0\xBE\xD0\xB6\xD0\xBD\xD0\xBE \xD0\xBE\xD1\x82\xD0\xBA\xD0\xBB\xD1\x8E\xD1\x87\xD0\xB8\xD1\x82\xD1\x8C \xD0\xB2 \xD0\xBD\xD0\xB0\xD1\x81\xD1\x82\xD1\x80\xD0\xBE\xD0\xB9\xD0\xBA\xD0\xB0\xD1\x85 \xD0\xBC\xD0\xBE\xD0\xB4\xD0\xB0. \xD0\xA1\xD0\xB5\xD0\xB9\xD1\x87\xD0\xB0\xD1\x81 \xD0\xBC\xD0\xBE\xD0\xB4 \xD0\xBF\xD0\xBE\xD0\xB7\xD0\xB2\xD0\xBE\xD0\xBB\xD1\x8F\xD0\xB5\xD1\x82 \xD1\x85\xD0\xBE\xD1\x81\xD1\x82\xD1\x83 \xD0\xB2\xD0\xB5\xD1\x81\xD1\x82\xD0\xB8 \xD0\xBA\xD0\xBB\xD0\xB8\xD0\xB5\xD0\xBD\xD1\x82\xD0\xBE\xD0\xB2 \xD0\xB2 \xD0\xBE\xD0\xB1\xD0\xBB\xD0\xB0\xD1\x81\xD1\x82\xD0\xB8, \xD0\xBA\xD0\xBE\xD1\x82\xD0\xBE\xD1\x80\xD1\x8B\xD0\xB5 \xD0\xBE\xD0\xBD\xD0\xB8 \xD0\xB5\xD1\x89\xD1\x91 \xD0\xBD\xD0\xB5 \xD0\xBE\xD1\x82\xD0\xBA\xD1\x80\xD1\x8B\xD0\xBB\xD0\xB8; \xD1\x8D\xD1\x82\xD0\xBE \xD0\xBC\xD0\xBE\xD0\xB6\xD0\xB5\xD1\x82 \xD0\xB8\xD0\xBC\xD0\xB5\xD1\x82\xD1\x8C \xD0\xBD\xD0\xB5\xD0\xB8\xD0\xB7\xD0\xB2\xD0\xB5\xD1\x81\xD1\x82\xD0\xBD\xD1\x8B\xD0\xB5 \xD0\xBF\xD0\xBE\xD1\x81\xD0\xBB\xD0\xB5\xD0\xB4\xD1\x81\xD1\x82\xD0\xB2\xD0\xB8\xD1\x8F, \xD0\xBF\xD0\xBE\xD1\x8D\xD1\x82\xD0\xBE\xD0\xBC\xD1\x83 \xD0\xBF\xD0\xBE\xD0\xBA\xD0\xB0 \xD0\xBD\xD0\xB5 \xD1\x80\xD0\xB5\xD0\xBA\xD0\xBE\xD0\xBC\xD0\xB5\xD0\xBD\xD0\xB4\xD1\x83\xD0\xB5\xD1\x82\xD1\x81\xD1\x8F.",
        "\xEB\xA9\x80\xED\x8B\xB0\xED\x94\x8C\xEB\xA0\x88\xEC\x9D\xB4 \xEB\xAA\xA8\xEB\x93\x9C\xEB\x8A\x94 \xEC\x95\x84\xEC\xA7\x81 \xED\x85\x8C\xEC\x8A\xA4\xED\x8A\xB8 \xEB\x8B\xA8\xEA\xB3\x84\xEC\x9E\x85\xEB\x8B\x88\xEB\x8B\xA4. \xED\x94\x8C\xEB\xA0\x88\xEC\x9D\xB4 \xEC\xA4\x91 \xEC\xA0\x80\xEC\x9E\xA5 \xED\x8C\x8C\xEC\x9D\xBC\xEC\x9D\xB4 \xEC\x86\x90\xEC\x83\x81\xEB\x90\x98\xEB\x8A\x94 \xEB\x93\xB1\xEC\x9D\x98 \xEB\xAC\xB8\xEC\xA0\x9C\xEA\xB0\x80 \xEC\x83\x9D\xEA\xB8\xB8 \xEC\x88\x98 \xEC\x9E\x88\xEC\x9C\xBC\xEB\x8B\x88, \xEC\xA0\x80\xEC\x9E\xA5 \xEB\xB0\xB1\xEC\x97\x85 \xEA\xB8\xB0\xEB\x8A\xA5\xEC\x9D\x84 \xEC\x82\xAC\xEC\x9A\xA9\xED\x95\xB4 \xEB\xAF\xB8\xEB\xA6\xAC \xEB\x8C\x80\xEB\xB9\x84\xED\x95\x98\xEC\x84\xB8\xEC\x9A\x94. \xEA\xB2\x8C\xEC\x9E\x84 \xEB\x8F\x84\xEC\xA4\x91 \xEB\xAC\xB8\xEC\xA0\x9C\xEA\xB0\x80 \xEC\x83\x9D\xEA\xB8\xB0\xEB\xA9\xB4 F2\xEB\xA1\x9C \xED\x8C\xA8\xEB\x84\x90\xEC\x9D\x84 \xEC\x97\xB4\xEC\x96\xB4 \xED\x98\x84\xEC\x9E\xAC \xEA\xB2\x8C\xEC\x9E\x84 \xEB\xA1\x9C\xEA\xB7\xB8\xEB\xA5\xBC \xEC\x97\x85\xEB\xA1\x9C\xEB\x93\x9C\xED\x95\xA0 \xEC\x88\x98 \xEC\x9E\x88\xEC\x8A\xB5\xEB\x8B\x88\xEB\x8B\xA4. \xEA\xB2\x8C\xEC\x9E\x84 \xEC\x86\x8D \xEB\xAA\xA8\xEB\x93\xA0 '\xEC\x83\x88 \xEA\xB3\xA0\xEC\x96\x91\xEC\x9D\xB4 \xED\x95\xA9\xEB\xA5\x98' \xED\x9A\xA8\xEA\xB3\xBC\xEB\x8A\x94 \xEB\xAC\xB8\xEC\xA0\x9C\xEB\xA5\xBC \xEC\x9D\xBC\xEC\x9C\xBC\xED\x82\xAC \xEA\xB0\x80\xEB\x8A\xA5\xEC\x84\xB1\xEC\x9D\xB4 \xEB\x86\x92\xEC\x9C\xBC\xEB\xA9\xB0 \xEC\x95\x84\xEC\xA7\x81 \xEA\xB2\x80\xEC\xA6\x9D\xEB\x90\x98\xEC\xA7\x80 \xEC\x95\x8A\xEC\x95\x98\xEC\x8A\xB5\xEB\x8B\x88\xEB\x8B\xA4. \xEB\xAA\xA8\xEB\x93\x9C \xEC\x84\xA4\xEC\xA0\x95\xEC\x97\x90\xEC\x84\x9C \xEC\x9D\xB4 \xED\x9A\xA8\xEA\xB3\xBC\xEB\xA5\xBC \xEB\xB9\x84\xED\x99\x9C\xEC\x84\xB1\xED\x99\x94\xED\x95\xA0 \xEC\x88\x98 \xEC\x9E\x88\xEC\x8A\xB5\xEB\x8B\x88\xEB\x8B\xA4. \xED\x98\x84\xEC\x9E\xAC \xEB\xAA\xA8\xEB\x93\x9C\xEB\x8A\x94 \xED\x98\xB8\xEC\x8A\xA4\xED\x8A\xB8\xEA\xB0\x80 \xED\x81\xB4\xEB\x9D\xBC\xEC\x9D\xB4\xEC\x96\xB8\xED\x8A\xB8\xEB\xA5\xBC \xEC\x95\x84\xEC\xA7\x81 \xEC\x9E\xA0\xEA\xB8\x88 \xED\x95\xB4\xEC\xA0\x9C\xED\x95\x98\xEC\xA7\x80 \xEC\x95\x8A\xEC\x9D\x80 \xEC\xA7\x80\xEC\x97\xAD\xEC\x9C\xBC\xEB\xA1\x9C \xEB\x8D\xB0\xEB\xA0\xA4\xEA\xB0\x88 \xEC\x88\x98 \xEC\x9E\x88\xEB\x8F\x84\xEB\xA1\x9D \xED\x97\x88\xEC\x9A\xA9\xED\x95\x98\xEC\xA7\x80\xEB\xA7\x8C, \xEC\x95\x8C \xEC\x88\x98 \xEC\x97\x86\xEB\x8A\x94 \xEC\x98\x81\xED\x96\xA5\xEC\x9D\xB4 \xEC\x83\x9D\xEA\xB8\xB8 \xEC\x88\x98 \xEC\x9E\x88\xEC\x96\xB4 \xEB\x8B\xB9\xEB\xB6\x84\xEA\xB0\x84 \xEA\xB6\x8C\xEC\x9E\xA5\xED\x95\x98\xEC\xA7\x80 \xEC\x95\x8A\xEC\x8A\xB5\xEB\x8B\x88\xEB\x8B\xA4.",
        "\xE3\x83\x9E\xE3\x83\xAB\xE3\x83\x81\xE3\x83\x97\xE3\x83\xAC\xE3\x82\xA4MOD\xE3\x81\xAF\xE3\x81\xBE\xE3\x81\xA0\xE3\x83\x86\xE3\x82\xB9\xE3\x83\x88\xE6\xAE\xB5\xE9\x9A\x8E\xE3\x81\xA7\xE3\x81\x99\xE3\x80\x82\xE3\x83\x97\xE3\x83\xAC\xE3\x82\xA4\xE4\xB8\xAD\xE3\x81\xAB\xE3\x82\xBB\xE3\x83\xBC\xE3\x83\x96\xE3\x83\x87\xE3\x83\xBC\xE3\x82\xBF\xE3\x81\x8C\xE7\xA0\xB4\xE6\x90\x8D\xE3\x81\x99\xE3\x82\x8B\xE3\x81\xAA\xE3\x81\xA9\xE3\x81\xAE\xE5\x95\x8F\xE9\xA1\x8C\xE3\x81\x8C\xE8\xB5\xB7\xE3\x81\x93\xE3\x82\x8B\xE5\x8F\xAF\xE8\x83\xBD\xE6\x80\xA7\xE3\x81\x8C\xE3\x81\x82\xE3\x82\x8B\xE3\x81\x9F\xE3\x82\x81\xE3\x80\x81\xE3\x82\xBB\xE3\x83\xBC\xE3\x83\x96\xE3\x81\xAE\xE3\x83\x90\xE3\x83\x83\xE3\x82\xAF\xE3\x82\xA2\xE3\x83\x83\xE3\x83\x97\xE6\xA9\x9F\xE8\x83\xBD\xE3\x81\xA7\xE5\x82\x99\xE3\x81\x88\xE3\x81\xA6\xE3\x81\x8F\xE3\x81\xA0\xE3\x81\x95\xE3\x81\x84\xE3\x80\x82\xE3\x82\xB2\xE3\x83\xBC\xE3\x83\xA0\xE4\xB8\xAD\xE3\x81\xAB\xE5\x95\x8F\xE9\xA1\x8C\xE3\x81\x8C\xE8\xB5\xB7\xE3\x81\x8D\xE3\x81\x9F\xE5\xA0\xB4\xE5\x90\x88\xE3\x81\xAF\xE3\x80\x81" "F2\xE3\x81\xA7\xE3\x83\x91\xE3\x83\x8D\xE3\x83\xAB\xE3\x82\x92\xE9\x96\x8B\xE3\x81\x84\xE3\x81\xA6\xE7\x8F\xBE\xE5\x9C\xA8\xE3\x81\xAE\xE3\x82\xB2\xE3\x83\xBC\xE3\x83\xA0\xE3\x83\xAD\xE3\x82\xB0\xE3\x82\x92\xE3\x82\xA2\xE3\x83\x83\xE3\x83\x97\xE3\x83\xAD\xE3\x83\xBC\xE3\x83\x89\xE3\x81\xA7\xE3\x81\x8D\xE3\x81\xBE\xE3\x81\x99\xE3\x80\x82 \xE3\x82\xB2\xE3\x83\xBC\xE3\x83\xA0\xE5\x86\x85\xE3\x81\xAE\xE3\x81\x99\xE3\x81\xB9\xE3\x81\xA6\xE3\x81\xAE\xE3\x80\x8C\xE6\x96\xB0\xE3\x81\x97\xE3\x81\x84\xE7\x8C\xAB\xE3\x81\x8C\xE4\xBB\xB2\xE9\x96\x93\xE3\x81\xAB\xE5\x8A\xA0\xE3\x82\x8F\xE3\x82\x8B\xE3\x80\x8D\xE5\x8A\xB9\xE6\x9E\x9C\xE3\x81\xAF\xE5\x95\x8F\xE9\xA1\x8C\xE3\x82\x92\xE8\xB5\xB7\xE3\x81\x93\xE3\x81\x99\xE5\x8F\xAF\xE8\x83\xBD\xE6\x80\xA7\xE3\x81\x8C\xE9\xAB\x98\xE3\x81\x8F\xE3\x80\x81\xE3\x81\xBE\xE3\x81\xA0\xE6\xA4\x9C\xE8\xA8\xBC\xE3\x81\x95\xE3\x82\x8C\xE3\x81\xA6\xE3\x81\x84\xE3\x81\xBE\xE3\x81\x9B\xE3\x82\x93\xE3\x80\x82\xE3\x83\xA2\xE3\x83\x83\xE3\x83\x89\xE8\xA8\xAD\xE5\xAE\x9A\xE3\x81\xA7\xE7\x84\xA1\xE5\x8A\xB9\xE3\x81\xAB\xE3\x81\xA7\xE3\x81\x8D\xE3\x81\xBE\xE3\x81\x99\xE3\x80\x82\xE7\x8F\xBE\xE5\x9C\xA8\xE3\x81\xAEMOD\xE3\x81\xA7\xE3\x81\xAF\xE3\x80\x81\xE3\x83\x9B\xE3\x82\xB9\xE3\x83\x88\xE3\x81\x8C\xE3\x82\xAF\xE3\x83\xA9\xE3\x82\xA4\xE3\x82\xA2\xE3\x83\xB3\xE3\x83\x88\xE3\x82\x92\xE3\x81\xBE\xE3\x81\xA0\xE8\xA7\xA3\xE6\x94\xBE\xE3\x81\x97\xE3\x81\xA6\xE3\x81\x84\xE3\x81\xAA\xE3\x81\x84\xE3\x82\xA8\xE3\x83\xAA\xE3\x82\xA2\xE3\x81\xB8\xE9\x80\xA3\xE3\x82\x8C\xE3\x81\xA6\xE8\xA1\x8C\xE3\x81\x8F\xE3\x81\x93\xE3\x81\xA8\xE3\x81\x8C\xE3\x81\xA7\xE3\x81\x8D\xE3\x81\xBE\xE3\x81\x99\xE3\x81\x8C\xE3\x80\x81\xE4\xBA\x88\xE6\x9C\x9F\xE3\x81\x97\xE3\x81\xAA\xE3\x81\x84\xE5\xBD\xB1\xE9\x9F\xBF\xE3\x81\x8C\xE5\x87\xBA\xE3\x82\x8B\xE5\x8F\xAF\xE8\x83\xBD\xE6\x80\xA7\xE3\x81\x8C\xE3\x81\x82\xE3\x82\x8B\xE3\x81\x9F\xE3\x82\x81\xE3\x80\x81\xE5\xBD\x93\xE9\x9D\xA2\xE3\x81\xAF\xE6\x8E\xA8\xE5\xA5\xA8\xE3\x81\x95\xE3\x82\x8C\xE3\x81\xBE\xE3\x81\x9B\xE3\x82\x93\xE3\x80\x82",
        "\xE5\xA4\x9A\xE4\xBA\xBA\xE8\x81\x94\xE6\x9C\xBAmod\xE5\xB0\x9A\xE5\xA4\x84\xE4\xBA\x8E\xE6\xB5\x8B\xE8\xAF\x95\xE9\x98\xB6\xE6\xAE\xB5\xEF\xBC\x8C\xE5\x8F\xAF\xE8\x83\xBD\xE5\x9C\xA8\xE4\xBD\xBF\xE7\x94\xA8\xE8\xBF\x87\xE7\xA8\x8B\xE4\xB8\xAD\xE5\x87\xBA\xE7\x8E\xB0\xE5\x9D\x8F\xE6\xA1\xA3\xE7\xAD\x89\xE6\x83\x85\xE5\x86\xB5\xEF\xBC\x8C\xE5\xBB\xBA\xE8\xAE\xAE\xE4\xBD\xBF\xE7\x94\xA8\xE5\xAD\x98\xE6\xA1\xA3\xE5\xA4\x87\xE4\xBB\xBD\xE5\x8A\x9F\xE8\x83\xBD\xE4\xBB\xA5\xE9\xA2\x84\xE9\x98\xB2\xE3\x80\x82\xE5\xA6\x82\xE6\x9E\x9C\xE6\xB8\xB8\xE6\x88\x8F\xE5\x9C\xA8\xE4\xB8\xAD\xE9\x80\x94\xE9\x81\x87\xE5\x88\xB0\xE9\x97\xAE\xE9\xA2\x98\xEF\xBC\x8C\xE5\x8F\xAF\xE4\xBB\xA5" "F2\xE6\x89\x93\xE5\xBC\x80\xE9\x9D\xA2\xE6\x9D\xBF\xE4\xB8\x8A\xE4\xBC\xA0\xE5\xBD\x93\xE5\x89\x8D\xE7\x9A\x84\xE6\xB8\xB8\xE6\x88\x8F\xE6\x97\xA5\xE5\xBF\x97\xE3\x80\x82\xE5\xBD\x93\xE5\x89\x8D\xE6\xB8\xB8\xE6\x88\x8F\xE4\xB8\xAD\xE6\x89\x80\xE6\x9C\x89\xE2\x80\x9C\xE6\x96\xB0\xE7\x8C\xAB\xE5\x85\xA5\xE9\x98\x9F\xE2\x80\x9D\xE6\x95\x88\xE6\x9E\x9C\xE8\xBE\x83\xE5\xA4\xA7\xE6\xA6\x82\xE7\x8E\x87\xE4\xBC\x9A\xE5\xAF\xBC\xE8\x87\xB4\xE5\xBC\x82\xE5\xB8\xB8\xEF\xBC\x8C\xE7\x9B\xAE\xE5\x89\x8D\xE5\xB0\x9A\xE6\x9C\xAA\xE8\xBF\x9B\xE8\xA1\x8C\xE9\xAA\x8C\xE8\xAF\x81\xEF\xBC\x8C\xE5\x8F\xAF\xE4\xBB\xA5\xE5\x9C\xA8\xE6\xA8\xA1\xE7\xBB\x84\xE8\xAE\xBE\xE7\xBD\xAE\xE4\xB8\xAD\xE7\xA6\x81\xE7\x94\xA8\xE8\xAF\xA5\xE6\x95\x88\xE6\x9E\x9C\xE3\x80\x82\xE7\x9B\xAE\xE5\x89\x8Dmod\xE5\x85\x81\xE8\xAE\xB8\xE6\x88\xBF\xE4\xB8\xBB\xE5\xB8\xA6\xE9\xA2\x86\xE5\xAE\xA2\xE6\x88\xB7\xE7\xAB\xAF\xE8\xBF\x9B\xE5\x85\xA5\xE5\x85\xB6\xE5\xB0\x9A\xE6\x9C\xAA\xE8\xA7\xA3\xE9\x94\x81\xE7\x9A\x84\xE5\x8C\xBA\xE5\x9F\x9F\xEF\xBC\x8C\xE4\xBD\x86\xE5\x8F\xAF\xE8\x83\xBD\xE4\xBC\x9A\xE4\xBA\xA7\xE7\x94\x9F\xE6\x9C\xAA\xE7\x9F\xA5\xE7\x9A\x84\xE5\xBD\xB1\xE5\x93\x8D\xEF\xBC\x8C\xE6\x9A\x82\xE6\x97\xB6\xE4\xB8\x8D\xE6\x8E\xA8\xE8\x8D\x90\xE8\xBF\x99\xE4\xB9\x88\xE5\x81\x9A\xE3\x80\x82",
    },
    { // BETA_DONT_SHOW
        "Do not show again",
        "No volver a mostrar",
        "Ne plus afficher",
        "Nicht mehr anzeigen",
        "Non mostrare pi\xC3\xB9",
        "N\xC3\xA3o mostrar novamente",
        "\xD0\x91\xD0\xBE\xD0\xBB\xD1\x8C\xD1\x88\xD0\xB5 \xD0\xBD\xD0\xB5 \xD0\xBF\xD0\xBE\xD0\xBA\xD0\xB0\xD0\xB7\xD1\x8B\xD0\xB2\xD0\xB0\xD1\x82\xD1\x8C",
        "\xEB\x8B\xA4\xEC\x8B\x9C \xED\x91\x9C\xEC\x8B\x9C\xED\x95\x98\xEC\xA7\x80 \xEC\x95\x8A\xEA\xB8\xB0",
        "\xE4\xBB\x8A\xE5\xBE\x8C\xE8\xA1\xA8\xE7\xA4\xBA\xE3\x81\x97\xE3\x81\xAA\xE3\x81\x84",
        "\xE4\xB8\x8D\xE5\x86\x8D\xE6\x8F\x90\xE7\xA4\xBA",
    },
    { // SEARCH
        "Search",
        "Buscar",
        "Chercher",
        "Suche",
        "Cerca",
        "Buscar",
        "\xD0\x9F\xD0\xBE\xD0\xB8\xD1\x81\xD0\xBA",
        "\xEA\xB2\x80\xEC\x83\x89",
        "\xE6\xA4\x9C\xE7\xB4\xA2",
        "\xE6\x90\x9C\xE7\xB4\xA2",
    },
    { // SEARCH_HINT
        "Room or host name",
        "Nombre de sala o anfitri\xC3\xB3n",
        "Nom du salon ou de l'h\xC3\xB4te",
        "Raum- oder Hostname",
        "Nome stanza o host",
        "Nome da sala ou do anfitri\xC3\xA3o",
        "\xD0\x9D\xD0\xB0\xD0\xB7\xD0\xB2\xD0\xB0\xD0\xBD\xD0\xB8\xD0\xB5 \xD0\xBA\xD0\xBE\xD0\xBC\xD0\xBD\xD0\xB0\xD1\x82\xD1\x8B \xD0\xB8\xD0\xBB\xD0\xB8 \xD1\x85\xD0\xBE\xD1\x81\xD1\x82\xD0\xB0",
        "\xEB\xB0\xA9 \xEC\x9D\xB4\xEB\xA6\x84 \xEB\x98\x90\xEB\x8A\x94 \xEB\xB0\xA9\xEC\x9E\xA5 \xEC\x9D\xB4\xEB\xA6\x84",
        "\xE3\x83\xAB\xE3\x83\xBC\xE3\x83\xA0\xE5\x90\x8D\xE3\x81\xBE\xE3\x81\x9F\xE3\x81\xAF\xE3\x83\x9B\xE3\x82\xB9\xE3\x83\x88\xE5\x90\x8D",
        "\xE8\xBE\x93\xE5\x85\xA5\xE6\x88\xBF\xE9\x97\xB4\xE5\x90\x8D\xE6\x88\x96\xE6\x88\xBF\xE4\xB8\xBB\xE5\x90\x8D",
    },
    { // NO_MATCH
        "No room matches your search",
        "Ninguna sala coincide con la b\xC3\xBAsqueda",
        "Aucun salon ne correspond",
        "Kein Raum passt zur Suche",
        "Nessuna stanza corrisponde",
        "Nenhuma sala corresponde",
        "\xD0\x9F\xD0\xBE\xD0\xB4\xD1\x85\xD0\xBE\xD0\xB4\xD1\x8F\xD1\x89\xD0\xB8\xD1\x85 \xD0\xBA\xD0\xBE\xD0\xBC\xD0\xBD\xD0\xB0\xD1\x82 \xD0\xBD\xD0\xB5\xD1\x82",
        "\xEA\xB2\x80\xEC\x83\x89\xEA\xB3\xBC \xEC\x9D\xBC\xEC\xB9\x98\xED\x95\x98\xEB\x8A\x94 \xEB\xB0\xA9\xEC\x9D\xB4 \xEC\x97\x86\xEC\x8A\xB5\xEB\x8B\x88\xEB\x8B\xA4",
        "\xE4\xB8\x80\xE8\x87\xB4\xE3\x81\x99\xE3\x82\x8B\xE3\x83\xAB\xE3\x83\xBC\xE3\x83\xA0\xE3\x81\x8C\xE3\x81\x82\xE3\x82\x8A\xE3\x81\xBE\xE3\x81\x9B\xE3\x82\x93",
        "\xE6\xB2\xA1\xE6\x9C\x89\xE7\xAC\xA6\xE5\x90\x88\xE6\x90\x9C\xE7\xB4\xA2\xE7\x9A\x84\xE6\x88\xBF\xE9\x97\xB4",
    },
    { // ROOM_PW
        "Password",
        "Contrase\xC3\xB1" "a",
        "Mot de passe",
        "Passwort",
        "Password",
        "Senha",
        "\xD0\x9F\xD0\xB0\xD1\x80\xD0\xBE\xD0\xBB\xD1\x8C",
        "\xEB\xB9\x84\xEB\xB0\x80\xEB\xB2\x88\xED\x98\xB8",
        "\xE3\x83\x91\xE3\x82\xB9\xE3\x83\xAF\xE3\x83\xBC\xE3\x83\x89",
        "\xE5\xAF\x86\xE7\xA0\x81",
    },
    { // ROOM_PW_HINT
        "Optional; empty = open room",
        "Opcional; vac\xC3\xADo = sala abierta",
        "Facultatif ; vide = salon ouvert",
        "Optional; leer = offener Raum",
        "Facoltativa; vuota = stanza aperta",
        "Opcional; vazio = sala aberta",
        "\xD0\x9D\xD0\xB5\xD0\xBE\xD0\xB1\xD1\x8F\xD0\xB7\xD0\xB0\xD1\x82\xD0\xB5\xD0\xBB\xD1\x8C\xD0\xBD\xD0\xBE; \xD0\xBF\xD1\x83\xD1\x81\xD1\x82\xD0\xBE = \xD0\xBE\xD1\x82\xD0\xBA\xD1\x80\xD1\x8B\xD1\x82\xD0\xB0\xD1\x8F",
        "\xEC\x84\xA0\xED\x83\x9D \xEC\x82\xAC\xED\x95\xAD, \xEB\xB9\x84\xEC\x9A\xB0\xEB\xA9\xB4 \xEA\xB3\xB5\xEA\xB0\x9C \xEB\xB0\xA9",
        "\xE4\xBB\xBB\xE6\x84\x8F\xE3\x80\x82\xE7\xA9\xBA\xE6\xAC\x84\xE3\x81\xAA\xE3\x82\x89\xE5\x85\xAC\xE9\x96\x8B\xE3\x83\xAB\xE3\x83\xBC\xE3\x83\xA0",
        "\xE5\x8F\xAF\xE9\x80\x89\xEF\xBC\x8C\xE7\x95\x99\xE7\xA9\xBA\xE4\xB8\xBA\xE5\x85\xAC\xE5\xBC\x80\xE6\x88\xBF\xE9\x97\xB4",
    },
    { // PW_TITLE
        "Enter the room password",
        "Introduce la contrase\xC3\xB1" "a de la sala",
        "Entrez le mot de passe du salon",
        "Raumpasswort eingeben",
        "Inserisci la password della stanza",
        "Digite a senha da sala",
        "\xD0\x92\xD0\xB2\xD0\xB5\xD0\xB4\xD0\xB8\xD1\x82\xD0\xB5 \xD0\xBF\xD0\xB0\xD1\x80\xD0\xBE\xD0\xBB\xD1\x8C \xD0\xBA\xD0\xBE\xD0\xBC\xD0\xBD\xD0\xB0\xD1\x82\xD1\x8B",
        "\xEB\xB0\xA9 \xEB\xB9\x84\xEB\xB0\x80\xEB\xB2\x88\xED\x98\xB8\xEB\xA5\xBC \xEC\x9E\x85\xEB\xA0\xA5\xED\x95\x98\xEC\x84\xB8\xEC\x9A\x94",
        "\xE3\x83\xAB\xE3\x83\xBC\xE3\x83\xA0\xE3\x81\xAE\xE3\x83\x91\xE3\x82\xB9\xE3\x83\xAF\xE3\x83\xBC\xE3\x83\x89\xE3\x82\x92\xE5\x85\xA5\xE5\x8A\x9B",
        "\xE8\xBE\x93\xE5\x85\xA5\xE6\x88\xBF\xE9\x97\xB4\xE5\xAF\x86\xE7\xA0\x81",
    },
    { // PW_WRONG
        "Wrong password, try again",
        "Contrase\xC3\xB1" "a incorrecta, int\xC3\xA9ntalo de nuevo",
        "Mot de passe incorrect, r\xC3\xA9" "essayez",
        "Falsches Passwort, bitte erneut versuchen",
        "Password errata, riprova",
        "Senha incorreta, tente novamente",
        "\xD0\x9D\xD0\xB5\xD0\xB2\xD0\xB5\xD1\x80\xD0\xBD\xD1\x8B\xD0\xB9 \xD0\xBF\xD0\xB0\xD1\x80\xD0\xBE\xD0\xBB\xD1\x8C, \xD0\xBF\xD0\xBE\xD0\xBF\xD1\x80\xD0\xBE\xD0\xB1\xD1\x83\xD0\xB9\xD1\x82\xD0\xB5 \xD0\xB5\xD1\x89\xD1\x91 \xD1\x80\xD0\xB0\xD0\xB7",
        "\xEB\xB9\x84\xEB\xB0\x80\xEB\xB2\x88\xED\x98\xB8\xEA\xB0\x80 \xED\x8B\x80\xEB\xA0\xB8\xEC\x8A\xB5\xEB\x8B\x88\xEB\x8B\xA4. \xEB\x8B\xA4\xEC\x8B\x9C \xEC\x8B\x9C\xEB\x8F\x84\xED\x95\x98\xEC\x84\xB8\xEC\x9A\x94",
        "\xE3\x83\x91\xE3\x82\xB9\xE3\x83\xAF\xE3\x83\xBC\xE3\x83\x89\xE3\x81\x8C\xE9\x81\x95\xE3\x81\x84\xE3\x81\xBE\xE3\x81\x99\xE3\x80\x82\xE3\x82\x82\xE3\x81\x86\xE4\xB8\x80\xE5\xBA\xA6\xE3\x81\x8A\xE8\xA9\xA6\xE3\x81\x97\xE3\x81\x8F\xE3\x81\xA0\xE3\x81\x95\xE3\x81\x84",
        "\xE5\xAF\x86\xE7\xA0\x81\xE9\x94\x99\xE8\xAF\xAF\xEF\xBC\x8C\xE8\xAF\xB7\xE9\x87\x8D\xE8\xAF\x95",
    },
    { // PW_SERVER_OLD
        "This server is too old to protect rooms with a password; update the server first",
        "Este servidor es demasiado antiguo para proteger salas con contrase\xC3\xB1" "a; actual\xC3\xADzalo primero",
        "Ce serveur est trop ancien pour prot\xC3\xA9ger un salon par mot de passe ; mettez-le \xC3\xA0 jour",
        "Dieser Server ist zu alt f\xC3\xBCr Raumpassw\xC3\xB6rter; bitte zuerst aktualisieren",
        "Questo server \xC3\xA8 troppo vecchio per le password delle stanze; aggiornalo prima",
        "Este servidor \xC3\xA9 antigo demais para proteger salas com senha; atualize-o primeiro",
        "\xD0\xAD\xD1\x82\xD0\xBE\xD1\x82 \xD1\x81\xD0\xB5\xD1\x80\xD0\xB2\xD0\xB5\xD1\x80 \xD1\x81\xD0\xBB\xD0\xB8\xD1\x88\xD0\xBA\xD0\xBE\xD0\xBC \xD1\x81\xD1\x82\xD0\xB0\xD1\x80\xD1\x8B\xD0\xB9 \xD0\xB4\xD0\xBB\xD1\x8F \xD0\xBF\xD0\xB0\xD1\x80\xD0\xBE\xD0\xBB\xD0\xB5\xD0\xB9 \xD0\xBA\xD0\xBE\xD0\xBC\xD0\xBD\xD0\xB0\xD1\x82; \xD1\x81\xD0\xBD\xD0\xB0\xD1\x87\xD0\xB0\xD0\xBB\xD0\xB0 \xD0\xBE\xD0\xB1\xD0\xBD\xD0\xBE\xD0\xB2\xD0\xB8\xD1\x82\xD0\xB5 \xD1\x81\xD0\xB5\xD1\x80\xD0\xB2\xD0\xB5\xD1\x80",
        "\xEC\x9D\xB4 \xEC\x84\x9C\xEB\xB2\x84\xEB\x8A\x94 \xEB\x84\x88\xEB\xAC\xB4 \xEC\x98\xA4\xEB\x9E\x98\xEB\x90\x98\xEC\x96\xB4 \xEB\xB0\xA9 \xEB\xB9\x84\xEB\xB0\x80\xEB\xB2\x88\xED\x98\xB8\xEB\xA5\xBC \xEC\xA7\x80\xEC\x9B\x90\xED\x95\x98\xEC\xA7\x80 \xEC\x95\x8A\xEC\x8A\xB5\xEB\x8B\x88\xEB\x8B\xA4. \xEB\xA8\xBC\xEC\xA0\x80 \xEC\x84\x9C\xEB\xB2\x84\xEB\xA5\xBC \xEC\x97\x85\xEB\x8D\xB0\xEC\x9D\xB4\xED\x8A\xB8\xED\x95\x98\xEC\x84\xB8\xEC\x9A\x94",
        "\xE3\x81\x93\xE3\x81\xAE\xE3\x82\xB5\xE3\x83\xBC\xE3\x83\x90\xE3\x83\xBC\xE3\x81\xAF\xE5\x8F\xA4\xE3\x81\x8F\xE3\x80\x81\xE3\x83\xAB\xE3\x83\xBC\xE3\x83\xA0\xE3\x81\xAE\xE3\x83\x91\xE3\x82\xB9\xE3\x83\xAF\xE3\x83\xBC\xE3\x83\x89\xE3\x81\xAB\xE5\xAF\xBE\xE5\xBF\x9C\xE3\x81\x97\xE3\x81\xA6\xE3\x81\x84\xE3\x81\xBE\xE3\x81\x9B\xE3\x82\x93\xE3\x80\x82\xE5\x85\x88\xE3\x81\xAB\xE3\x82\xB5\xE3\x83\xBC\xE3\x83\x90\xE3\x83\xBC\xE3\x82\x92\xE6\x9B\xB4\xE6\x96\xB0\xE3\x81\x97\xE3\x81\xA6\xE3\x81\x8F\xE3\x81\xA0\xE3\x81\x95\xE3\x81\x84",
        "\xE8\xBF\x99\xE5\x8F\xB0\xE6\x9C\x8D\xE5\x8A\xA1\xE5\x99\xA8\xE7\x89\x88\xE6\x9C\xAC\xE8\xBF\x87\xE6\x97\xA7\xEF\xBC\x8C\xE4\xB8\x8D\xE6\x94\xAF\xE6\x8C\x81\xE6\x88\xBF\xE9\x97\xB4\xE5\xAF\x86\xE7\xA0\x81\xEF\xBC\x8C\xE8\xAF\xB7\xE5\x85\x88\xE6\x9B\xB4\xE6\x96\xB0\xE6\x9C\x8D\xE5\x8A\xA1\xE5\x99\xA8",
    },
    { // PW_LOCKED_TIP
        "Password needed",
        "Requiere contrase\xC3\xB1" "a",
        "Mot de passe requis",
        "Passwort n\xC3\xB6tig",
        "Serve la password",
        "Requer senha",
        "\xD0\x9D\xD1\x83\xD0\xB6\xD0\xB5\xD0\xBD \xD0\xBF\xD0\xB0\xD1\x80\xD0\xBE\xD0\xBB\xD1\x8C",
        "\xEB\xB9\x84\xEB\xB0\x80\xEB\xB2\x88\xED\x98\xB8 \xED\x95\x84\xEC\x9A\x94",
        "\xE3\x83\x91\xE3\x82\xB9\xE3\x83\xAF\xE3\x83\xBC\xE3\x83\x89\xE3\x81\x8C\xE5\xBF\x85\xE8\xA6\x81",
        "\xE9\x9C\x80\xE8\xA6\x81\xE5\xAF\x86\xE7\xA0\x81",
    },
    { // LOG_TITLE
        "Upload game log",
        "Subir registro del juego",
        "Envoyer le journal de jeu",
        "Spielprotokoll hochladen",
        "Carica il registro di gioco",
        "Enviar registro do jogo",
        "\xD0\x9E\xD1\x82\xD0\xBF\xD1\x80\xD0\xB0\xD0\xB2\xD0\xB8\xD1\x82\xD1\x8C \xD0\xB6\xD1\x83\xD1\x80\xD0\xBD\xD0\xB0\xD0\xBB \xD0\xB8\xD0\xB3\xD1\x80\xD1\x8B",
        "\xEA\xB2\x8C\xEC\x9E\x84 \xEB\xA1\x9C\xEA\xB7\xB8 \xEC\x97\x85\xEB\xA1\x9C\xEB\x93\x9C",
        "\xE3\x82\xB2\xE3\x83\xBC\xE3\x83\xA0\xE3\x83\xAD\xE3\x82\xB0\xE3\x82\x92\xE3\x82\xA2\xE3\x83\x83\xE3\x83\x97\xE3\x83\xAD\xE3\x83\xBC\xE3\x83\x89",
        "\xE4\xB8\x8A\xE4\xBC\xA0\xE6\xB8\xB8\xE6\x88\x8F\xE6\x97\xA5\xE5\xBF\x97",
    },
    { // LOG_HINT
        "If something goes wrong, you can upload the current game log to a server so the cause can be tracked down.",
        "Si algo falla, puedes subir el registro actual a un servidor para investigar la causa.",
        "En cas de probl\xC3\xA8me, vous pouvez envoyer le journal actuel \xC3\xA0 un serveur pour en chercher la cause.",
        "Wenn etwas schiefgeht, kannst du das aktuelle Protokoll auf einen Server hochladen, damit die Ursache gefunden werden kann.",
        "Se qualcosa va storto, puoi caricare il registro attuale su un server per individuarne la causa.",
        "Se algo der errado, voc\xC3\xAA pode enviar o registro atual a um servidor para investigar a causa.",
        "\xD0\x95\xD1\x81\xD0\xBB\xD0\xB8 \xD1\x87\xD1\x82\xD0\xBE-\xD1\x82\xD0\xBE \xD0\xBF\xD0\xBE\xD1\x88\xD0\xBB\xD0\xBE \xD0\xBD\xD0\xB5 \xD1\x82\xD0\xB0\xD0\xBA, \xD0\xB2\xD1\x8B \xD0\xBC\xD0\xBE\xD0\xB6\xD0\xB5\xD1\x82\xD0\xB5 \xD0\xBE\xD1\x82\xD0\xBF\xD1\x80\xD0\xB0\xD0\xB2\xD0\xB8\xD1\x82\xD1\x8C \xD1\x82\xD0\xB5\xD0\xBA\xD1\x83\xD1\x89\xD0\xB8\xD0\xB9 \xD0\xB6\xD1\x83\xD1\x80\xD0\xBD\xD0\xB0\xD0\xBB \xD0\xBD\xD0\xB0 \xD1\x81\xD0\xB5\xD1\x80\xD0\xB2\xD0\xB5\xD1\x80, \xD1\x87\xD1\x82\xD0\xBE\xD0\xB1\xD1\x8B \xD0\xBD\xD0\xB0\xD0\xB9\xD1\x82\xD0\xB8 \xD0\xBF\xD1\x80\xD0\xB8\xD1\x87\xD0\xB8\xD0\xBD\xD1\x83.",
        "\xEB\xAC\xB8\xEC\xA0\x9C\xEA\xB0\x80 \xEC\x83\x9D\xEA\xB8\xB0\xEB\xA9\xB4 \xED\x98\x84\xEC\x9E\xAC \xEA\xB2\x8C\xEC\x9E\x84 \xEB\xA1\x9C\xEA\xB7\xB8\xEB\xA5\xBC \xEC\x84\x9C\xEB\xB2\x84\xEC\x97\x90 \xEC\x98\xAC\xEB\xA0\xA4 \xEC\x9B\x90\xEC\x9D\xB8\xEC\x9D\x84 \xEC\xB0\xBE\xEB\x8A\x94 \xEB\x8D\xB0 \xEB\x8F\x84\xEC\x9B\x80\xEC\x9D\x84 \xEC\xA4\x84 \xEC\x88\x98 \xEC\x9E\x88\xEC\x8A\xB5\xEB\x8B\x88\xEB\x8B\xA4.",
        "\xE5\x95\x8F\xE9\xA1\x8C\xE3\x81\x8C\xE8\xB5\xB7\xE3\x81\x8D\xE3\x81\x9F\xE3\x81\xA8\xE3\x81\x8D\xE3\x81\xAF\xE3\x80\x81\xE7\x8F\xBE\xE5\x9C\xA8\xE3\x81\xAE\xE3\x82\xB2\xE3\x83\xBC\xE3\x83\xA0\xE3\x83\xAD\xE3\x82\xB0\xE3\x82\x92\xE3\x82\xB5\xE3\x83\xBC\xE3\x83\x90\xE3\x83\xBC\xE3\x81\xAB\xE3\x82\xA2\xE3\x83\x83\xE3\x83\x97\xE3\x83\xAD\xE3\x83\xBC\xE3\x83\x89\xE3\x81\x97\xE3\x81\xA6\xE5\x8E\x9F\xE5\x9B\xA0\xE8\xAA\xBF\xE6\x9F\xBB\xE3\x81\xAB\xE5\xBD\xB9\xE7\xAB\x8B\xE3\x81\xA6\xE3\x82\x89\xE3\x82\x8C\xE3\x81\xBE\xE3\x81\x99\xE3\x80\x82",
        "\xE9\x81\x87\xE5\x88\xB0\xE9\x97\xAE\xE9\xA2\x98\xE6\x97\xB6\xEF\xBC\x8C\xE5\x8F\xAF\xE4\xBB\xA5\xE6\x8A\x8A\xE5\xBD\x93\xE5\x89\x8D\xE7\x9A\x84\xE6\xB8\xB8\xE6\x88\x8F\xE6\x97\xA5\xE5\xBF\x97\xE4\xB8\x8A\xE4\xBC\xA0\xE5\x88\xB0\xE6\x9C\x8D\xE5\x8A\xA1\xE5\x99\xA8\xEF\xBC\x8C\xE6\x96\xB9\xE4\xBE\xBF\xE6\x8E\x92\xE6\x9F\xA5\xE5\x8E\x9F\xE5\x9B\xA0\xE3\x80\x82",
    },
    { // LOG_ADDR
        "Server address",
        "Direcci\xC3\xB3n del servidor",
        "Adresse du serveur",
        "Serveradresse",
        "Indirizzo del server",
        "Endere\xC3\xA7o do servidor",
        "\xD0\x90\xD0\xB4\xD1\x80\xD0\xB5\xD1\x81 \xD1\x81\xD0\xB5\xD1\x80\xD0\xB2\xD0\xB5\xD1\x80\xD0\xB0",
        "\xEC\x84\x9C\xEB\xB2\x84 \xEC\xA3\xBC\xEC\x86\x8C",
        "\xE3\x82\xB5\xE3\x83\xBC\xE3\x83\x90\xE3\x83\xBC\xE3\x82\xA2\xE3\x83\x89\xE3\x83\xAC\xE3\x82\xB9",
        "\xE6\x9C\x8D\xE5\x8A\xA1\xE5\x99\xA8\xE5\x9C\xB0\xE5\x9D\x80",
    },
    { // LOG_DESC
        "What happened",
        "Qu\xC3\xA9 ocurri\xC3\xB3",
        "Ce qui s'est pass\xC3\xA9",
        "Was ist passiert",
        "Cosa \xC3\xA8 successo",
        "O que aconteceu",
        "\xD0\xA7\xD1\x82\xD0\xBE \xD1\x81\xD0\xBB\xD1\x83\xD1\x87\xD0\xB8\xD0\xBB\xD0\xBE\xD1\x81\xD1\x8C",
        "\xEB\xAC\xB8\xEC\xA0\x9C \xEC\x84\xA4\xEB\xAA\x85",
        "\xE5\x95\x8F\xE9\xA1\x8C\xE3\x81\xAE\xE8\xAA\xAC\xE6\x98\x8E",
        "\xE9\x97\xAE\xE9\xA2\x98\xE6\x8F\x8F\xE8\xBF\xB0",
    },
    { // LOG_DESC_HINT
        "Optional: describe the problem, e.g. on which screen and after what you did",
        "Opcional: describe el problema, p. ej. en qu\xC3\xA9 pantalla y tras qu\xC3\xA9 acci\xC3\xB3n",
        "Facultatif : d\xC3\xA9" "crivez le probl\xC3\xA8me, p. ex. sur quel \xC3\xA9" "cran et apr\xC3\xA8s quelle action",
        "Optional: beschreibe das Problem, z. B. auf welchem Bildschirm und nach welcher Aktion",
        "Facoltativo: descrivi il problema, ad es. in quale schermata e dopo quale azione",
        "Opcional: descreva o problema, por ex. em qual tela e ap\xC3\xB3s qual a\xC3\xA7\xC3\xA3o",
        "\xD0\x9F\xD0\xBE \xD0\xB6\xD0\xB5\xD0\xBB\xD0\xB0\xD0\xBD\xD0\xB8\xD1\x8E: \xD0\xBE\xD0\xBF\xD0\xB8\xD1\x88\xD0\xB8\xD1\x82\xD0\xB5 \xD0\xBF\xD1\x80\xD0\xBE\xD0\xB1\xD0\xBB\xD0\xB5\xD0\xBC\xD1\x83, \xD0\xBD\xD0\xB0\xD0\xBF\xD1\x80\xD0\xB8\xD0\xBC\xD0\xB5\xD1\x80 \xD0\xBD\xD0\xB0 \xD0\xBA\xD0\xB0\xD0\xBA\xD0\xBE\xD0\xBC \xD1\x8D\xD0\xBA\xD1\x80\xD0\xB0\xD0\xBD\xD0\xB5 \xD0\xB8 \xD0\xBF\xD0\xBE\xD1\x81\xD0\xBB\xD0\xB5 \xD0\xBA\xD0\xB0\xD0\xBA\xD0\xB8\xD1\x85 \xD0\xB4\xD0\xB5\xD0\xB9\xD1\x81\xD1\x82\xD0\xB2\xD0\xB8\xD0\xB9",
        "\xEC\x84\xA0\xED\x83\x9D \xEC\x82\xAC\xED\x95\xAD: \xEC\x96\xB4\xEB\x8A\x90 \xED\x99\x94\xEB\xA9\xB4\xEC\x97\x90\xEC\x84\x9C \xEC\x96\xB4\xEB\x96\xA4 \xEB\x8F\x99\xEC\x9E\x91 \xED\x9B\x84\xEC\x97\x90 \xEB\xB0\x9C\xEC\x83\x9D\xED\x96\x88\xEB\x8A\x94\xEC\xA7\x80 \xEB\x93\xB1 \xEB\xAC\xB8\xEC\xA0\x9C\xEB\xA5\xBC \xEC\xA0\x81\xEC\x96\xB4 \xEC\xA3\xBC\xEC\x84\xB8\xEC\x9A\x94",
        "\xE4\xBB\xBB\xE6\x84\x8F\xEF\xBC\x9A\xE3\x81\xA9\xE3\x81\xAE\xE7\x94\xBB\xE9\x9D\xA2\xE3\x81\xA7\xE3\x81\xA9\xE3\x81\xAE\xE6\x93\x8D\xE4\xBD\x9C\xE3\x81\xAE\xE5\xBE\x8C\xE3\x81\xAB\xE8\xB5\xB7\xE3\x81\x8D\xE3\x81\x9F\xE3\x81\x8B\xE3\x81\xAA\xE3\x81\xA9\xE3\x80\x81\xE5\x95\x8F\xE9\xA1\x8C\xE3\x82\x92\xE6\x9B\xB8\xE3\x81\x84\xE3\x81\xA6\xE3\x81\x8F\xE3\x81\xA0\xE3\x81\x95\xE3\x81\x84",
        "\xE5\x8F\xAF\xE9\x80\x89\xEF\xBC\x9A\xE5\x86\x99\xE4\xB8\x8B\xE9\x81\x87\xE5\x88\xB0\xE7\x9A\x84\xE9\x97\xAE\xE9\xA2\x98\xEF\xBC\x8C\xE4\xBE\x8B\xE5\xA6\x82\xE5\x9C\xA8\xE5\x93\xAA\xE4\xB8\xAA\xE7\x95\x8C\xE9\x9D\xA2\xE3\x80\x81\xE5\x81\x9A\xE4\xBA\x86\xE4\xBB\x80\xE4\xB9\x88\xE6\x93\x8D\xE4\xBD\x9C\xE5\x90\x8E\xE5\x87\xBA\xE7\x8E\xB0",
    },
    { // LOG_FILES
        "Will upload: %s (%s)",
        "Se subir\xC3\xA1: %s (%s)",
        "Sera envoy\xC3\xA9 : %s (%s)",
        "Wird hochgeladen: %s (%s)",
        "Verr\xC3\xA0 caricato: %s (%s)",
        "Ser\xC3\xA1 enviado: %s (%s)",
        "\xD0\x91\xD1\x83\xD0\xB4\xD0\xB5\xD1\x82 \xD0\xBE\xD1\x82\xD0\xBF\xD1\x80\xD0\xB0\xD0\xB2\xD0\xBB\xD0\xB5\xD0\xBD\xD0\xBE: %s (%s)",
        "\xEC\x97\x85\xEB\xA1\x9C\xEB\x93\x9C\xED\x95\xA0 \xED\x8C\x8C\xEC\x9D\xBC: %s (%s)",
        "\xE3\x82\xA2\xE3\x83\x83\xE3\x83\x97\xE3\x83\xAD\xE3\x83\xBC\xE3\x83\x89\xE5\xAF\xBE\xE8\xB1\xA1\xEF\xBC\x9A%s\xEF\xBC\x88%s\xEF\xBC\x89",
        "\xE5\xB0\x86\xE4\xB8\x8A\xE4\xBC\xA0\xEF\xBC\x9A%s\xEF\xBC\x88%s\xEF\xBC\x89",
    },
    { // LOG_PRIVACY
        "The log contains player and room names and is sent only to the server you enter",
        "El registro contiene nombres de jugadores y salas y solo se env\xC3\xAD" "a al servidor que indiques",
        "Le journal contient les noms des joueurs et des salons et n'est envoy\xC3\xA9 qu'au serveur indiqu\xC3\xA9",
        "Das Protokoll enth\xC3\xA4lt Spieler- und Raumnamen und geht nur an den angegebenen Server",
        "Il registro contiene nomi di giocatori e stanze e viene inviato solo al server indicato",
        "O registro cont\xC3\xA9m nomes de jogadores e salas e \xC3\xA9 enviado s\xC3\xB3 ao servidor informado",
        "\xD0\x96\xD1\x83\xD1\x80\xD0\xBD\xD0\xB0\xD0\xBB \xD1\x81\xD0\xBE\xD0\xB4\xD0\xB5\xD1\x80\xD0\xB6\xD0\xB8\xD1\x82 \xD0\xB8\xD0\xBC\xD0\xB5\xD0\xBD\xD0\xB0 \xD0\xB8\xD0\xB3\xD1\x80\xD0\xBE\xD0\xBA\xD0\xBE\xD0\xB2 \xD0\xB8 \xD0\xBA\xD0\xBE\xD0\xBC\xD0\xBD\xD0\xB0\xD1\x82 \xD0\xB8 \xD0\xBE\xD1\x82\xD0\xBF\xD1\x80\xD0\xB0\xD0\xB2\xD0\xBB\xD1\x8F\xD0\xB5\xD1\x82\xD1\x81\xD1\x8F \xD1\x82\xD0\xBE\xD0\xBB\xD1\x8C\xD0\xBA\xD0\xBE \xD0\xBD\xD0\xB0 \xD1\x83\xD0\xBA\xD0\xB0\xD0\xB7\xD0\xB0\xD0\xBD\xD0\xBD\xD1\x8B\xD0\xB9 \xD1\x81\xD0\xB5\xD1\x80\xD0\xB2\xD0\xB5\xD1\x80",
        "\xEB\xA1\x9C\xEA\xB7\xB8\xEC\x97\x90\xEB\x8A\x94 \xED\x94\x8C\xEB\xA0\x88\xEC\x9D\xB4\xEC\x96\xB4 \xEC\x9D\xB4\xEB\xA6\x84\xEA\xB3\xBC \xEB\xB0\xA9 \xEC\x9D\xB4\xEB\xA6\x84\xEC\x9D\xB4 \xED\x8F\xAC\xED\x95\xA8\xEB\x90\x98\xEB\xA9\xB0 \xEC\x9E\x85\xEB\xA0\xA5\xED\x95\x9C \xEC\x84\x9C\xEB\xB2\x84\xEB\xA1\x9C\xEB\xA7\x8C \xEC\xA0\x84\xEC\x86\xA1\xEB\x90\xA9\xEB\x8B\x88\xEB\x8B\xA4",
        "\xE3\x83\xAD\xE3\x82\xB0\xE3\x81\xAB\xE3\x81\xAF\xE3\x83\x97\xE3\x83\xAC\xE3\x82\xA4\xE3\x83\xA4\xE3\x83\xBC\xE5\x90\x8D\xE3\x82\x84\xE3\x83\xAB\xE3\x83\xBC\xE3\x83\xA0\xE5\x90\x8D\xE3\x81\x8C\xE5\x90\xAB\xE3\x81\xBE\xE3\x82\x8C\xE3\x80\x81\xE6\x8C\x87\xE5\xAE\x9A\xE3\x81\x97\xE3\x81\x9F\xE3\x82\xB5\xE3\x83\xBC\xE3\x83\x90\xE3\x83\xBC\xE3\x81\xAB\xE3\x81\xAE\xE3\x81\xBF\xE9\x80\x81\xE4\xBF\xA1\xE3\x81\x95\xE3\x82\x8C\xE3\x81\xBE\xE3\x81\x99",
        "\xE6\x97\xA5\xE5\xBF\x97\xE4\xBC\x9A\xE5\x8C\x85\xE5\x90\xAB\xE7\x8E\xA9\xE5\xAE\xB6\xE5\x90\x8D\xE3\x80\x81\xE6\x88\xBF\xE9\x97\xB4\xE5\x90\x8D\xE7\xAD\x89\xE4\xBF\xA1\xE6\x81\xAF\xEF\xBC\x8C\xE5\x8F\xAA\xE4\xBC\x9A\xE5\x8F\x91\xE9\x80\x81\xE5\x88\xB0\xE4\xBD\xA0\xE5\xA1\xAB\xE5\x86\x99\xE7\x9A\x84\xE6\x9C\x8D\xE5\x8A\xA1\xE5\x99\xA8",
    },
    { // LOG_UPLOAD
        "Upload log",
        "Subir registro",
        "Envoyer le journal",
        "Protokoll hochladen",
        "Carica registro",
        "Enviar registro",
        "\xD0\x9E\xD1\x82\xD0\xBF\xD1\x80\xD0\xB0\xD0\xB2\xD0\xB8\xD1\x82\xD1\x8C \xD0\xB6\xD1\x83\xD1\x80\xD0\xBD\xD0\xB0\xD0\xBB",
        "\xEB\xA1\x9C\xEA\xB7\xB8 \xEC\x97\x85\xEB\xA1\x9C\xEB\x93\x9C",
        "\xE3\x83\xAD\xE3\x82\xB0\xE3\x82\x92\xE9\x80\x81\xE4\xBF\xA1",
        "\xE4\xB8\x8A\xE4\xBC\xA0\xE6\x97\xA5\xE5\xBF\x97",
    },
    { // LOG_CLOSE
        "Close",
        "Cerrar",
        "Fermer",
        "Schlie\xC3\x9F" "en",
        "Chiudi",
        "Fechar",
        "\xD0\x97\xD0\xB0\xD0\xBA\xD1\x80\xD1\x8B\xD1\x82\xD1\x8C",
        "\xEB\x8B\xAB\xEA\xB8\xB0",
        "\xE9\x96\x89\xE3\x81\x98\xE3\x82\x8B",
        "\xE5\x85\xB3\xE9\x97\xAD",
    },
    { // LOG_BUSY
        "Uploading... %u%%",
        "Subiendo... %u%%",
        "Envoi... %u%%",
        "Wird hochgeladen... %u%%",
        "Caricamento... %u%%",
        "Enviando... %u%%",
        "\xD0\x9E\xD1\x82\xD0\xBF\xD1\x80\xD0\xB0\xD0\xB2\xD0\xBA\xD0\xB0... %u%%",
        "\xEC\x97\x85\xEB\xA1\x9C\xEB\x93\x9C \xEC\xA4\x91... %u%%",
        "\xE3\x82\xA2\xE3\x83\x83\xE3\x83\x97\xE3\x83\xAD\xE3\x83\xBC\xE3\x83\x89\xE4\xB8\xAD... %u%%",
        "\xE6\xAD\xA3\xE5\x9C\xA8\xE4\xB8\x8A\xE4\xBC\xA0\xE2\x80\xA6 %u%%",
    },
    { // LOG_DONE
        "Uploaded, thank you (id %s)",
        "Subido, gracias (id %s)",
        "Envoy\xC3\xA9, merci (id %s)",
        "Hochgeladen, danke (ID %s)",
        "Caricato, grazie (id %s)",
        "Enviado, obrigado (id %s)",
        "\xD0\x9E\xD1\x82\xD0\xBF\xD1\x80\xD0\xB0\xD0\xB2\xD0\xBB\xD0\xB5\xD0\xBD\xD0\xBE, \xD1\x81\xD0\xBF\xD0\xB0\xD1\x81\xD0\xB8\xD0\xB1\xD0\xBE (\xD0\xB8\xD0\xB4. %s)",
        "\xEC\x97\x85\xEB\xA1\x9C\xEB\x93\x9C \xEC\x99\x84\xEB\xA3\x8C, \xEA\xB0\x90\xEC\x82\xAC\xED\x95\xA9\xEB\x8B\x88\xEB\x8B\xA4 (ID %s)",
        "\xE3\x82\xA2\xE3\x83\x83\xE3\x83\x97\xE3\x83\xAD\xE3\x83\xBC\xE3\x83\x89\xE5\xAE\x8C\xE4\xBA\x86\xE3\x80\x81\xE3\x81\x82\xE3\x82\x8A\xE3\x81\x8C\xE3\x81\xA8\xE3\x81\x86\xE3\x81\x94\xE3\x81\x96\xE3\x81\x84\xE3\x81\xBE\xE3\x81\x99\xEF\xBC\x88ID %s\xEF\xBC\x89",
        "\xE4\xB8\x8A\xE4\xBC\xA0\xE6\x88\x90\xE5\x8A\x9F\xEF\xBC\x8C\xE6\x84\x9F\xE8\xB0\xA2\xE5\x8F\x8D\xE9\xA6\x88\xEF\xBC\x88\xE7\xBC\x96\xE5\x8F\xB7 %s\xEF\xBC\x89",
    },
    { // LOG_FAIL_CONNECT
        "Could not reach the server -- check the address",
        "No se pudo conectar con el servidor: revisa la direcci\xC3\xB3n",
        "Impossible de joindre le serveur : v\xC3\xA9rifiez l'adresse",
        "Server nicht erreichbar \xE2\x80\x93 Adresse pr\xC3\xBC" "fen",
        "Impossibile raggiungere il server: controlla l'indirizzo",
        "N\xC3\xA3o foi poss\xC3\xADvel conectar ao servidor: verifique o endere\xC3\xA7o",
        "\xD0\x9D\xD0\xB5 \xD1\x83\xD0\xB4\xD0\xB0\xD0\xBB\xD0\xBE\xD1\x81\xD1\x8C \xD0\xBF\xD0\xBE\xD0\xB4\xD0\xBA\xD0\xBB\xD1\x8E\xD1\x87\xD0\xB8\xD1\x82\xD1\x8C\xD1\x81\xD1\x8F \xD0\xBA \xD1\x81\xD0\xB5\xD1\x80\xD0\xB2\xD0\xB5\xD1\x80\xD1\x83 \xE2\x80\x94 \xD0\xBF\xD1\x80\xD0\xBE\xD0\xB2\xD0\xB5\xD1\x80\xD1\x8C\xD1\x82\xD0\xB5 \xD0\xB0\xD0\xB4\xD1\x80\xD0\xB5\xD1\x81",
        "\xEC\x84\x9C\xEB\xB2\x84\xEC\x97\x90 \xEC\x97\xB0\xEA\xB2\xB0\xED\x95\xA0 \xEC\x88\x98 \xEC\x97\x86\xEC\x8A\xB5\xEB\x8B\x88\xEB\x8B\xA4. \xEC\xA3\xBC\xEC\x86\x8C\xEB\xA5\xBC \xED\x99\x95\xEC\x9D\xB8\xED\x95\x98\xEC\x84\xB8\xEC\x9A\x94",
        "\xE3\x82\xB5\xE3\x83\xBC\xE3\x83\x90\xE3\x83\xBC\xE3\x81\xAB\xE6\x8E\xA5\xE7\xB6\x9A\xE3\x81\xA7\xE3\x81\x8D\xE3\x81\xBE\xE3\x81\x9B\xE3\x82\x93\xE3\x80\x82\xE3\x82\xA2\xE3\x83\x89\xE3\x83\xAC\xE3\x82\xB9\xE3\x82\x92\xE7\xA2\xBA\xE8\xAA\x8D\xE3\x81\x97\xE3\x81\xA6\xE3\x81\x8F\xE3\x81\xA0\xE3\x81\x95\xE3\x81\x84",
        "\xE6\x97\xA0\xE6\xB3\x95\xE8\xBF\x9E\xE6\x8E\xA5\xE5\x88\xB0\xE6\x9C\x8D\xE5\x8A\xA1\xE5\x99\xA8\xEF\xBC\x8C\xE8\xAF\xB7\xE6\xA3\x80\xE6\x9F\xA5\xE5\x9C\xB0\xE5\x9D\x80",
    },
    { // LOG_FAIL_OLD
        "This server does not collect logs (too old)",
        "Este servidor no recoge registros (versi\xC3\xB3n antigua)",
        "Ce serveur ne collecte pas les journaux (trop ancien)",
        "Dieser Server sammelt keine Protokolle (zu alt)",
        "Questo server non raccoglie i registri (troppo vecchio)",
        "Este servidor n\xC3\xA3o coleta registros (vers\xC3\xA3o antiga)",
        "\xD0\xAD\xD1\x82\xD0\xBE\xD1\x82 \xD1\x81\xD0\xB5\xD1\x80\xD0\xB2\xD0\xB5\xD1\x80 \xD0\xBD\xD0\xB5 \xD1\x81\xD0\xBE\xD0\xB1\xD0\xB8\xD1\x80\xD0\xB0\xD0\xB5\xD1\x82 \xD0\xB6\xD1\x83\xD1\x80\xD0\xBD\xD0\xB0\xD0\xBB\xD1\x8B (\xD1\x83\xD1\x81\xD1\x82\xD0\xB0\xD1\x80\xD0\xB5\xD0\xBB)",
        "\xEC\x9D\xB4 \xEC\x84\x9C\xEB\xB2\x84\xEB\x8A\x94 \xEB\xA1\x9C\xEA\xB7\xB8\xEB\xA5\xBC \xEC\x88\x98\xEC\xA7\x91\xED\x95\x98\xEC\xA7\x80 \xEC\x95\x8A\xEC\x8A\xB5\xEB\x8B\x88\xEB\x8B\xA4 (\xEB\xB2\x84\xEC\xA0\x84\xEC\x9D\xB4 \xEB\x82\xAE\xEC\x9D\x8C)",
        "\xE3\x81\x93\xE3\x81\xAE\xE3\x82\xB5\xE3\x83\xBC\xE3\x83\x90\xE3\x83\xBC\xE3\x81\xAF\xE3\x83\xAD\xE3\x82\xB0\xE3\x82\x92\xE5\x8F\x8E\xE9\x9B\x86\xE3\x81\x97\xE3\x81\xA6\xE3\x81\x84\xE3\x81\xBE\xE3\x81\x9B\xE3\x82\x93\xEF\xBC\x88\xE3\x83\x90\xE3\x83\xBC\xE3\x82\xB8\xE3\x83\xA7\xE3\x83\xB3\xE3\x81\x8C\xE5\x8F\xA4\xE3\x81\x84\xEF\xBC\x89",
        "\xE8\xBF\x99\xE5\x8F\xB0\xE6\x9C\x8D\xE5\x8A\xA1\xE5\x99\xA8\xE4\xB8\x8D\xE6\x94\xB6\xE9\x9B\x86\xE6\x97\xA5\xE5\xBF\x97\xEF\xBC\x88\xE7\x89\x88\xE6\x9C\xAC\xE8\xBF\x87\xE6\x97\xA7\xEF\xBC\x89",
    },
    { // LOG_FAIL_REFUSED
        "The server refused the upload: %s",
        "El servidor rechaz\xC3\xB3 la subida: %s",
        "Le serveur a refus\xC3\xA9 l'envoi : %s",
        "Der Server hat den Upload abgelehnt: %s",
        "Il server ha rifiutato il caricamento: %s",
        "O servidor recusou o envio: %s",
        "\xD0\xA1\xD0\xB5\xD1\x80\xD0\xB2\xD0\xB5\xD1\x80 \xD0\xBE\xD1\x82\xD0\xBA\xD0\xBB\xD0\xBE\xD0\xBD\xD0\xB8\xD0\xBB \xD0\xBE\xD1\x82\xD0\xBF\xD1\x80\xD0\xB0\xD0\xB2\xD0\xBA\xD1\x83: %s",
        "\xEC\x84\x9C\xEB\xB2\x84\xEA\xB0\x80 \xEC\x97\x85\xEB\xA1\x9C\xEB\x93\x9C\xEB\xA5\xBC \xEA\xB1\xB0\xEB\xB6\x80\xED\x96\x88\xEC\x8A\xB5\xEB\x8B\x88\xEB\x8B\xA4: %s",
        "\xE3\x82\xB5\xE3\x83\xBC\xE3\x83\x90\xE3\x83\xBC\xE3\x81\x8C\xE3\x82\xA2\xE3\x83\x83\xE3\x83\x97\xE3\x83\xAD\xE3\x83\xBC\xE3\x83\x89\xE3\x82\x92\xE6\x8B\x92\xE5\x90\xA6\xE3\x81\x97\xE3\x81\xBE\xE3\x81\x97\xE3\x81\x9F\xEF\xBC\x9A%s",
        "\xE6\x9C\x8D\xE5\x8A\xA1\xE5\x99\xA8\xE6\x8B\x92\xE7\xBB\x9D\xE4\xBA\x86\xE4\xB8\x8A\xE4\xBC\xA0\xEF\xBC\x9A%s",
    },
    { // LOG_FAIL_LOST
        "The upload was interrupted -- try again",
        "La subida se interrumpi\xC3\xB3: int\xC3\xA9ntalo de nuevo",
        "L'envoi a \xC3\xA9t\xC3\xA9 interrompu : r\xC3\xA9" "essayez",
        "Der Upload wurde unterbrochen \xE2\x80\x93 bitte erneut versuchen",
        "Caricamento interrotto: riprova",
        "O envio foi interrompido: tente novamente",
        "\xD0\x9E\xD1\x82\xD0\xBF\xD1\x80\xD0\xB0\xD0\xB2\xD0\xBA\xD0\xB0 \xD0\xBF\xD1\x80\xD0\xB5\xD1\x80\xD0\xB2\xD0\xB0\xD0\xBD\xD0\xB0 \xE2\x80\x94 \xD0\xBF\xD0\xBE\xD0\xBF\xD1\x80\xD0\xBE\xD0\xB1\xD1\x83\xD0\xB9\xD1\x82\xD0\xB5 \xD0\xB5\xD1\x89\xD1\x91 \xD1\x80\xD0\xB0\xD0\xB7",
        "\xEC\x97\x85\xEB\xA1\x9C\xEB\x93\x9C\xEA\xB0\x80 \xEC\xA4\x91\xEB\x8B\xA8\xEB\x90\x98\xEC\x97\x88\xEC\x8A\xB5\xEB\x8B\x88\xEB\x8B\xA4. \xEB\x8B\xA4\xEC\x8B\x9C \xEC\x8B\x9C\xEB\x8F\x84\xED\x95\x98\xEC\x84\xB8\xEC\x9A\x94",
        "\xE3\x82\xA2\xE3\x83\x83\xE3\x83\x97\xE3\x83\xAD\xE3\x83\xBC\xE3\x83\x89\xE3\x81\x8C\xE4\xB8\xAD\xE6\x96\xAD\xE3\x81\x95\xE3\x82\x8C\xE3\x81\xBE\xE3\x81\x97\xE3\x81\x9F\xE3\x80\x82\xE3\x82\x82\xE3\x81\x86\xE4\xB8\x80\xE5\xBA\xA6\xE3\x81\x8A\xE8\xA9\xA6\xE3\x81\x97\xE3\x81\x8F\xE3\x81\xA0\xE3\x81\x95\xE3\x81\x84",
        "\xE4\xB8\x8A\xE4\xBC\xA0\xE4\xB8\xAD\xE6\x96\xAD\xEF\xBC\x8C\xE8\xAF\xB7\xE9\x87\x8D\xE8\xAF\x95",
    },
    { // LOG_FAIL_NOFILE
        "The log file could not be read",
        "No se pudo leer el archivo de registro",
        "Le fichier journal est illisible",
        "Die Protokolldatei konnte nicht gelesen werden",
        "Impossibile leggere il file di registro",
        "N\xC3\xA3o foi poss\xC3\xADvel ler o arquivo de registro",
        "\xD0\x9D\xD0\xB5 \xD1\x83\xD0\xB4\xD0\xB0\xD0\xBB\xD0\xBE\xD1\x81\xD1\x8C \xD0\xBF\xD1\x80\xD0\xBE\xD1\x87\xD0\xB8\xD1\x82\xD0\xB0\xD1\x82\xD1\x8C \xD1\x84\xD0\xB0\xD0\xB9\xD0\xBB \xD0\xB6\xD1\x83\xD1\x80\xD0\xBD\xD0\xB0\xD0\xBB\xD0\xB0",
        "\xEB\xA1\x9C\xEA\xB7\xB8 \xED\x8C\x8C\xEC\x9D\xBC\xEC\x9D\x84 \xEC\x9D\xBD\xEC\x9D\x84 \xEC\x88\x98 \xEC\x97\x86\xEC\x8A\xB5\xEB\x8B\x88\xEB\x8B\xA4",
        "\xE3\x83\xAD\xE3\x82\xB0\xE3\x83\x95\xE3\x82\xA1\xE3\x82\xA4\xE3\x83\xAB\xE3\x82\x92\xE8\xAA\xAD\xE3\x81\xBF\xE8\xBE\xBC\xE3\x82\x81\xE3\x81\xBE\xE3\x81\x9B\xE3\x82\x93",
        "\xE6\x89\xBE\xE4\xB8\x8D\xE5\x88\xB0\xE6\x97\xA5\xE5\xBF\x97\xE6\x96\x87\xE4\xBB\xB6",
    },
    { // LOG_PREV_HINT
        "The game did not exit cleanly last time (a crash or a freeze). You can upload that run's log (with the crash dump) so the cause can be tracked down.",
        "La \xC3\xBAltima vez el juego no se cerr\xC3\xB3 correctamente (fallo o bloqueo). Puedes subir el registro de esa sesi\xC3\xB3n (con el volcado) para investigar la causa.",
        "La derni\xC3\xA8re fois, le jeu ne s'est pas ferm\xC3\xA9 correctement (plantage ou blocage). Vous pouvez envoyer le journal de cette session (avec le vidage) pour en chercher la cause.",
        "Das Spiel wurde beim letzten Mal nicht sauber beendet (Absturz oder H\xC3\xA4nger). Du kannst das Protokoll dieser Sitzung (mit dem Absturz-Dump) hochladen, damit die Ursache gefunden werden kann.",
        "L'ultima volta il gioco non si \xC3\xA8 chiuso correttamente (crash o blocco). Puoi caricare il registro di quella sessione (con il dump) per individuarne la causa.",
        "Na \xC3\xBAltima vez o jogo n\xC3\xA3o foi encerrado corretamente (falha ou travamento). Voc\xC3\xAA pode enviar o registro dessa sess\xC3\xA3o (com o dump) para investigar a causa.",
        "\xD0\x92 \xD0\xBF\xD1\x80\xD0\xBE\xD1\x88\xD0\xBB\xD1\x8B\xD0\xB9 \xD1\x80\xD0\xB0\xD0\xB7 \xD0\xB8\xD0\xB3\xD1\x80\xD0\xB0 \xD0\xB7\xD0\xB0\xD0\xB2\xD0\xB5\xD1\x80\xD1\x88\xD0\xB8\xD0\xBB\xD0\xB0\xD1\x81\xD1\x8C \xD0\xBD\xD0\xB5\xD0\xBA\xD0\xBE\xD1\x80\xD1\x80\xD0\xB5\xD0\xBA\xD1\x82\xD0\xBD\xD0\xBE (\xD1\x81\xD0\xB1\xD0\xBE\xD0\xB9 \xD0\xB8\xD0\xBB\xD0\xB8 \xD0\xB7\xD0\xB0\xD0\xB2\xD0\xB8\xD1\x81\xD0\xB0\xD0\xBD\xD0\xB8\xD0\xB5). \xD0\x92\xD1\x8B \xD0\xBC\xD0\xBE\xD0\xB6\xD0\xB5\xD1\x82\xD0\xB5 \xD0\xBE\xD1\x82\xD0\xBF\xD1\x80\xD0\xB0\xD0\xB2\xD0\xB8\xD1\x82\xD1\x8C \xD0\xB6\xD1\x83\xD1\x80\xD0\xBD\xD0\xB0\xD0\xBB \xD1\x82\xD0\xBE\xD0\xB3\xD0\xBE \xD0\xB7\xD0\xB0\xD0\xBF\xD1\x83\xD1\x81\xD0\xBA\xD0\xB0 (\xD1\x81 \xD0\xB4\xD0\xB0\xD0\xBC\xD0\xBF\xD0\xBE\xD0\xBC), \xD1\x87\xD1\x82\xD0\xBE\xD0\xB1\xD1\x8B \xD0\xBD\xD0\xB0\xD0\xB9\xD1\x82\xD0\xB8 \xD0\xBF\xD1\x80\xD0\xB8\xD1\x87\xD0\xB8\xD0\xBD\xD1\x83.",
        "\xEC\xA7\x80\xEB\x82\x9C\xEB\xB2\x88\xEC\x97\x90 \xEA\xB2\x8C\xEC\x9E\x84\xEC\x9D\xB4 \xEC\xA0\x95\xEC\x83\x81 \xEC\xA2\x85\xEB\xA3\x8C\xEB\x90\x98\xEC\xA7\x80 \xEC\x95\x8A\xEC\x95\x98\xEC\x8A\xB5\xEB\x8B\x88\xEB\x8B\xA4(\xEC\xB6\xA9\xEB\x8F\x8C \xEB\x98\x90\xEB\x8A\x94 \xEB\xA9\x88\xEC\xB6\xA4). \xEC\x9B\x90\xEC\x9D\xB8\xEC\x9D\x84 \xEC\xB0\xBE\xEC\x9D\x84 \xEC\x88\x98 \xEC\x9E\x88\xEB\x8F\x84\xEB\xA1\x9D \xEA\xB7\xB8\xEB\x95\x8C\xEC\x9D\x98 \xEB\xA1\x9C\xEA\xB7\xB8(\xED\x81\xAC\xEB\x9E\x98\xEC\x8B\x9C \xEB\x8D\xA4\xED\x94\x84 \xED\x8F\xAC\xED\x95\xA8)\xEB\xA5\xBC \xEC\x97\x85\xEB\xA1\x9C\xEB\x93\x9C\xED\x95\xA0 \xEC\x88\x98 \xEC\x9E\x88\xEC\x8A\xB5\xEB\x8B\x88\xEB\x8B\xA4.",
        "\xE5\x89\x8D\xE5\x9B\x9E\xE3\x82\xB2\xE3\x83\xBC\xE3\x83\xA0\xE3\x81\x8C\xE6\xAD\xA3\xE5\xB8\xB8\xE3\x81\xAB\xE7\xB5\x82\xE4\xBA\x86\xE3\x81\x97\xE3\x81\xBE\xE3\x81\x9B\xE3\x82\x93\xE3\x81\xA7\xE3\x81\x97\xE3\x81\x9F\xEF\xBC\x88\xE3\x82\xAF\xE3\x83\xA9\xE3\x83\x83\xE3\x82\xB7\xE3\x83\xA5\xE3\x81\xBE\xE3\x81\x9F\xE3\x81\xAF\xE3\x83\x95\xE3\x83\xAA\xE3\x83\xBC\xE3\x82\xBA\xEF\xBC\x89\xE3\x80\x82\xE5\x8E\x9F\xE5\x9B\xA0\xE8\xAA\xBF\xE6\x9F\xBB\xE3\x81\xAE\xE3\x81\x9F\xE3\x82\x81\xE3\x80\x81\xE3\x81\x9D\xE3\x81\xAE\xE6\x99\x82\xE3\x81\xAE\xE3\x83\xAD\xE3\x82\xB0\xEF\xBC\x88\xE3\x82\xAF\xE3\x83\xA9\xE3\x83\x83\xE3\x82\xB7\xE3\x83\xA5\xE3\x83\x80\xE3\x83\xB3\xE3\x83\x97\xE4\xBB\x98\xE3\x81\x8D\xEF\xBC\x89\xE3\x82\x92\xE3\x82\xA2\xE3\x83\x83\xE3\x83\x97\xE3\x83\xAD\xE3\x83\xBC\xE3\x83\x89\xE3\x81\xA7\xE3\x81\x8D\xE3\x81\xBE\xE3\x81\x99\xE3\x80\x82",
        "\xE4\xB8\x8A\xE6\xAC\xA1\xE6\xB8\xB8\xE6\x88\x8F\xE5\xBC\x82\xE5\xB8\xB8\xE9\x80\x80\xE5\x87\xBA\xEF\xBC\x88\xE5\xB4\xA9\xE6\xBA\x83\xE6\x88\x96\xE5\x8D\xA1\xE6\xAD\xBB\xEF\xBC\x89\xE3\x80\x82\xE5\x8F\xAF\xE4\xBB\xA5\xE6\x8A\x8A\xE4\xB8\x8A\xE6\xAC\xA1\xE7\x9A\x84\xE6\x97\xA5\xE5\xBF\x97\xEF\xBC\x88\xE5\x90\xAB\xE5\xB4\xA9\xE6\xBA\x83\xE8\xBD\xAC\xE5\x82\xA8\xEF\xBC\x89\xE4\xB8\x8A\xE4\xBC\xA0\xEF\xBC\x8C\xE6\x96\xB9\xE4\xBE\xBF\xE6\x8E\x92\xE6\x9F\xA5\xE5\x8E\x9F\xE5\x9B\xA0\xE3\x80\x82",
    },
    { // LOG_DESYNC_TITLE
        "The battle went out of sync",
        "La batalla se desincroniz\xC3\xB3",
        "La bataille s'est d\xC3\xA9synchronis\xC3\xA9" "e",
        "Der Kampf ist asynchron geworden",
        "La battaglia ha perso la sincronia",
        "A batalha perdeu a sincronia",
        "\xD0\x91\xD0\xBE\xD0\xB9 \xD1\x80\xD0\xB0\xD1\x81\xD1\x81\xD0\xB8\xD0\xBD\xD1\x85\xD1\x80\xD0\xBE\xD0\xBD\xD0\xB8\xD0\xB7\xD0\xB8\xD1\x80\xD0\xBE\xD0\xB2\xD0\xB0\xD0\xBB\xD1\x81\xD1\x8F",
        "\xEC\xA0\x84\xED\x88\xAC \xEB\x8F\x99\xEA\xB8\xB0\xED\x99\x94\xEA\xB0\x80 \xEC\x96\xB4\xEA\xB8\x8B\xEB\x82\xAC\xEC\x8A\xB5\xEB\x8B\x88\xEB\x8B\xA4",
        "\xE6\x88\xA6\xE9\x97\x98\xE3\x81\xAE\xE5\x90\x8C\xE6\x9C\x9F\xE3\x81\x8C\xE3\x81\x9A\xE3\x82\x8C\xE3\x81\xBE\xE3\x81\x97\xE3\x81\x9F",
        "\xE6\x88\x98\xE6\x96\x97\xE5\x87\xBA\xE7\x8E\xB0\xE4\xB8\x8D\xE4\xB8\x80\xE8\x87\xB4",
    },
    { // LOG_DESYNC_HINT
        "This battle went out of sync between the players. Upload the log so it can be fixed later?",
        "Esta batalla se desincroniz\xC3\xB3 entre los jugadores. \xC2\xBFSubir el registro para poder corregirlo m\xC3\xA1s adelante?",
        "Cette bataille s'est d\xC3\xA9synchronis\xC3\xA9" "e entre les joueurs. Envoyer le journal pour que le probl\xC3\xA8me puisse \xC3\xAAtre corrig\xC3\xA9 ?",
        "Dieser Kampf ist zwischen den Spielern asynchron geworden. Protokoll hochladen, damit es sp\xC3\xA4ter behoben werden kann?",
        "Questa battaglia ha perso la sincronia tra i giocatori. Caricare il registro per poterlo correggere in seguito?",
        "Esta batalha perdeu a sincronia entre os jogadores. Enviar o registro para que possa ser corrigido depois?",
        "\xD0\xAD\xD1\x82\xD0\xBE\xD1\x82 \xD0\xB1\xD0\xBE\xD0\xB9 \xD1\x80\xD0\xB0\xD1\x81\xD1\x81\xD0\xB8\xD0\xBD\xD1\x85\xD1\x80\xD0\xBE\xD0\xBD\xD0\xB8\xD0\xB7\xD0\xB8\xD1\x80\xD0\xBE\xD0\xB2\xD0\xB0\xD0\xBB\xD1\x81\xD1\x8F \xD0\xBC\xD0\xB5\xD0\xB6\xD0\xB4\xD1\x83 \xD0\xB8\xD0\xB3\xD1\x80\xD0\xBE\xD0\xBA\xD0\xB0\xD0\xBC\xD0\xB8. \xD0\x9E\xD1\x82\xD0\xBF\xD1\x80\xD0\xB0\xD0\xB2\xD0\xB8\xD1\x82\xD1\x8C \xD0\xB6\xD1\x83\xD1\x80\xD0\xBD\xD0\xB0\xD0\xBB, \xD1\x87\xD1\x82\xD0\xBE\xD0\xB1\xD1\x8B \xD0\xBF\xD1\x80\xD0\xBE\xD0\xB1\xD0\xBB\xD0\xB5\xD0\xBC\xD1\x83 \xD0\xBC\xD0\xBE\xD0\xB6\xD0\xBD\xD0\xBE \xD0\xB1\xD1\x8B\xD0\xBB\xD0\xBE \xD0\xB8\xD1\x81\xD0\xBF\xD1\x80\xD0\xB0\xD0\xB2\xD0\xB8\xD1\x82\xD1\x8C?",
        "\xEC\x9D\xB4\xEB\xB2\x88 \xEC\xA0\x84\xED\x88\xAC\xEC\x97\x90\xEC\x84\x9C \xED\x94\x8C\xEB\xA0\x88\xEC\x9D\xB4\xEC\x96\xB4 \xEA\xB0\x84 \xEB\x8F\x99\xEA\xB8\xB0\xED\x99\x94\xEA\xB0\x80 \xEC\x96\xB4\xEA\xB8\x8B\xEB\x82\xAC\xEC\x8A\xB5\xEB\x8B\x88\xEB\x8B\xA4. \xEB\x82\x98\xEC\xA4\x91\xEC\x97\x90 \xED\x95\xB4\xEA\xB2\xB0\xED\x95\xA0 \xEC\x88\x98 \xEC\x9E\x88\xEB\x8F\x84\xEB\xA1\x9D \xEB\xA1\x9C\xEA\xB7\xB8\xEB\xA5\xBC \xEC\x97\x85\xEB\xA1\x9C\xEB\x93\x9C\xED\x95\xA0\xEA\xB9\x8C\xEC\x9A\x94?",
        "\xE3\x81\x93\xE3\x81\xAE\xE6\x88\xA6\xE9\x97\x98\xE3\x81\xA7\xE3\x83\x97\xE3\x83\xAC\xE3\x82\xA4\xE3\x83\xA4\xE3\x83\xBC\xE9\x96\x93\xE3\x81\xAE\xE5\x90\x8C\xE6\x9C\x9F\xE3\x81\x8C\xE3\x81\x9A\xE3\x82\x8C\xE3\x81\xBE\xE3\x81\x97\xE3\x81\x9F\xE3\x80\x82\xE5\xBE\x8C\xE3\x81\xA7\xE4\xBF\xAE\xE6\xAD\xA3\xE3\x81\xA7\xE3\x81\x8D\xE3\x82\x8B\xE3\x82\x88\xE3\x81\x86\xE3\x80\x81\xE3\x83\xAD\xE3\x82\xB0\xE3\x82\x92\xE3\x82\xA2\xE3\x83\x83\xE3\x83\x97\xE3\x83\xAD\xE3\x83\xBC\xE3\x83\x89\xE3\x81\x97\xE3\x81\xBE\xE3\x81\x99\xE3\x81\x8B\xEF\xBC\x9F",
        "\xE6\x9C\xAC\xE5\x9C\xBA\xE6\x88\x98\xE6\x96\x97\xE5\x87\xBA\xE7\x8E\xB0\xE4\xB8\x8D\xE4\xB8\x80\xE8\x87\xB4\xEF\xBC\x8C\xE6\x98\xAF\xE5\x90\xA6\xE4\xB8\x8A\xE4\xBC\xA0\xE6\x97\xA5\xE5\xBF\x97\xE4\xBB\xA5\xE4\xBE\x9B\xE5\x90\x8E\xE7\xBB\xAD\xE8\xA7\xA3\xE5\x86\xB3\xEF\xBC\x9F",
    },
    { // HALT_TITLE
        "The game cannot continue",
        "La partida no puede continuar",
        "La partie ne peut pas continuer",
        "Das Spiel kann nicht fortgesetzt werden",
        "La partita non pu\xC3\xB2 continuare",
        "A partida n\xC3\xA3o pode continuar",
        "\xD0\x98\xD0\xB3\xD1\x80\xD1\x83 \xD0\xBD\xD0\xB5\xD0\xB2\xD0\xBE\xD0\xB7\xD0\xBC\xD0\xBE\xD0\xB6\xD0\xBD\xD0\xBE \xD0\xBF\xD1\x80\xD0\xBE\xD0\xB4\xD0\xBE\xD0\xBB\xD0\xB6\xD0\xB8\xD1\x82\xD1\x8C",
        "\xEA\xB2\x8C\xEC\x9E\x84\xEC\x9D\x84 \xEA\xB3\x84\xEC\x86\x8D\xED\x95\xA0 \xEC\x88\x98 \xEC\x97\x86\xEC\x8A\xB5\xEB\x8B\x88\xEB\x8B\xA4",
        "\xE3\x82\xB2\xE3\x83\xBC\xE3\x83\xA0\xE3\x82\x92\xE7\xB6\x9A\xE8\xA1\x8C\xE3\x81\xA7\xE3\x81\x8D\xE3\x81\xBE\xE3\x81\x9B\xE3\x82\x93",
        "\xE6\xB8\xB8\xE6\x88\x8F\xE5\xB7\xB2\xE6\x97\xA0\xE6\xB3\x95\xE7\xBB\xA7\xE7\xBB\xAD",
    },
    { // HALT_ADVICE
        "If the automatic defeat does not work, the players went out of sync and this game cannot go on. Quit, come back in and try a different course of action to avoid it. If you cannot avoid it, load an earlier synced save and take a different path or go straight home, or load a save from the save backups.",
        "Si la derrota autom\xC3\xA1tica no funciona, los jugadores se desincronizaron y la partida no puede seguir. Sal, vuelve a entrar y prueba otro camino de acciones para evitarlo. Si no puedes evitarlo, carga una partida sincronizada anterior y toma otro camino o vuelve directamente a casa, o carga una partida desde las copias de seguridad.",
        "Si l'\xC3\xA9limination automatique ne fonctionne pas, les joueurs se sont d\xC3\xA9synchronis\xC3\xA9s et la partie ne peut pas continuer. Quittez, revenez et essayez un autre encha\xC3\xAEnement d'actions pour l'\xC3\xA9viter. Si c'est impossible, chargez une sauvegarde synchronis\xC3\xA9" "e ant\xC3\xA9rieure et prenez un autre chemin ou rentrez directement, ou chargez une sauvegarde depuis les copies de sauvegarde.",
        "Wenn das automatische Besiegen nicht wirkt, sind die Spieler asynchron geworden und das Spiel kann nicht weitergehen. Beende es, steig wieder ein und versuche einen anderen Ablauf, um es zu vermeiden. Wenn das nicht geht, lade einen fr\xC3\xBCheren synchronisierten Spielstand und nimm einen anderen Weg oder geh direkt nach Hause, oder lade einen Spielstand aus der Sicherung.",
        "Se la sconfitta automatica non funziona, i giocatori hanno perso la sincronia e la partita non pu\xC3\xB2 proseguire. Esci, rientra e prova un percorso di azioni diverso per evitarlo. Se non \xC3\xA8 possibile, carica un salvataggio sincronizzato precedente e prendi un altro percorso o torna subito a casa, oppure carica un salvataggio dai backup.",
        "Se a derrota autom\xC3\xA1tica n\xC3\xA3o funcionar, os jogadores perderam a sincronia e a partida n\xC3\xA3o pode continuar. Saia, entre de novo e tente outra sequ\xC3\xAAncia de a\xC3\xA7\xC3\xB5" "es para evitar isso. Se n\xC3\xA3o for poss\xC3\xADvel, carregue um save sincronizado anterior e siga outro caminho ou volte direto para casa, ou carregue um save pelos backups.",
        "\xD0\x95\xD1\x81\xD0\xBB\xD0\xB8 \xD0\xB0\xD0\xB2\xD1\x82\xD0\xBE\xD0\xBC\xD0\xB0\xD1\x82\xD0\xB8\xD1\x87\xD0\xB5\xD1\x81\xD0\xBA\xD0\xBE\xD0\xB5 \xD1\x83\xD0\xBD\xD0\xB8\xD1\x87\xD1\x82\xD0\xBE\xD0\xB6\xD0\xB5\xD0\xBD\xD0\xB8\xD0\xB5 \xD0\xBD\xD0\xB5 \xD1\x81\xD1\x80\xD0\xB0\xD0\xB1\xD0\xBE\xD1\x82\xD0\xB0\xD0\xBB\xD0\xBE, \xD0\xB8\xD0\xB3\xD1\x80\xD0\xBE\xD0\xBA\xD0\xB8 \xD1\x80\xD0\xB0\xD1\x81\xD1\x81\xD0\xB8\xD0\xBD\xD1\x85\xD1\x80\xD0\xBE\xD0\xBD\xD0\xB8\xD0\xB7\xD0\xB8\xD1\x80\xD0\xBE\xD0\xB2\xD0\xB0\xD0\xBB\xD0\xB8\xD1\x81\xD1\x8C, \xD0\xB8 \xD0\xB8\xD0\xB3\xD1\x80\xD1\x83 \xD0\xBD\xD0\xB5\xD0\xB2\xD0\xBE\xD0\xB7\xD0\xBC\xD0\xBE\xD0\xB6\xD0\xBD\xD0\xBE \xD0\xBF\xD1\x80\xD0\xBE\xD0\xB4\xD0\xBE\xD0\xBB\xD0\xB6\xD0\xB8\xD1\x82\xD1\x8C. \xD0\x92\xD1\x8B\xD0\xB9\xD0\xB4\xD0\xB8\xD1\x82\xD0\xB5, \xD0\xB7\xD0\xB0\xD0\xB9\xD0\xB4\xD0\xB8\xD1\x82\xD0\xB5 \xD1\x81\xD0\xBD\xD0\xBE\xD0\xB2\xD0\xB0 \xD0\xB8 \xD0\xBF\xD0\xBE\xD0\xBF\xD1\x80\xD0\xBE\xD0\xB1\xD1\x83\xD0\xB9\xD1\x82\xD0\xB5 \xD0\xB4\xD1\x80\xD1\x83\xD0\xB3\xD0\xBE\xD0\xB9 \xD0\xBF\xD0\xBE\xD1\x80\xD1\x8F\xD0\xB4\xD0\xBE\xD0\xBA \xD0\xB4\xD0\xB5\xD0\xB9\xD1\x81\xD1\x82\xD0\xB2\xD0\xB8\xD0\xB9, \xD1\x87\xD1\x82\xD0\xBE\xD0\xB1\xD1\x8B \xD1\x8D\xD1\x82\xD0\xBE\xD0\xB3\xD0\xBE \xD0\xB8\xD0\xB7\xD0\xB1\xD0\xB5\xD0\xB6\xD0\xB0\xD1\x82\xD1\x8C. \xD0\x95\xD1\x81\xD0\xBB\xD0\xB8 \xD0\xBD\xD0\xB5 \xD0\xBF\xD0\xBE\xD0\xBB\xD1\x83\xD1\x87\xD0\xB0\xD0\xB5\xD1\x82\xD1\x81\xD1\x8F, \xD0\xB7\xD0\xB0\xD0\xB3\xD1\x80\xD1\x83\xD0\xB7\xD0\xB8\xD1\x82\xD0\xB5 \xD0\xB1\xD0\xBE\xD0\xBB\xD0\xB5\xD0\xB5 \xD1\x80\xD0\xB0\xD0\xBD\xD0\xBD\xD0\xB5\xD0\xB5 \xD1\x81\xD0\xB8\xD0\xBD\xD1\x85\xD1\x80\xD0\xBE\xD0\xBD\xD0\xB8\xD0\xB7\xD0\xB8\xD1\x80\xD0\xBE\xD0\xB2\xD0\xB0\xD0\xBD\xD0\xBD\xD0\xBE\xD0\xB5 \xD1\x81\xD0\xBE\xD1\x85\xD1\x80\xD0\xB0\xD0\xBD\xD0\xB5\xD0\xBD\xD0\xB8\xD0\xB5 \xD0\xB8 \xD0\xB2\xD1\x8B\xD0\xB1\xD0\xB5\xD1\x80\xD0\xB8\xD1\x82\xD0\xB5 \xD0\xB4\xD1\x80\xD1\x83\xD0\xB3\xD0\xBE\xD0\xB9 \xD0\xBF\xD1\x83\xD1\x82\xD1\x8C \xD0\xB8\xD0\xBB\xD0\xB8 \xD1\x81\xD1\x80\xD0\xB0\xD0\xB7\xD1\x83 \xD0\xB2\xD0\xBE\xD0\xB7\xD0\xB2\xD1\x80\xD0\xB0\xD1\x89\xD0\xB0\xD0\xB9\xD1\x82\xD0\xB5\xD1\x81\xD1\x8C \xD0\xB4\xD0\xBE\xD0\xBC\xD0\xBE\xD0\xB9, \xD0\xBB\xD0\xB8\xD0\xB1\xD0\xBE \xD0\xB7\xD0\xB0\xD0\xB3\xD1\x80\xD1\x83\xD0\xB7\xD0\xB8\xD1\x82\xD0\xB5 \xD1\x81\xD0\xBE\xD1\x85\xD1\x80\xD0\xB0\xD0\xBD\xD0\xB5\xD0\xBD\xD0\xB8\xD0\xB5 \xD0\xB8\xD0\xB7 \xD1\x80\xD0\xB5\xD0\xB7\xD0\xB5\xD1\x80\xD0\xB2\xD0\xBD\xD1\x8B\xD1\x85 \xD0\xBA\xD0\xBE\xD0\xBF\xD0\xB8\xD0\xB9.",
        "\xEC\x9E\x90\xEB\x8F\x99 \xEC\xB2\x98\xEC\xB9\x98\xEA\xB0\x80 \xEC\x9E\x91\xEB\x8F\x99\xED\x95\x98\xEC\xA7\x80 \xEC\x95\x8A\xEC\x9C\xBC\xEB\xA9\xB4 \xEB\x8F\x99\xEA\xB8\xB0\xED\x99\x94\xEA\xB0\x80 \xEC\x96\xB4\xEA\xB8\x8B\xEB\x82\x98 \xED\x98\x84\xEC\x9E\xAC \xEA\xB2\x8C\xEC\x9E\x84\xEC\x9D\x84 \xEB\x8D\x94 \xEC\xA7\x84\xED\x96\x89\xED\x95\xA0 \xEC\x88\x98 \xEC\x97\x86\xEB\x8A\x94 \xEC\x83\x81\xED\x83\x9C\xEC\x9E\x85\xEB\x8B\x88\xEB\x8B\xA4. \xEB\x82\x98\xEA\xB0\x94\xEB\x8B\xA4\xEA\xB0\x80 \xEB\x8B\xA4\xEC\x8B\x9C \xEB\x93\xA4\xEC\x96\xB4\xEC\x99\x80 \xEB\x8B\xA4\xEB\xA5\xB8 \xED\x96\x89\xEB\x8F\x99 \xEA\xB2\xBD\xEB\xA1\x9C\xEB\xA1\x9C \xEC\xA7\x84\xED\x96\x89\xED\x95\xB4 \xEB\xB3\xB4\xEC\x84\xB8\xEC\x9A\x94. \xED\x94\xBC\xED\x95\xA0 \xEC\x88\x98 \xEC\x97\x86\xEB\x8B\xA4\xEB\xA9\xB4 \xEC\x9D\xB4\xEC\xA0\x84 \xEB\x8F\x99\xEA\xB8\xB0\xED\x99\x94 \xEC\xA0\x80\xEC\x9E\xA5\xEC\x9D\x84 \xEB\xB6\x88\xEB\x9F\xAC\xEC\x99\x80 \xEB\x8B\xA4\xEB\xA5\xB8 \xEA\xB2\xBD\xEB\xA1\x9C\xEB\xA1\x9C \xEA\xB0\x80\xEA\xB1\xB0\xEB\x82\x98 \xEB\xB0\x94\xEB\xA1\x9C \xEA\xB7\x80\xED\x99\x98\xED\x95\x98\xEA\xB1\xB0\xEB\x82\x98, \xEC\xA0\x80\xEC\x9E\xA5 \xEB\xB0\xB1\xEC\x97\x85\xEC\x97\x90\xEC\x84\x9C \xEC\xA0\x80\xEC\x9E\xA5\xEC\x9D\x84 \xEB\xB6\x88\xEB\x9F\xAC\xEC\x98\xA4\xEC\x84\xB8\xEC\x9A\x94.",
        "\xE8\x87\xAA\xE5\x8B\x95\xE6\x92\x83\xE7\xA0\xB4\xE3\x81\x8C\xE5\x8A\xB9\xE3\x81\x8B\xE3\x81\xAA\xE3\x81\x84\xE5\xA0\xB4\xE5\x90\x88\xE3\x81\xAF\xE3\x80\x81\xE5\x90\x8C\xE6\x9C\x9F\xE3\x81\x8C\xE3\x81\x9A\xE3\x82\x8C\xE3\x81\x9F\xE3\x81\x9F\xE3\x82\x81\xE3\x81\x93\xE3\x81\xAE\xE3\x82\xB2\xE3\x83\xBC\xE3\x83\xA0\xE3\x81\xAF\xE3\x81\x93\xE3\x82\x8C\xE4\xBB\xA5\xE4\xB8\x8A\xE9\x80\xB2\xE8\xA1\x8C\xE3\x81\xA7\xE3\x81\x8D\xE3\x81\xBE\xE3\x81\x9B\xE3\x82\x93\xE3\x80\x82\xE4\xB8\x80\xE5\xBA\xA6\xE9\x80\x80\xE5\x87\xBA\xE3\x81\x97\xE3\x81\xA6\xE5\x85\xA5\xE3\x82\x8A\xE7\x9B\xB4\xE3\x81\x97\xE3\x80\x81\xE5\x88\xA5\xE3\x81\xAE\xE8\xA1\x8C\xE5\x8B\x95\xE3\x83\xAB\xE3\x83\xBC\xE3\x83\x88\xE3\x82\x92\xE8\xA9\xA6\xE3\x81\x97\xE3\x81\xA6\xE3\x81\x8F\xE3\x81\xA0\xE3\x81\x95\xE3\x81\x84\xE3\x80\x82\xE9\x81\xBF\xE3\x81\x91\xE3\x82\x89\xE3\x82\x8C\xE3\x81\xAA\xE3\x81\x84\xE5\xA0\xB4\xE5\x90\x88\xE3\x81\xAF\xE3\x80\x81\xE4\xBB\xA5\xE5\x89\x8D\xE3\x81\xAE\xE5\x90\x8C\xE6\x9C\x9F\xE3\x82\xBB\xE3\x83\xBC\xE3\x83\x96\xE3\x82\x92\xE8\xAA\xAD\xE3\x81\xBF\xE8\xBE\xBC\xE3\x82\x93\xE3\x81\xA7\xE5\x88\xA5\xE3\x81\xAE\xE3\x83\xAB\xE3\x83\xBC\xE3\x83\x88\xE3\x82\x92\xE9\x80\xB2\xE3\x82\x80\xE3\x81\x8B\xE7\x9B\xB4\xE6\x8E\xA5\xE5\xB8\xB0\xE5\xAE\x85\xE3\x81\x99\xE3\x82\x8B\xE3\x81\x8B\xE3\x80\x81\xE3\x82\xBB\xE3\x83\xBC\xE3\x83\x96\xE3\x81\xAE\xE3\x83\x90\xE3\x83\x83\xE3\x82\xAF\xE3\x82\xA2\xE3\x83\x83\xE3\x83\x97\xE3\x81\x8B\xE3\x82\x89\xE8\xAA\xAD\xE3\x81\xBF\xE8\xBE\xBC\xE3\x82\x93\xE3\x81\xA7\xE3\x81\x8F\xE3\x81\xA0\xE3\x81\x95\xE3\x81\x84\xE3\x80\x82",
        "\xE5\xA6\x82\xE6\x9E\x9C\xE8\x87\xAA\xE5\x8A\xA8\xE5\x87\xBB\xE6\x9D\x80\xE6\xB2\xA1\xE6\x9C\x89\xE7\x94\x9F\xE6\x95\x88\xEF\xBC\x8C\xE8\xAF\xB4\xE6\x98\x8E\xE7\x94\xB1\xE4\xBA\x8E\xE4\xB8\x8D\xE5\x90\x8C\xE6\xAD\xA5\xE5\xBD\x93\xE5\x89\x8D\xE6\xB8\xB8\xE6\x88\x8F\xE5\xB7\xB2\xE7\xBB\x8F\xE6\x97\xA0\xE6\xB3\x95\xE8\xBF\x9B\xE8\xA1\x8C\xEF\xBC\x8C\xE8\xAF\xB7\xE5\xB0\x9D\xE8\xAF\x95\xE9\x80\x80\xE5\x87\xBA\xE9\x87\x8D\xE8\xBF\x9B\xE5\x90\x8E\xE8\xB5\xB0\xE4\xB8\x8D\xE5\x90\x8C\xE7\x9A\x84\xE8\xA1\x8C\xE5\x8A\xA8\xE8\xB7\xAF\xE5\xBE\x84\xE6\x9D\xA5\xE9\x81\xBF\xE5\x85\x8D\xEF\xBC\x8C\xE5\xA6\x82\xE6\x9E\x9C\xE6\x97\xA0\xE6\xB3\x95\xE9\x81\xBF\xE5\x85\x8D\xEF\xBC\x8C\xE8\xAF\xB7\xE5\x8A\xA0\xE8\xBD\xBD\xE4\xB9\x8B\xE5\x89\x8D\xE7\x9A\x84\xE5\x90\x8C\xE6\xAD\xA5\xE5\xAD\x98\xE6\xA1\xA3\xE8\xB5\xB0\xE4\xB8\x8D\xE5\x90\x8C\xE7\x9A\x84\xE8\xB7\xAF\xE5\xBE\x84\xE6\x88\x96\xE7\x9B\xB4\xE6\x8E\xA5\xE5\x9B\x9E\xE5\xAE\xB6\xEF\xBC\x8C\xE6\x88\x96\xE4\xBD\xBF\xE7\x94\xA8\xE5\xAD\x98\xE6\xA1\xA3\xE5\xA4\x87\xE4\xBB\xBD\xE5\x8A\xA0\xE8\xBD\xBD\xE5\xAD\x98\xE6\xA1\xA3\xE3\x80\x82",
    },
    { // HALT_AUTOFINISH
        "So that you are not stuck in this fight, every enemy on the field is defeated automatically every 2 seconds until the battle is won; then you can carry on.",
        "Para que no te quedes atascado en este combate, todos los enemigos del campo ser\xC3\xA1n derrotados autom\xC3\xA1ticamente cada 2 segundos hasta ganar la batalla; despu\xC3\xA9s podr\xC3\xA1s continuar.",
        "Pour ne pas vous laisser bloqu\xC3\xA9 dans ce combat, tous les ennemis du terrain sont vaincus automatiquement toutes les 2 secondes jusqu'\xC3\xA0 la victoire ; vous pourrez ensuite continuer.",
        "Damit du in diesem Kampf nicht festh\xC3\xA4ngst, werden alle Gegner auf dem Feld alle 2 Sekunden automatisch besiegt, bis der Kampf gewonnen ist; danach kannst du weitermachen.",
        "Per non lasciarti bloccato in questo scontro, tutti i nemici sul campo vengono sconfitti automaticamente ogni 2 secondi fino alla vittoria; poi potrai proseguire.",
        "Para voc\xC3\xAA n\xC3\xA3o ficar preso nesta batalha, todos os inimigos em campo s\xC3\xA3o derrotados automaticamente a cada 2 segundos at\xC3\xA9 a vit\xC3\xB3ria; depois voc\xC3\xAA pode continuar.",
        "\xD0\xA7\xD1\x82\xD0\xBE\xD0\xB1\xD1\x8B \xD0\xB2\xD1\x8B \xD0\xBD\xD0\xB5 \xD0\xB7\xD0\xB0\xD1\x81\xD1\x82\xD1\x80\xD1\x8F\xD0\xBB\xD0\xB8 \xD0\xB2 \xD1\x8D\xD1\x82\xD0\xBE\xD0\xBC \xD0\xB1\xD0\xBE\xD1\x8E, \xD0\xB2\xD1\x81\xD0\xB5 \xD0\xB2\xD1\x80\xD0\xB0\xD0\xB3\xD0\xB8 \xD0\xBD\xD0\xB0 \xD0\xBF\xD0\xBE\xD0\xBB\xD0\xB5 \xD0\xB0\xD0\xB2\xD1\x82\xD0\xBE\xD0\xBC\xD0\xB0\xD1\x82\xD0\xB8\xD1\x87\xD0\xB5\xD1\x81\xD0\xBA\xD0\xB8 \xD0\xBF\xD0\xBE\xD0\xB1\xD0\xB5\xD0\xB6\xD0\xB4\xD0\xB0\xD1\x8E\xD1\x82\xD1\x81\xD1\x8F \xD0\xBA\xD0\xB0\xD0\xB6\xD0\xB4\xD1\x8B\xD0\xB5 2 \xD1\x81\xD0\xB5\xD0\xBA\xD1\x83\xD0\xBD\xD0\xB4\xD1\x8B, \xD0\xBF\xD0\xBE\xD0\xBA\xD0\xB0 \xD0\xB1\xD0\xBE\xD0\xB9 \xD0\xBD\xD0\xB5 \xD0\xB1\xD1\x83\xD0\xB4\xD0\xB5\xD1\x82 \xD0\xB2\xD1\x8B\xD0\xB8\xD0\xB3\xD1\x80\xD0\xB0\xD0\xBD; \xD0\xBF\xD0\xBE\xD1\x81\xD0\xBB\xD0\xB5 \xD1\x8D\xD1\x82\xD0\xBE\xD0\xB3\xD0\xBE \xD0\xBC\xD0\xBE\xD0\xB6\xD0\xBD\xD0\xBE \xD0\xBF\xD1\x80\xD0\xBE\xD0\xB4\xD0\xBE\xD0\xBB\xD0\xB6\xD0\xB0\xD1\x82\xD1\x8C.",
        "\xEC\x9D\xB4 \xEC\xA0\x84\xED\x88\xAC\xEC\x97\x90 \xEA\xB0\x87\xED\x9E\x88\xEC\xA7\x80 \xEC\x95\x8A\xEB\x8F\x84\xEB\xA1\x9D \xEC\xA0\x84\xED\x88\xAC\xEC\x97\x90\xEC\x84\x9C \xEC\x8A\xB9\xEB\xA6\xAC\xED\x95\xA0 \xEB\x95\x8C\xEA\xB9\x8C\xEC\xA7\x80 2\xEC\xB4\x88\xEB\xA7\x88\xEB\x8B\xA4 \xED\x95\x84\xEB\x93\x9C\xEC\x9D\x98 \xEB\xAA\xA8\xEB\x93\xA0 \xEC\xA0\x81\xEC\x9D\x84 \xEC\x9E\x90\xEB\x8F\x99\xEC\x9C\xBC\xEB\xA1\x9C \xEC\xB2\x98\xEC\xB9\x98\xED\x95\xA9\xEB\x8B\x88\xEB\x8B\xA4. \xEA\xB7\xB8 \xEB\x92\xA4\xEC\x97\x90\xEB\x8A\x94 \xEA\xB3\x84\xEC\x86\x8D \xEC\xA7\x84\xED\x96\x89\xED\x95\xA0 \xEC\x88\x98 \xEC\x9E\x88\xEC\x8A\xB5\xEB\x8B\x88\xEB\x8B\xA4.",
        "\xE3\x81\x93\xE3\x81\xAE\xE6\x88\xA6\xE9\x97\x98\xE3\x81\xA7\xE5\x8B\x95\xE3\x81\x91\xE3\x81\xAA\xE3\x81\x8F\xE3\x81\xAA\xE3\x82\x89\xE3\x81\xAA\xE3\x81\x84\xE3\x82\x88\xE3\x81\x86\xE3\x80\x81\xE6\x88\xA6\xE9\x97\x98\xE3\x81\xAB\xE5\x8B\x9D\xE5\x88\xA9\xE3\x81\x99\xE3\x82\x8B\xE3\x81\xBE\xE3\x81\xA7" "2\xE7\xA7\x92\xE3\x81\x94\xE3\x81\xA8\xE3\x81\xAB\xE5\xA0\xB4\xE3\x81\xAE\xE6\x95\xB5\xE3\x82\x92\xE8\x87\xAA\xE5\x8B\x95\xE7\x9A\x84\xE3\x81\xAB\xE5\x85\xA8\xE3\x81\xA6\xE5\x80\x92\xE3\x81\x97\xE3\x81\xBE\xE3\x81\x99\xE3\x80\x82\xE3\x81\x9D\xE3\x81\xAE\xE5\xBE\x8C\xE3\x81\xAF\xE5\x85\x88\xE3\x81\xB8\xE9\x80\xB2\xE3\x82\x81\xE3\x81\xBE\xE3\x81\x99\xE3\x80\x82",
        "\xE4\xB8\xBA\xE4\xBA\x86\xE4\xB8\x8D\xE8\xAE\xA9\xE4\xBD\xA0\xE5\x8D\xA1\xE5\x9C\xA8\xE8\xBF\x99\xE5\x9C\xBA\xE6\x88\x98\xE6\x96\x97\xE9\x87\x8C\xEF\xBC\x8C\xE6\xAF\x8F\xE9\x9A\x94 2 \xE7\xA7\x92\xE4\xBC\x9A\xE8\x87\xAA\xE5\x8A\xA8\xE5\x87\xBB\xE6\x9D\x80\xE5\x9C\xBA\xE4\xB8\x8A\xE6\x89\x80\xE6\x9C\x89\xE6\x95\x8C\xE4\xBA\xBA\xEF\xBC\x8C\xE7\x9B\xB4\xE5\x88\xB0\xE6\x88\x98\xE6\x96\x97\xE8\x83\x9C\xE5\x88\xA9\xEF\xBC\x8C\xE4\xB9\x8B\xE5\x90\x8E\xE5\x8D\xB3\xE5\x8F\xAF\xE7\xBB\xA7\xE7\xBB\xAD\xE5\x89\x8D\xE8\xBF\x9B\xE3\x80\x82",
    },
    { // CHAT_TITLE
        "Chat",
        "Chat",
        "Discussion",
        "Chat",
        "Chat",
        "Chat",
        "\xD0\xA7\xD0\xB0\xD1\x82",
        "\xEC\xB1\x84\xED\x8C\x85",
        "\xE3\x83\x81\xE3\x83\xA3\xE3\x83\x83\xE3\x83\x88",
        "\xE8\x81\x8A\xE5\xA4\xA9",
    },
    { // CHAT_HINT
        "Type here and press Enter to send (Enter on an empty box just closes it), Esc cancels",
        "Escribe aqu\xC3\xAD y pulsa Intro para enviar (Intro con el cuadro vac\xC3\xADo solo lo cierra), Esc cancela",
        "\xC3\x89" "crivez ici et appuyez sur Entr\xC3\xA9" "e pour envoyer (Entr\xC3\xA9" "e sur un champ vide le ferme), \xC3\x89" "chap annule",
        "Hier tippen und mit Enter senden (Enter bei leerem Feld schlie\xC3\x9Ft nur), Esc bricht ab",
        "Scrivi qui e premi Invio per inviare (Invio a campo vuoto lo chiude), Esc annulla",
        "Digite aqui e pressione Enter para enviar (Enter com o campo vazio apenas fecha), Esc cancela",
        "\xD0\x92\xD0\xB2\xD0\xB5\xD0\xB4\xD0\xB8\xD1\x82\xD0\xB5 \xD1\x82\xD0\xB5\xD0\xBA\xD1\x81\xD1\x82 \xD0\xB8 \xD0\xBD\xD0\xB0\xD0\xB6\xD0\xBC\xD0\xB8\xD1\x82\xD0\xB5 Enter, \xD1\x87\xD1\x82\xD0\xBE\xD0\xB1\xD1\x8B \xD0\xBE\xD1\x82\xD0\xBF\xD1\x80\xD0\xB0\xD0\xB2\xD0\xB8\xD1\x82\xD1\x8C (Enter \xD0\xB2 \xD0\xBF\xD1\x83\xD1\x81\xD1\x82\xD0\xBE\xD0\xBC \xD0\xBF\xD0\xBE\xD0\xBB\xD0\xB5 \xD0\xBF\xD1\x80\xD0\xBE\xD1\x81\xD1\x82\xD0\xBE \xD0\xB7\xD0\xB0\xD0\xBA\xD1\x80\xD1\x8B\xD0\xB2\xD0\xB0\xD0\xB5\xD1\x82), Esc \xE2\x80\x94 \xD0\xBE\xD1\x82\xD0\xBC\xD0\xB5\xD0\xBD\xD0\xB0",
        "\xEC\x97\xAC\xEA\xB8\xB0\xEC\x97\x90 \xEC\x9E\x85\xEB\xA0\xA5\xED\x95\x98\xEA\xB3\xA0 Enter\xEB\xA1\x9C \xEC\xA0\x84\xEC\x86\xA1\xED\x95\xA9\xEB\x8B\x88\xEB\x8B\xA4(\xEB\xB9\x88 \xEC\xB9\xB8\xEC\x97\x90\xEC\x84\x9C Enter\xEB\x8A\x94 \xEB\x8B\xAB\xEA\xB8\xB0\xEB\xA7\x8C \xED\x95\xA9\xEB\x8B\x88\xEB\x8B\xA4). Esc\xEB\xA1\x9C \xEC\xB7\xA8\xEC\x86\x8C",
        "\xE3\x81\x93\xE3\x81\x93\xE3\x81\xAB\xE5\x85\xA5\xE5\x8A\x9B\xE3\x81\x97\xE3\x81\xA6 Enter \xE3\x81\xA7\xE9\x80\x81\xE4\xBF\xA1\xEF\xBC\x88\xE7\xA9\xBA\xE3\x81\xAE\xE3\x81\xBE\xE3\x81\xBE Enter \xE3\x81\xAA\xE3\x82\x89\xE9\x96\x89\xE3\x81\x98\xE3\x82\x8B\xE3\x81\xA0\xE3\x81\x91\xEF\xBC\x89\xE3\x80\x81" "Esc \xE3\x81\xA7\xE3\x82\xAD\xE3\x83\xA3\xE3\x83\xB3\xE3\x82\xBB\xE3\x83\xAB",
        "\xE8\xBE\x93\xE5\x85\xA5\xE6\x96\x87\xE5\xAD\x97\xEF\xBC\x8C\xE6\x8C\x89\xE5\x9B\x9E\xE8\xBD\xA6\xE5\x8F\x91\xE9\x80\x81\xEF\xBC\x88\xE4\xB8\x8D\xE8\xBE\x93\xE5\x85\xA5\xE7\x9B\xB4\xE6\x8E\xA5\xE6\x8C\x89\xE5\x9B\x9E\xE8\xBD\xA6\xE5\x88\x99\xE5\x85\xB3\xE9\x97\xAD\xEF\xBC\x89\xEF\xBC\x8C" "Esc \xE5\x8F\x96\xE6\xB6\x88",
    },
    { // CHAT_EMPTY
        "Nobody has said anything yet",
        "Nadie ha dicho nada todav\xC3\xAD" "a",
        "Personne n'a encore rien dit",
        "Noch hat niemand etwas gesagt",
        "Nessuno ha ancora detto nulla",
        "Ningu\xC3\xA9m disse nada ainda",
        "\xD0\x9F\xD0\xBE\xD0\xBA\xD0\xB0 \xD0\xBD\xD0\xB8\xD0\xBA\xD1\x82\xD0\xBE \xD0\xBD\xD0\xB8\xD1\x87\xD0\xB5\xD0\xB3\xD0\xBE \xD0\xBD\xD0\xB5 \xD0\xBF\xD0\xB8\xD1\x81\xD0\xB0\xD0\xBB",
        "\xEC\x95\x84\xEC\xA7\x81 \xEC\x95\x84\xEB\xAC\xB4\xEB\x8F\x84 \xEB\xA7\x90\xED\x95\x98\xEC\xA7\x80 \xEC\x95\x8A\xEC\x95\x98\xEC\x8A\xB5\xEB\x8B\x88\xEB\x8B\xA4",
        "\xE3\x81\xBE\xE3\x81\xA0\xE8\xAA\xB0\xE3\x82\x82\xE7\x99\xBA\xE8\xA8\x80\xE3\x81\x97\xE3\x81\xA6\xE3\x81\x84\xE3\x81\xBE\xE3\x81\x9B\xE3\x82\x93",
        "\xE8\xBF\x98\xE6\xB2\xA1\xE6\x9C\x89\xE4\xBA\xBA\xE8\xAF\xB4\xE8\xBF\x87\xE8\xAF\x9D",
    },
    { // SYNC_AFTER_BOSS
        "   (boss beaten: next floor or home)",
        "   (jefe vencido: siguiente piso o a casa)",
        "   (boss vaincu : \xC3\xA9tage suivant ou retour)",
        "   (Boss besiegt: n\xC3\xA4" "chste Ebene oder heim)",
        "   (boss sconfitto: piano successivo o casa)",
        "   (chefe vencido: pr\xC3\xB3ximo andar ou casa)",
        "   (\xD0\xB1\xD0\xBE\xD1\x81\xD1\x81 \xD0\xBF\xD0\xBE\xD0\xB1\xD0\xB5\xD0\xB6\xD0\xB4\xD1\x91\xD0\xBD: \xD1\x81\xD0\xBB\xD0\xB5\xD0\xB4\xD1\x83\xD1\x8E\xD1\x89\xD0\xB8\xD0\xB9 \xD1\x8D\xD1\x82\xD0\xB0\xD0\xB6 \xD0\xB8\xD0\xBB\xD0\xB8 \xD0\xB4\xD0\xBE\xD0\xBC\xD0\xBE\xD0\xB9)",
        "   (\xEB\xB3\xB4\xEC\x8A\xA4 \xEC\xB2\x98\xEC\xB9\x98: \xEB\x8B\xA4\xEC\x9D\x8C \xEC\xB8\xB5 \xEB\x98\x90\xEB\x8A\x94 \xEA\xB7\x80\xED\x99\x98)",
        "   \xEF\xBC\x88\xE3\x83\x9C\xE3\x82\xB9\xE6\x92\x83\xE7\xA0\xB4\xEF\xBC\x9A\xE6\xAC\xA1\xE3\x81\xAE\xE9\x9A\x8E\xE5\xB1\xA4\xE3\x81\x8B\xE5\xB8\xB0\xE5\xAE\x85\xEF\xBC\x89",
        "   \xEF\xBC\x88\xE6\x89\x93\xE5\xAE\x8C\xE5\xA4\xA7\xE5\xA4\xB4\xE7\x9B\xAE\xEF\xBC\x8C\xE5\x8D\xB3\xE5\xB0\x86\xE8\xBF\x9B\xE5\x85\xA5\xE4\xB8\x8B\xE4\xB8\x80\xE5\xB1\x82\xE6\x88\x96\xE5\x9B\x9E\xE5\xAE\xB6\xEF\xBC\x89",
    },
    { // LOG_PREV_AUTO_DONE
        "The log of the last abnormal exit was uploaded automatically (id %s)",
        "El registro de la \xC3\xBAltima salida an\xC3\xB3mala se subi\xC3\xB3 autom\xC3\xA1ticamente (id %s)",
        "Le journal de la derni\xC3\xA8re sortie anormale a \xC3\xA9t\xC3\xA9 envoy\xC3\xA9 automatiquement (id %s)",
        "Das Protokoll des letzten abnormalen Beendens wurde automatisch hochgeladen (ID %s)",
        "Il registro dell'ultima chiusura anomala \xC3\xA8 stato caricato automaticamente (id %s)",
        "O registro da \xC3\xBAltima sa\xC3\xAD" "da anormal foi enviado automaticamente (id %s)",
        "\xD0\x96\xD1\x83\xD1\x80\xD0\xBD\xD0\xB0\xD0\xBB \xD0\xBF\xD0\xBE\xD1\x81\xD0\xBB\xD0\xB5\xD0\xB4\xD0\xBD\xD0\xB5\xD0\xB3\xD0\xBE \xD0\xB0\xD0\xB2\xD0\xB0\xD1\x80\xD0\xB8\xD0\xB9\xD0\xBD\xD0\xBE\xD0\xB3\xD0\xBE \xD0\xB7\xD0\xB0\xD0\xB2\xD0\xB5\xD1\x80\xD1\x88\xD0\xB5\xD0\xBD\xD0\xB8\xD1\x8F \xD0\xBE\xD1\x82\xD0\xBF\xD1\x80\xD0\xB0\xD0\xB2\xD0\xBB\xD0\xB5\xD0\xBD \xD0\xB0\xD0\xB2\xD1\x82\xD0\xBE\xD0\xBC\xD0\xB0\xD1\x82\xD0\xB8\xD1\x87\xD0\xB5\xD1\x81\xD0\xBA\xD0\xB8 (\xD0\xB8\xD0\xB4. %s)",
        "\xEC\xA7\x80\xEB\x82\x9C \xEB\xB9\x84\xEC\xA0\x95\xEC\x83\x81 \xEC\xA2\x85\xEB\xA3\x8C\xEC\x9D\x98 \xEB\xA1\x9C\xEA\xB7\xB8\xEA\xB0\x80 \xEC\x9E\x90\xEB\x8F\x99\xEC\x9C\xBC\xEB\xA1\x9C \xEC\x97\x85\xEB\xA1\x9C\xEB\x93\x9C\xEB\x90\x98\xEC\x97\x88\xEC\x8A\xB5\xEB\x8B\x88\xEB\x8B\xA4 (ID %s)",
        "\xE5\x89\x8D\xE5\x9B\x9E\xE3\x81\xAE\xE7\x95\xB0\xE5\xB8\xB8\xE7\xB5\x82\xE4\xBA\x86\xE3\x81\xAE\xE3\x83\xAD\xE3\x82\xB0\xE3\x82\x92\xE8\x87\xAA\xE5\x8B\x95\xE3\x81\xA7\xE3\x82\xA2\xE3\x83\x83\xE3\x83\x97\xE3\x83\xAD\xE3\x83\xBC\xE3\x83\x89\xE3\x81\x97\xE3\x81\xBE\xE3\x81\x97\xE3\x81\x9F\xEF\xBC\x88ID %s\xEF\xBC\x89",
        "\xE4\xB8\x8A\xE6\xAC\xA1\xE5\xBC\x82\xE5\xB8\xB8\xE9\x80\x80\xE5\x87\xBA\xE7\x9A\x84\xE6\x97\xA5\xE5\xBF\x97\xE5\xB7\xB2\xE8\x87\xAA\xE5\x8A\xA8\xE4\xB8\x8A\xE4\xBC\xA0\xEF\xBC\x88\xE7\xBC\x96\xE5\x8F\xB7 %s\xEF\xBC\x89",
    },
    { // LOG_PREV_AUTO_FAIL
        "The log of the last abnormal exit could not be uploaded automatically -- you can retry here",
        "No se pudo subir autom\xC3\xA1ticamente el registro de la \xC3\xBAltima salida an\xC3\xB3mala: puedes reintentarlo aqu\xC3\xAD",
        "Le journal de la derni\xC3\xA8re sortie anormale n'a pas pu \xC3\xAAtre envoy\xC3\xA9 automatiquement : vous pouvez r\xC3\xA9" "essayer ici",
        "Das Protokoll des letzten abnormalen Beendens konnte nicht automatisch hochgeladen werden \xE2\x80\x93 hier erneut versuchen",
        "Impossibile caricare automaticamente il registro dell'ultima chiusura anomala: puoi riprovare qui",
        "N\xC3\xA3o foi poss\xC3\xADvel enviar automaticamente o registro da \xC3\xBAltima sa\xC3\xAD" "da anormal: tente novamente aqui",
        "\xD0\x9D\xD0\xB5 \xD1\x83\xD0\xB4\xD0\xB0\xD0\xBB\xD0\xBE\xD1\x81\xD1\x8C \xD0\xB0\xD0\xB2\xD1\x82\xD0\xBE\xD0\xBC\xD0\xB0\xD1\x82\xD0\xB8\xD1\x87\xD0\xB5\xD1\x81\xD0\xBA\xD0\xB8 \xD0\xBE\xD1\x82\xD0\xBF\xD1\x80\xD0\xB0\xD0\xB2\xD0\xB8\xD1\x82\xD1\x8C \xD0\xB6\xD1\x83\xD1\x80\xD0\xBD\xD0\xB0\xD0\xBB \xD0\xBF\xD0\xBE\xD1\x81\xD0\xBB\xD0\xB5\xD0\xB4\xD0\xBD\xD0\xB5\xD0\xB3\xD0\xBE \xD0\xB0\xD0\xB2\xD0\xB0\xD1\x80\xD0\xB8\xD0\xB9\xD0\xBD\xD0\xBE\xD0\xB3\xD0\xBE \xD0\xB7\xD0\xB0\xD0\xB2\xD0\xB5\xD1\x80\xD1\x88\xD0\xB5\xD0\xBD\xD0\xB8\xD1\x8F \xE2\x80\x94 \xD0\xBC\xD0\xBE\xD0\xB6\xD0\xBD\xD0\xBE \xD0\xBF\xD0\xBE\xD0\xB2\xD1\x82\xD0\xBE\xD1\x80\xD0\xB8\xD1\x82\xD1\x8C \xD0\xB7\xD0\xB4\xD0\xB5\xD1\x81\xD1\x8C",
        "\xEC\xA7\x80\xEB\x82\x9C \xEB\xB9\x84\xEC\xA0\x95\xEC\x83\x81 \xEC\xA2\x85\xEB\xA3\x8C\xEC\x9D\x98 \xEB\xA1\x9C\xEA\xB7\xB8\xEB\xA5\xBC \xEC\x9E\x90\xEB\x8F\x99\xEC\x9C\xBC\xEB\xA1\x9C \xEC\x97\x85\xEB\xA1\x9C\xEB\x93\x9C\xED\x95\x98\xEC\xA7\x80 \xEB\xAA\xBB\xED\x96\x88\xEC\x8A\xB5\xEB\x8B\x88\xEB\x8B\xA4. \xEC\x97\xAC\xEA\xB8\xB0\xEC\x84\x9C \xEB\x8B\xA4\xEC\x8B\x9C \xEC\x8B\x9C\xEB\x8F\x84\xED\x95\xA0 \xEC\x88\x98 \xEC\x9E\x88\xEC\x8A\xB5\xEB\x8B\x88\xEB\x8B\xA4",
        "\xE5\x89\x8D\xE5\x9B\x9E\xE3\x81\xAE\xE7\x95\xB0\xE5\xB8\xB8\xE7\xB5\x82\xE4\xBA\x86\xE3\x81\xAE\xE3\x83\xAD\xE3\x82\xB0\xE3\x82\x92\xE8\x87\xAA\xE5\x8B\x95\xE3\x82\xA2\xE3\x83\x83\xE3\x83\x97\xE3\x83\xAD\xE3\x83\xBC\xE3\x83\x89\xE3\x81\xA7\xE3\x81\x8D\xE3\x81\xBE\xE3\x81\x9B\xE3\x82\x93\xE3\x81\xA7\xE3\x81\x97\xE3\x81\x9F\xE3\x80\x82\xE3\x81\x93\xE3\x81\x93\xE3\x81\xA7\xE5\x86\x8D\xE8\xA9\xA6\xE8\xA1\x8C\xE3\x81\xA7\xE3\x81\x8D\xE3\x81\xBE\xE3\x81\x99",
        "\xE4\xB8\x8A\xE6\xAC\xA1\xE5\xBC\x82\xE5\xB8\xB8\xE9\x80\x80\xE5\x87\xBA\xE7\x9A\x84\xE6\x97\xA5\xE5\xBF\x97\xE6\x9C\xAA\xE8\x83\xBD\xE8\x87\xAA\xE5\x8A\xA8\xE4\xB8\x8A\xE4\xBC\xA0\xEF\xBC\x8C\xE5\x8F\xAF\xE5\x9C\xA8\xE8\xBF\x99\xE9\x87\x8C\xE6\x89\x8B\xE5\x8A\xA8\xE9\x87\x8D\xE8\xAF\x95",
    },
    { // LAN_TAB_ONLINE
        "Online server",
        "Servidor en l\xC3\xADnea",
        "Serveur en ligne",
        "Online-Server",
        "Server online",
        "Servidor online",
        "\xD0\x9E\xD0\xBD\xD0\xBB\xD0\xB0\xD0\xB9\xD0\xBD-\xD1\x81\xD0\xB5\xD1\x80\xD0\xB2\xD0\xB5\xD1\x80",
        "\xEC\x98\xA8\xEB\x9D\xBC\xEC\x9D\xB8 \xEC\x84\x9C\xEB\xB2\x84",
        "\xE3\x82\xAA\xE3\x83\xB3\xE3\x83\xA9\xE3\x82\xA4\xE3\x83\xB3\xE3\x82\xB5\xE3\x83\xBC\xE3\x83\x90\xE3\x83\xBC",
        "\xE5\x9C\xA8\xE7\xBA\xBF\xE6\x9C\x8D\xE5\x8A\xA1\xE5\x99\xA8",
    },
    { // LAN_TAB_LAN
        "Local network",
        "Red local",
        "R\xC3\xA9seau local",
        "Lokales Netzwerk",
        "Rete locale",
        "Rede local",
        "\xD0\x9B\xD0\xBE\xD0\xBA\xD0\xB0\xD0\xBB\xD1\x8C\xD0\xBD\xD0\xB0\xD1\x8F \xD1\x81\xD0\xB5\xD1\x82\xD1\x8C",
        "\xEB\xA1\x9C\xEC\xBB\xAC \xEB\x84\xA4\xED\x8A\xB8\xEC\x9B\x8C\xED\x81\xAC",
        "\xE3\x83\xAD\xE3\x83\xBC\xE3\x82\xAB\xE3\x83\xAB\xE3\x83\x8D\xE3\x83\x83\xE3\x83\x88\xE3\x83\xAF\xE3\x83\xBC\xE3\x82\xAF",
        "\xE5\xB1\x80\xE5\x9F\x9F\xE7\xBD\x91",
    },
    { // LAN_HOST_TITLE
        "Create a room",
        "Crear sala",
        "Cr\xC3\xA9" "er un salon",
        "Raum erstellen",
        "Crea stanza",
        "Criar sala",
        "\xD0\xA1\xD0\xBE\xD0\xB7\xD0\xB4\xD0\xB0\xD1\x82\xD1\x8C \xD0\xBA\xD0\xBE\xD0\xBC\xD0\xBD\xD0\xB0\xD1\x82\xD1\x83",
        "\xEB\xB0\xA9 \xEB\xA7\x8C\xEB\x93\xA4\xEA\xB8\xB0",
        "\xE3\x83\xAB\xE3\x83\xBC\xE3\x83\xA0\xE3\x82\x92\xE4\xBD\x9C\xE6\x88\x90",
        "\xE5\x88\x9B\xE5\xBB\xBA\xE6\x88\xBF\xE9\x97\xB4",
    },
    { // LAN_CREATE
        "Create LAN room",
        "Crear sala local",
        "Cr\xC3\xA9" "er un salon local",
        "LAN-Raum erstellen",
        "Crea stanza locale",
        "Criar sala local",
        "\xD0\xA1\xD0\xBE\xD0\xB7\xD0\xB4\xD0\xB0\xD1\x82\xD1\x8C \xD0\xBB\xD0\xBE\xD0\xBA\xD0\xB0\xD0\xBB\xD1\x8C\xD0\xBD\xD1\x83\xD1\x8E \xD0\xBA\xD0\xBE\xD0\xBC\xD0\xBD\xD0\xB0\xD1\x82\xD1\x83",
        "\xEB\xA1\x9C\xEC\xBB\xAC \xEB\xB0\xA9 \xEB\xA7\x8C\xEB\x93\xA4\xEA\xB8\xB0",
        "\xE3\x83\xAD\xE3\x83\xBC\xE3\x82\xAB\xE3\x83\xAB\xE3\x83\xAB\xE3\x83\xBC\xE3\x83\xA0\xE3\x82\x92\xE4\xBD\x9C\xE6\x88\x90",
        "\xE5\x88\x9B\xE5\xBB\xBA\xE5\xB1\x80\xE5\x9F\x9F\xE7\xBD\x91\xE6\x88\xBF\xE9\x97\xB4",
    },
    { // LAN_JOIN_TITLE
        "Join a room",
        "Unirse a una sala",
        "Rejoindre un salon",
        "Raum beitreten",
        "Unisciti a una stanza",
        "Entrar numa sala",
        "\xD0\x92\xD0\xBE\xD0\xB9\xD1\x82\xD0\xB8 \xD0\xB2 \xD0\xBA\xD0\xBE\xD0\xBC\xD0\xBD\xD0\xB0\xD1\x82\xD1\x83",
        "\xEB\xB0\xA9 \xEC\xB0\xB8\xEA\xB0\x80",
        "\xE3\x83\xAB\xE3\x83\xBC\xE3\x83\xA0\xE3\x81\xAB\xE5\x8F\x82\xE5\x8A\xA0",
        "\xE5\x8A\xA0\xE5\x85\xA5\xE6\x88\xBF\xE9\x97\xB4",
    },
    { // LAN_SEARCH_BTN
        "Search local rooms",
        "Buscar salas locales",
        "Chercher des salons locaux",
        "Lokale R\xC3\xA4ume suchen",
        "Cerca stanze locali",
        "Procurar salas locais",
        "\xD0\x98\xD1\x81\xD0\xBA\xD0\xB0\xD1\x82\xD1\x8C \xD0\xBB\xD0\xBE\xD0\xBA\xD0\xB0\xD0\xBB\xD1\x8C\xD0\xBD\xD1\x8B\xD0\xB5 \xD0\xBA\xD0\xBE\xD0\xBC\xD0\xBD\xD0\xB0\xD1\x82\xD1\x8B",
        "\xEB\xA1\x9C\xEC\xBB\xAC \xEB\xB0\xA9 \xEA\xB2\x80\xEC\x83\x89",
        "\xE3\x83\xAD\xE3\x83\xBC\xE3\x82\xAB\xE3\x83\xAB\xE3\x83\xAB\xE3\x83\xBC\xE3\x83\xA0\xE3\x82\x92\xE6\xA4\x9C\xE7\xB4\xA2",
        "\xE6\x90\x9C\xE7\xB4\xA2\xE5\xB1\x80\xE5\x9F\x9F\xE7\xBD\x91\xE6\x88\xBF\xE9\x97\xB4",
    },
    { // LAN_SEARCHING
        "Searching...",
        "Buscando...",
        "Recherche...",
        "Suche l\xC3\xA4uft...",
        "Ricerca in corso...",
        "Procurando...",
        "\xD0\x9F\xD0\xBE\xD0\xB8\xD1\x81\xD0\xBA...",
        "\xEA\xB2\x80\xEC\x83\x89 \xEC\xA4\x91...",
        "\xE6\xA4\x9C\xE7\xB4\xA2\xE4\xB8\xAD...",
        "\xE6\xAD\xA3\xE5\x9C\xA8\xE6\x90\x9C\xE7\xB4\xA2\xE2\x80\xA6",
    },
    { // LAN_FOUND
        "Found %u room(s)",
        "Se encontraron %u sala(s)",
        "%u salon(s) trouv\xC3\xA9(s)",
        "%u Raum/R\xC3\xA4ume gefunden",
        "Trovate %u stanze",
        "%u sala(s) encontrada(s)",
        "\xD0\x9D\xD0\xB0\xD0\xB9\xD0\xB4\xD0\xB5\xD0\xBD\xD0\xBE \xD0\xBA\xD0\xBE\xD0\xBC\xD0\xBD\xD0\xB0\xD1\x82: %u",
        "\xEB\xB0\xA9 %u\xEA\xB0\x9C \xEB\xB0\x9C\xEA\xB2\xAC",
        "%u \xE4\xBB\xB6\xE3\x81\xAE\xE3\x83\xAB\xE3\x83\xBC\xE3\x83\xA0\xE3\x81\x8C\xE8\xA6\x8B\xE3\x81\xA4\xE3\x81\x8B\xE3\x82\x8A\xE3\x81\xBE\xE3\x81\x97\xE3\x81\x9F",
        "\xE6\x89\xBE\xE5\x88\xB0 %u \xE4\xB8\xAA\xE6\x88\xBF\xE9\x97\xB4",
    },
    { // LAN_NONE
        "No rooms found: make sure the host has created one and you are on the same network",
        "No hay salas: comprueba que el anfitri\xC3\xB3n la haya creado y que est\xC3\xA9is en la misma red",
        "Aucun salon : v\xC3\xA9rifiez que l'h\xC3\xB4te en a cr\xC3\xA9\xC3\xA9 un et que vous \xC3\xAAtes sur le m\xC3\xAAme r\xC3\xA9seau",
        "Keine R\xC3\xA4ume gefunden: Hat der Host einen erstellt, und seid ihr im selben Netzwerk?",
        "Nessuna stanza: controlla che l'host ne abbia creata una e che siate sulla stessa rete",
        "Nenhuma sala: confirme que o anfitri\xC3\xA3o criou uma e que est\xC3\xA3o na mesma rede",
        "\xD0\x9A\xD0\xBE\xD0\xBC\xD0\xBD\xD0\xB0\xD1\x82 \xD0\xBD\xD0\xB5\xD1\x82: \xD0\xBF\xD1\x80\xD0\xBE\xD0\xB2\xD0\xB5\xD1\x80\xD1\x8C\xD1\x82\xD0\xB5, \xD1\x87\xD1\x82\xD0\xBE \xD1\x85\xD0\xBE\xD0\xB7\xD1\x8F\xD0\xB8\xD0\xBD \xD1\x81\xD0\xBE\xD0\xB7\xD0\xB4\xD0\xB0\xD0\xBB \xD0\xBA\xD0\xBE\xD0\xBC\xD0\xBD\xD0\xB0\xD1\x82\xD1\x83 \xD0\xB8 \xD0\xB2\xD1\x8B \xD0\xB2 \xD0\xBE\xD0\xB4\xD0\xBD\xD0\xBE\xD0\xB9 \xD1\x81\xD0\xB5\xD1\x82\xD0\xB8",
        "\xEB\xB0\xA9\xEC\x9D\xB4 \xEC\x97\x86\xEC\x8A\xB5\xEB\x8B\x88\xEB\x8B\xA4: \xEB\xB0\xA9\xEC\x9E\xA5\xEC\x9D\xB4 \xEB\xB0\xA9\xEC\x9D\x84 \xEB\xA7\x8C\xEB\x93\xA4\xEC\x97\x88\xEB\x8A\x94\xEC\xA7\x80, \xEA\xB0\x99\xEC\x9D\x80 \xEB\x84\xA4\xED\x8A\xB8\xEC\x9B\x8C\xED\x81\xAC\xEC\x9D\xB8\xEC\xA7\x80 \xED\x99\x95\xEC\x9D\xB8\xED\x95\x98\xEC\x84\xB8\xEC\x9A\x94",
        "\xE3\x83\xAB\xE3\x83\xBC\xE3\x83\xA0\xE3\x81\x8C\xE8\xA6\x8B\xE3\x81\xA4\xE3\x81\x8B\xE3\x82\x8A\xE3\x81\xBE\xE3\x81\x9B\xE3\x82\x93\xEF\xBC\x9A\xE3\x83\x9B\xE3\x82\xB9\xE3\x83\x88\xE3\x81\x8C\xE4\xBD\x9C\xE6\x88\x90\xE6\xB8\x88\xE3\x81\xBF\xE3\x81\xA7\xE3\x80\x81\xE5\x90\x8C\xE3\x81\x98\xE3\x83\x8D\xE3\x83\x83\xE3\x83\x88\xE3\x83\xAF\xE3\x83\xBC\xE3\x82\xAF\xE3\x81\xAB\xE3\x81\x84\xE3\x82\x8B\xE3\x81\x8B\xE7\xA2\xBA\xE8\xAA\x8D\xE3\x81\x97\xE3\x81\xA6\xE3\x81\x8F\xE3\x81\xA0\xE3\x81\x95\xE3\x81\x84",
        "\xE6\xB2\xA1\xE6\x9C\x89\xE6\x89\xBE\xE5\x88\xB0\xE6\x88\xBF\xE9\x97\xB4\xEF\xBC\x9A\xE8\xAF\xB7\xE7\xA1\xAE\xE8\xAE\xA4\xE6\x88\xBF\xE4\xB8\xBB\xE5\xB7\xB2\xE5\xBB\xBA\xE6\x88\xBF\xEF\xBC\x8C\xE5\xB9\xB6\xE4\xB8\x94\xE5\x8F\x8C\xE6\x96\xB9\xE5\x9C\xA8\xE5\x90\x8C\xE4\xB8\x80\xE7\xBD\x91\xE7\xBB\x9C",
    },
    { // LAN_YOUR_ADDR
        "LAN address: %s",
        "Direcci\xC3\xB3n local: %s",
        "Adresse locale : %s",
        "LAN-Adresse: %s",
        "Indirizzo locale: %s",
        "Endere\xC3\xA7o local: %s",
        "\xD0\x90\xD0\xB4\xD1\x80\xD0\xB5\xD1\x81 \xD0\xB2 \xD1\x81\xD0\xB5\xD1\x82\xD0\xB8: %s",
        "\xEB\xA1\x9C\xEC\xBB\xAC \xEC\xA3\xBC\xEC\x86\x8C: %s",
        "LAN\xE3\x82\xA2\xE3\x83\x89\xE3\x83\xAC\xE3\x82\xB9\xEF\xBC\x9A%s",
        "\xE5\xB1\x80\xE5\x9F\x9F\xE7\xBD\x91\xE5\x9C\xB0\xE5\x9D\x80\xEF\xBC\x9A%s",
    },
    { // LAN_START_FAIL
        "Could not start the LAN room: %s",
        "No se pudo iniciar la sala local: %s",
        "Impossible de lancer le salon local : %s",
        "LAN-Raum konnte nicht gestartet werden: %s",
        "Impossibile avviare la stanza locale: %s",
        "N\xC3\xA3o foi poss\xC3\xADvel iniciar a sala local: %s",
        "\xD0\x9D\xD0\xB5 \xD1\x83\xD0\xB4\xD0\xB0\xD0\xBB\xD0\xBE\xD1\x81\xD1\x8C \xD0\xB7\xD0\xB0\xD0\xBF\xD1\x83\xD1\x81\xD1\x82\xD0\xB8\xD1\x82\xD1\x8C \xD0\xBB\xD0\xBE\xD0\xBA\xD0\xB0\xD0\xBB\xD1\x8C\xD0\xBD\xD1\x83\xD1\x8E \xD0\xBA\xD0\xBE\xD0\xBC\xD0\xBD\xD0\xB0\xD1\x82\xD1\x83: %s",
        "\xEB\xA1\x9C\xEC\xBB\xAC \xEB\xB0\xA9\xEC\x9D\x84 \xEC\x8B\x9C\xEC\x9E\x91\xED\x95\xA0 \xEC\x88\x98 \xEC\x97\x86\xEC\x8A\xB5\xEB\x8B\x88\xEB\x8B\xA4: %s",
        "\xE3\x83\xAD\xE3\x83\xBC\xE3\x82\xAB\xE3\x83\xAB\xE3\x83\xAB\xE3\x83\xBC\xE3\x83\xA0\xE3\x82\x92\xE9\x96\x8B\xE5\xA7\x8B\xE3\x81\xA7\xE3\x81\x8D\xE3\x81\xBE\xE3\x81\x9B\xE3\x82\x93\xEF\xBC\x9A%s",
        "\xE6\x97\xA0\xE6\xB3\x95\xE5\x90\xAF\xE5\x8A\xA8\xE5\xB1\x80\xE5\x9F\x9F\xE7\xBD\x91\xE6\x88\xBF\xE9\x97\xB4\xEF\xBC\x9A%s",
    },
    { // LAN_FAILED
        "LAN connection failed, try again",
        "Fall\xC3\xB3 la conexi\xC3\xB3n local, int\xC3\xA9ntalo de nuevo",
        "\xC3\x89" "chec de la connexion locale, r\xC3\xA9" "essayez",
        "LAN-Verbindung fehlgeschlagen, bitte erneut versuchen",
        "Connessione locale non riuscita, riprova",
        "A conex\xC3\xA3o local falhou, tente novamente",
        "\xD0\x9D\xD0\xB5 \xD1\x83\xD0\xB4\xD0\xB0\xD0\xBB\xD0\xBE\xD1\x81\xD1\x8C \xD0\xBF\xD0\xBE\xD0\xB4\xD0\xBA\xD0\xBB\xD1\x8E\xD1\x87\xD0\xB8\xD1\x82\xD1\x8C\xD1\x81\xD1\x8F \xD0\xBF\xD0\xBE \xD0\xBB\xD0\xBE\xD0\xBA\xD0\xB0\xD0\xBB\xD1\x8C\xD0\xBD\xD0\xBE\xD0\xB9 \xD1\x81\xD0\xB5\xD1\x82\xD0\xB8, \xD0\xBF\xD0\xBE\xD0\xBF\xD1\x80\xD0\xBE\xD0\xB1\xD1\x83\xD0\xB9\xD1\x82\xD0\xB5 \xD1\x81\xD0\xBD\xD0\xBE\xD0\xB2\xD0\xB0",
        "\xEB\xA1\x9C\xEC\xBB\xAC \xEC\x97\xB0\xEA\xB2\xB0\xEC\x97\x90 \xEC\x8B\xA4\xED\x8C\xA8\xED\x96\x88\xEC\x8A\xB5\xEB\x8B\x88\xEB\x8B\xA4. \xEB\x8B\xA4\xEC\x8B\x9C \xEC\x8B\x9C\xEB\x8F\x84\xED\x95\x98\xEC\x84\xB8\xEC\x9A\x94",
        "LAN\xE6\x8E\xA5\xE7\xB6\x9A\xE3\x81\xAB\xE5\xA4\xB1\xE6\x95\x97\xE3\x81\x97\xE3\x81\xBE\xE3\x81\x97\xE3\x81\x9F\xE3\x80\x82\xE3\x82\x82\xE3\x81\x86\xE4\xB8\x80\xE5\xBA\xA6\xE3\x81\x8A\xE8\xA9\xA6\xE3\x81\x97\xE3\x81\x8F\xE3\x81\xA0\xE3\x81\x95\xE3\x81\x84",
        "\xE5\xB1\x80\xE5\x9F\x9F\xE7\xBD\x91\xE8\xBF\x9E\xE6\x8E\xA5\xE5\xA4\xB1\xE8\xB4\xA5\xEF\xBC\x8C\xE8\xAF\xB7\xE9\x87\x8D\xE8\xAF\x95",
    },
    { // LAN_FIREWALL
        "If teammates cannot connect: allow the game through the Windows firewall (private networks)",
        "Si no pueden conectar: permite el juego en el firewall de Windows (redes privadas)",
        "S'ils ne peuvent pas se connecter : autorisez le jeu dans le pare-feu Windows (r\xC3\xA9seaux priv\xC3\xA9s)",
        "Falls Mitspieler nicht verbinden k\xC3\xB6nnen: Spiel in der Windows-Firewall zulassen (private Netzwerke)",
        "Se non riescono a connettersi: consenti il gioco nel firewall di Windows (reti private)",
        "Se n\xC3\xA3o conseguirem conectar: permita o jogo no firewall do Windows (redes privadas)",
        "\xD0\x95\xD1\x81\xD0\xBB\xD0\xB8 \xD1\x81\xD0\xBE\xD1\x8E\xD0\xB7\xD0\xBD\xD0\xB8\xD0\xBA\xD0\xB8 \xD0\xBD\xD0\xB5 \xD0\xBF\xD0\xBE\xD0\xB4\xD0\xBA\xD0\xBB\xD1\x8E\xD1\x87\xD0\xB0\xD1\x8E\xD1\x82\xD1\x81\xD1\x8F: \xD1\x80\xD0\xB0\xD0\xB7\xD1\x80\xD0\xB5\xD1\x88\xD0\xB8\xD1\x82\xD0\xB5 \xD0\xB8\xD0\xB3\xD1\x80\xD1\x83 \xD0\xB2 \xD0\xB1\xD1\x80\xD0\xB0\xD0\xBD\xD0\xB4\xD0\xBC\xD0\xB0\xD1\x83\xD1\x8D\xD1\x80\xD0\xB5 Windows (\xD1\x87\xD0\xB0\xD1\x81\xD1\x82\xD0\xBD\xD1\x8B\xD0\xB5 \xD1\x81\xD0\xB5\xD1\x82\xD0\xB8)",
        "\xED\x8C\x80\xEC\x9B\x90\xEC\x9D\xB4 \xEC\x97\xB0\xEA\xB2\xB0\xED\x95\x98\xEC\xA7\x80 \xEB\xAA\xBB\xED\x95\x98\xEB\xA9\xB4: Windows \xEB\xB0\xA9\xED\x99\x94\xEB\xB2\xBD\xEC\x97\x90\xEC\x84\x9C \xEA\xB2\x8C\xEC\x9E\x84\xEC\x9D\x84 \xED\x97\x88\xEC\x9A\xA9\xED\x95\x98\xEC\x84\xB8\xEC\x9A\x94(\xEA\xB0\x9C\xEC\x9D\xB8 \xEB\x84\xA4\xED\x8A\xB8\xEC\x9B\x8C\xED\x81\xAC)",
        "\xE4\xBB\xB2\xE9\x96\x93\xE3\x81\x8C\xE6\x8E\xA5\xE7\xB6\x9A\xE3\x81\xA7\xE3\x81\x8D\xE3\x81\xAA\xE3\x81\x84\xE5\xA0\xB4\xE5\x90\x88\xEF\xBC\x9AWindows\xE3\x83\x95\xE3\x82\xA1\xE3\x82\xA4\xE3\x82\xA2\xE3\x82\xA6\xE3\x82\xA9\xE3\x83\xBC\xE3\x83\xAB\xE3\x81\xA7\xE3\x82\xB2\xE3\x83\xBC\xE3\x83\xA0\xE3\x82\x92\xE8\xA8\xB1\xE5\x8F\xAF\xE3\x81\x97\xE3\x81\xA6\xE3\x81\x8F\xE3\x81\xA0\xE3\x81\x95\xE3\x81\x84\xEF\xBC\x88\xE3\x83\x97\xE3\x83\xA9\xE3\x82\xA4\xE3\x83\x99\xE3\x83\xBC\xE3\x83\x88\xE3\x83\x8D\xE3\x83\x83\xE3\x83\x88\xE3\x83\xAF\xE3\x83\xBC\xE3\x82\xAF\xEF\xBC\x89",
        "\xE9\x98\x9F\xE5\x8F\x8B\xE8\xBF\x9E\xE4\xB8\x8D\xE4\xB8\x8A\xE6\x97\xB6\xEF\xBC\x9A\xE8\xAF\xB7\xE5\x9C\xA8 Windows \xE9\x98\xB2\xE7\x81\xAB\xE5\xA2\x99\xE6\x8F\x90\xE7\xA4\xBA\xE4\xB8\xAD\xE5\x85\x81\xE8\xAE\xB8\xE6\xB8\xB8\xE6\x88\x8F\xE8\x81\x94\xE7\xBD\x91\xEF\xBC\x88\xE4\xB8\x93\xE7\x94\xA8\xE7\xBD\x91\xE7\xBB\x9C\xEF\xBC\x89",
    },
    { // DIAL_FAILED
        "Could not connect to the host. Ask the host to forward TCP port %u on the router and allow the game through the firewall.",
        "No se pudo conectar con el anfitri\xC3\xB3n. P\xC3\xAD" "dele que abra el puerto TCP %u en el router y permita el juego en el firewall.",
        "Connexion \xC3\xA0 l'h\xC3\xB4te impossible. Demandez-lui de rediriger le port TCP %u sur son routeur et d'autoriser le jeu dans le pare-feu.",
        "Verbindung zum Host nicht m\xC3\xB6glich. Der Host sollte TCP-Port %u im Router weiterleiten und das Spiel in der Firewall zulassen.",
        "Impossibile connettersi all'host. Chiedigli di inoltrare la porta TCP %u sul router e di consentire il gioco nel firewall.",
        "N\xC3\xA3o foi poss\xC3\xADvel conectar ao anfitri\xC3\xA3o. Pe\xC3\xA7" "a que ele encaminhe a porta TCP %u no roteador e permita o jogo no firewall.",
        "\xD0\x9D\xD0\xB5 \xD1\x83\xD0\xB4\xD0\xB0\xD0\xBB\xD0\xBE\xD1\x81\xD1\x8C \xD0\xBF\xD0\xBE\xD0\xB4\xD0\xBA\xD0\xBB\xD1\x8E\xD1\x87\xD0\xB8\xD1\x82\xD1\x8C\xD1\x81\xD1\x8F \xD0\xBA \xD1\x85\xD0\xBE\xD0\xB7\xD1\x8F\xD0\xB8\xD0\xBD\xD1\x83. \xD0\x9F\xD1\x83\xD1\x81\xD1\x82\xD1\x8C \xD0\xBE\xD0\xBD \xD0\xBF\xD1\x80\xD0\xBE\xD0\xB1\xD1\x80\xD0\xBE\xD1\x81\xD0\xB8\xD1\x82 TCP-\xD0\xBF\xD0\xBE\xD1\x80\xD1\x82 %u \xD0\xBD\xD0\xB0 \xD1\x80\xD0\xBE\xD1\x83\xD1\x82\xD0\xB5\xD1\x80\xD0\xB5 \xD0\xB8 \xD1\x80\xD0\xB0\xD0\xB7\xD1\x80\xD0\xB5\xD1\x88\xD0\xB8\xD1\x82 \xD0\xB8\xD0\xB3\xD1\x80\xD1\x83 \xD0\xB2 \xD0\xB1\xD1\x80\xD0\xB0\xD0\xBD\xD0\xB4\xD0\xBC\xD0\xB0\xD1\x83\xD1\x8D\xD1\x80\xD0\xB5.",
        "\xEB\xB0\xA9\xEC\x9E\xA5\xEC\x97\x90\xEA\xB2\x8C \xEC\x97\xB0\xEA\xB2\xB0\xED\x95\xA0 \xEC\x88\x98 \xEC\x97\x86\xEC\x8A\xB5\xEB\x8B\x88\xEB\x8B\xA4. \xEB\xB0\xA9\xEC\x9E\xA5\xEC\x97\x90\xEA\xB2\x8C \xEA\xB3\xB5\xEC\x9C\xA0\xEA\xB8\xB0\xEC\x97\x90\xEC\x84\x9C TCP \xED\x8F\xAC\xED\x8A\xB8 %u\xEB\xA5\xBC \xED\x8F\xAC\xEC\x9B\x8C\xEB\x94\xA9\xED\x95\x98\xEA\xB3\xA0 \xEB\xB0\xA9\xED\x99\x94\xEB\xB2\xBD\xEC\x97\x90\xEC\x84\x9C \xEA\xB2\x8C\xEC\x9E\x84\xEC\x9D\x84 \xED\x97\x88\xEC\x9A\xA9\xED\x95\x98\xEB\x8F\x84\xEB\xA1\x9D \xEC\x9A\x94\xEC\xB2\xAD\xED\x95\x98\xEC\x84\xB8\xEC\x9A\x94.",
        "\xE3\x83\x9B\xE3\x82\xB9\xE3\x83\x88\xE3\x81\xAB\xE6\x8E\xA5\xE7\xB6\x9A\xE3\x81\xA7\xE3\x81\x8D\xE3\x81\xBE\xE3\x81\x9B\xE3\x82\x93\xE3\x80\x82\xE3\x83\x9B\xE3\x82\xB9\xE3\x83\x88\xE3\x81\xAB\xE3\x83\xAB\xE3\x83\xBC\xE3\x82\xBF\xE3\x83\xBC\xE3\x81\xA7TCP\xE3\x83\x9D\xE3\x83\xBC\xE3\x83\x88%u\xE3\x82\x92\xE8\xBB\xA2\xE9\x80\x81\xE3\x81\x97\xE3\x80\x81\xE3\x83\x95\xE3\x82\xA1\xE3\x82\xA4\xE3\x82\xA2\xE3\x82\xA6\xE3\x82\xA9\xE3\x83\xBC\xE3\x83\xAB\xE3\x81\xA7\xE3\x82\xB2\xE3\x83\xBC\xE3\x83\xA0\xE3\x82\x92\xE8\xA8\xB1\xE5\x8F\xAF\xE3\x81\x99\xE3\x82\x8B\xE3\x82\x88\xE3\x81\x86\xE4\xBE\x9D\xE9\xA0\xBC\xE3\x81\x97\xE3\x81\xA6\xE3\x81\x8F\xE3\x81\xA0\xE3\x81\x95\xE3\x81\x84\xE3\x80\x82",
        "\xE6\x97\xA0\xE6\xB3\x95\xE8\xBF\x9E\xE6\x8E\xA5\xE5\x88\xB0\xE6\x88\xBF\xE4\xB8\xBB\xE3\x80\x82\xE8\xAF\xB7\xE8\xAE\xA9\xE6\x88\xBF\xE4\xB8\xBB\xE5\x9C\xA8\xE8\xB7\xAF\xE7\x94\xB1\xE5\x99\xA8\xE4\xB8\x8A\xE8\xBD\xAC\xE5\x8F\x91 TCP %u \xE7\xAB\xAF\xE5\x8F\xA3\xEF\xBC\x8C\xE5\xB9\xB6\xE5\x9C\xA8\xE9\x98\xB2\xE7\x81\xAB\xE5\xA2\x99\xE4\xB8\xAD\xE6\x94\xBE\xE8\xA1\x8C\xE6\xB8\xB8\xE6\x88\x8F\xE3\x80\x82",
    },
    { // SERVER_SAID
        "The server says: %s",
        "El servidor dice: %s",
        "Le serveur indique : %s",
        "Der Server meldet: %s",
        "Il server dice: %s",
        "O servidor diz: %s",
        "\xD0\xA1\xD0\xB5\xD1\x80\xD0\xB2\xD0\xB5\xD1\x80 \xD1\x81\xD0\xBE\xD0\xBE\xD0\xB1\xD1\x89\xD0\xB0\xD0\xB5\xD1\x82: %s",
        "\xEC\x84\x9C\xEB\xB2\x84 \xEC\x9D\x91\xEB\x8B\xB5: %s",
        "\xE3\x82\xB5\xE3\x83\xBC\xE3\x83\x90\xE3\x83\xBC\xE3\x81\x8B\xE3\x82\x89\xE3\x81\xAE\xE3\x83\xA1\xE3\x83\x83\xE3\x82\xBB\xE3\x83\xBC\xE3\x82\xB8\xEF\xBC\x9A%s",
        "\xE6\x9C\x8D\xE5\x8A\xA1\xE5\x99\xA8\xE6\x8F\x90\xE7\xA4\xBA\xEF\xBC\x9A%s",
    },
    { // MENU_SETTINGS
        "Mod settings",
        "Ajustes del mod",
        "Param\xC3\xA8tres du mod",
        "Mod-Einstellungen",
        "Impostazioni mod",
        "Configura\xC3\xA7\xC3\xB5" "es do mod",
        "\xD0\x9D\xD0\xB0\xD1\x81\xD1\x82\xD1\x80\xD0\xBE\xD0\xB9\xD0\xBA\xD0\xB8 \xD0\xBC\xD0\xBE\xD0\xB4\xD0\xB0",
        "\xEB\xAA\xA8\xEB\x93\x9C \xEC\x84\xA4\xEC\xA0\x95",
        "\xE3\x83\xA2\xE3\x83\x83\xE3\x83\x89\xE8\xA8\xAD\xE5\xAE\x9A",
        "\xE6\xA8\xA1\xE7\xBB\x84\xE8\xAE\xBE\xE7\xBD\xAE",
    },
    { // SET_BLOCK_CATS
        "Disable \"new cat joins\" effects",
        "Desactivar los efectos de \xC2\xABun gato nuevo se une\xC2\xBB",
        "D\xC3\xA9sactiver les effets \xC2\xAB un nouveau chat rejoint \xC2\xBB",
        "Effekte \xE2\x80\x9ENeue Katze schlie\xC3\x9Ft sich an\xE2\x80\x9C deaktivieren",
        "Disattiva gli effetti \xC2\xABun nuovo gatto si unisce\xC2\xBB",
        "Desativar os efeitos de \xC2\xABum novo gato se junta\xC2\xBB",
        "\xD0\x9E\xD1\x82\xD0\xBA\xD0\xBB\xD1\x8E\xD1\x87\xD0\xB8\xD1\x82\xD1\x8C \xD1\x8D\xD1\x84\xD1\x84\xD0\xB5\xD0\xBA\xD1\x82\xD1\x8B \xC2\xAB\xD0\xB2\xD1\x81\xD1\x82\xD1\x83\xD0\xBF\xD0\xBB\xD0\xB5\xD0\xBD\xD0\xB8\xD0\xB5 \xD0\xBD\xD0\xBE\xD0\xB2\xD0\xBE\xD0\xB3\xD0\xBE \xD0\xBA\xD0\xBE\xD1\x82\xD0\xB0\xC2\xBB",
        "'\xEC\x83\x88 \xEA\xB3\xA0\xEC\x96\x91\xEC\x9D\xB4 \xED\x95\xA9\xEB\xA5\x98' \xED\x9A\xA8\xEA\xB3\xBC \xEB\xB9\x84\xED\x99\x9C\xEC\x84\xB1\xED\x99\x94",
        "\xE3\x80\x8C\xE6\x96\xB0\xE3\x81\x97\xE3\x81\x84\xE7\x8C\xAB\xE3\x81\x8C\xE4\xBB\xB2\xE9\x96\x93\xE3\x81\xAB\xE5\x8A\xA0\xE3\x82\x8F\xE3\x82\x8B\xE3\x80\x8D\xE5\x8A\xB9\xE6\x9E\x9C\xE3\x82\x92\xE7\x84\xA1\xE5\x8A\xB9\xE3\x81\xAB\xE3\x81\x99\xE3\x82\x8B",
        "\xE7\xA6\x81\xE7\x94\xA8\xE6\x96\xB0\xE7\x8C\xAB\xE5\x85\xA5\xE9\x98\x9F\xE6\x95\x88\xE6\x9E\x9C",
    },
    { // SET_BLOCK_CATS_NOTE
        "When on, the \"new cat joins\" effects of events do nothing. Only the host's setting counts.",
        "Si est\xC3\xA1 activado, los efectos de \xC2\xABun gato nuevo se une\xC2\xBB de los eventos no hacen nada. Solo cuenta el ajuste del anfitri\xC3\xB3n.",
        "Si activ\xC3\xA9, les effets \xC2\xAB un nouveau chat rejoint \xC2\xBB des \xC3\xA9v\xC3\xA9nements ne font rien. Seul le r\xC3\xA9glage de l'h\xC3\xB4te compte.",
        "Wenn aktiv, tun die \xE2\x80\x9ENeue Katze schlie\xC3\x9Ft sich an\xE2\x80\x9C-Effekte von Ereignissen nichts. Nur die Einstellung des Hosts z\xC3\xA4hlt.",
        "Se attivo, gli effetti \xC2\xABun nuovo gatto si unisce\xC2\xBB degli eventi non fanno nulla. Conta solo l'impostazione dell'host.",
        "Se ativado, os efeitos de \xC2\xABum novo gato se junta\xC2\xBB dos eventos n\xC3\xA3o fazem nada. S\xC3\xB3 vale a configura\xC3\xA7\xC3\xA3o do anfitri\xC3\xA3o.",
        "\xD0\x95\xD1\x81\xD0\xBB\xD0\xB8 \xD0\xB2\xD0\xBA\xD0\xBB\xD1\x8E\xD1\x87\xD0\xB5\xD0\xBD\xD0\xBE, \xD1\x8D\xD1\x84\xD1\x84\xD0\xB5\xD0\xBA\xD1\x82\xD1\x8B \xC2\xAB\xD0\xB2\xD1\x81\xD1\x82\xD1\x83\xD0\xBF\xD0\xBB\xD0\xB5\xD0\xBD\xD0\xB8\xD0\xB5 \xD0\xBD\xD0\xBE\xD0\xB2\xD0\xBE\xD0\xB3\xD0\xBE \xD0\xBA\xD0\xBE\xD1\x82\xD0\xB0\xC2\xBB \xD0\xB2 \xD1\x81\xD0\xBE\xD0\xB1\xD1\x8B\xD1\x82\xD0\xB8\xD1\x8F\xD1\x85 \xD0\xBD\xD0\xB8\xD1\x87\xD0\xB5\xD0\xB3\xD0\xBE \xD0\xBD\xD0\xB5 \xD0\xB4\xD0\xB5\xD0\xBB\xD0\xB0\xD1\x8E\xD1\x82. \xD0\x94\xD0\xB5\xD0\xB9\xD1\x81\xD1\x82\xD0\xB2\xD1\x83\xD0\xB5\xD1\x82 \xD1\x82\xD0\xBE\xD0\xBB\xD1\x8C\xD0\xBA\xD0\xBE \xD0\xBD\xD0\xB0\xD1\x81\xD1\x82\xD1\x80\xD0\xBE\xD0\xB9\xD0\xBA\xD0\xB0 \xD1\x85\xD0\xBE\xD0\xB7\xD1\x8F\xD0\xB8\xD0\xBD\xD0\xB0 \xD0\xBA\xD0\xBE\xD0\xBC\xD0\xBD\xD0\xB0\xD1\x82\xD1\x8B.",
        "\xEC\xBC\x9C\xEB\xA9\xB4 \xEC\x9D\xB4\xEB\xB2\xA4\xED\x8A\xB8\xEC\x9D\x98 '\xEC\x83\x88 \xEA\xB3\xA0\xEC\x96\x91\xEC\x9D\xB4 \xED\x95\xA9\xEB\xA5\x98' \xED\x9A\xA8\xEA\xB3\xBC\xEA\xB0\x80 \xEC\xA0\x81\xEC\x9A\xA9\xEB\x90\x98\xEC\xA7\x80 \xEC\x95\x8A\xEC\x8A\xB5\xEB\x8B\x88\xEB\x8B\xA4. \xEB\xB0\xA9\xEC\x9E\xA5\xEC\x9D\x98 \xEC\x84\xA4\xEC\xA0\x95\xEB\xA7\x8C \xEC\x9C\xA0\xED\x9A\xA8\xED\x95\xA9\xEB\x8B\x88\xEB\x8B\xA4.",
        "\xE3\x82\xAA\xE3\x83\xB3\xE3\x81\xAB\xE3\x81\x99\xE3\x82\x8B\xE3\x81\xA8\xE3\x80\x81\xE3\x82\xA4\xE3\x83\x99\xE3\x83\xB3\xE3\x83\x88\xE3\x81\xAE\xE3\x80\x8C\xE6\x96\xB0\xE3\x81\x97\xE3\x81\x84\xE7\x8C\xAB\xE3\x81\x8C\xE4\xBB\xB2\xE9\x96\x93\xE3\x81\xAB\xE5\x8A\xA0\xE3\x82\x8F\xE3\x82\x8B\xE3\x80\x8D\xE5\x8A\xB9\xE6\x9E\x9C\xE3\x81\xAF\xE4\xBD\x95\xE3\x82\x82\xE8\xB5\xB7\xE3\x81\x93\xE3\x82\x8A\xE3\x81\xBE\xE3\x81\x9B\xE3\x82\x93\xE3\x80\x82\xE3\x81\x93\xE3\x81\xAE\xE8\xA8\xAD\xE5\xAE\x9A\xE3\x81\xAF\xE3\x83\x9B\xE3\x82\xB9\xE3\x83\x88\xE3\x81\xAE\xE3\x82\x82\xE3\x81\xAE\xE3\x81\xA0\xE3\x81\x91\xE3\x81\x8C\xE6\x9C\x89\xE5\x8A\xB9\xE3\x81\xA7\xE3\x81\x99\xE3\x80\x82",
        "\xE5\xBC\x80\xE5\x90\xAF\xE5\x90\x8E\xEF\xBC\x8C\xE4\xBA\x8B\xE4\xBB\xB6\xE9\x87\x8C\xE2\x80\x9C\xE6\x96\xB0\xE7\x8C\xAB\xE5\x85\xA5\xE9\x98\x9F\xE2\x80\x9D\xE7\x9A\x84\xE6\x95\x88\xE6\x9E\x9C\xE4\xB8\x8D\xE4\xBC\x9A\xE7\x94\x9F\xE6\x95\x88\xE3\x80\x82\xE8\xAF\xA5\xE8\xAE\xBE\xE7\xBD\xAE\xE4\xBB\x85\xE6\x88\xBF\xE4\xB8\xBB\xE6\x9C\x89\xE6\x95\x88\xE3\x80\x82",
    },
    { // SET_IN_ROOM
        "You are in a room; leave it to change this",
        "Est\xC3\xA1s en una sala; sal de ella para cambiarlo",
        "Vous \xC3\xAAtes dans un salon ; quittez-le pour modifier",
        "Du bist in einem Raum; verlasse ihn, um das zu \xC3\xA4ndern",
        "Sei in una stanza; esci per modificarlo",
        "Voc\xC3\xAA est\xC3\xA1 em uma sala; saia dela para alterar",
        "\xD0\x92\xD1\x8B \xD0\xB2 \xD0\xBA\xD0\xBE\xD0\xBC\xD0\xBD\xD0\xB0\xD1\x82\xD0\xB5; \xD0\xB2\xD1\x8B\xD0\xB9\xD0\xB4\xD0\xB8\xD1\x82\xD0\xB5 \xD0\xB8\xD0\xB7 \xD0\xBD\xD0\xB5\xD1\x91, \xD1\x87\xD1\x82\xD0\xBE\xD0\xB1\xD1\x8B \xD0\xB8\xD0\xB7\xD0\xBC\xD0\xB5\xD0\xBD\xD0\xB8\xD1\x82\xD1\x8C",
        "\xEB\xB0\xA9\xEC\x97\x90 \xEC\x9E\x88\xEB\x8A\x94 \xEB\x8F\x99\xEC\x95\x88\xEC\x97\x90\xEB\x8A\x94 \xEB\xB0\x94\xEA\xBF\x80 \xEC\x88\x98 \xEC\x97\x86\xEC\x8A\xB5\xEB\x8B\x88\xEB\x8B\xA4. \xEB\xB0\xA9\xEC\x9D\x84 \xEB\x82\x98\xEA\xB0\x80\xEC\x84\xB8\xEC\x9A\x94",
        "\xE3\x83\xAB\xE3\x83\xBC\xE3\x83\xA0\xE3\x81\xAB\xE3\x81\x84\xE3\x82\x8B\xE9\x96\x93\xE3\x81\xAF\xE5\xA4\x89\xE6\x9B\xB4\xE3\x81\xA7\xE3\x81\x8D\xE3\x81\xBE\xE3\x81\x9B\xE3\x82\x93\xE3\x80\x82\xE3\x83\xAB\xE3\x83\xBC\xE3\x83\xA0\xE3\x82\x92\xE5\x87\xBA\xE3\x81\xA6\xE3\x81\x8F\xE3\x81\xA0\xE3\x81\x95\xE3\x81\x84",
        "\xE6\xAD\xA3\xE5\x9C\xA8\xE6\x88\xBF\xE9\x97\xB4\xE4\xB8\xAD\xEF\xBC\x8C\xE7\xA6\xBB\xE5\xBC\x80\xE6\x88\xBF\xE9\x97\xB4\xE5\x90\x8E\xE6\x89\x8D\xE8\x83\xBD\xE4\xBF\xAE\xE6\x94\xB9",
    },
    { // R_PEER_DROPPED_FIGHT
        "Don't worry, this mod has already sent Steven home for the day.",
        "Tranquilo, este mod ya ha mandado a Steven a casa por hoy.",
        "Pas de panique, ce mod a d\xC3\xA9j\xC3\xA0 renvoy\xC3\xA9 Steven chez lui pour aujourd'hui.",
        "Keine Sorge, dieser Mod hat Steven schon in den Feierabend geschickt.",
        "Tranquillo, questa mod ha gi\xC3\xA0 mandato Steven a casa per oggi.",
        "Fique tranquilo, este mod j\xC3\xA1 mandou o Steven embora por hoje.",
        "\xD0\x9D\xD0\xB5 \xD0\xB2\xD0\xBE\xD0\xBB\xD0\xBD\xD1\x83\xD0\xB9\xD1\x82\xD0\xB5\xD1\x81\xD1\x8C, \xD1\x8D\xD1\x82\xD0\xBE\xD1\x82 \xD0\xBC\xD0\xBE\xD0\xB4 \xD1\x83\xD0\xB6\xD0\xB5 \xD0\xBE\xD1\x82\xD0\xBF\xD1\x80\xD0\xB0\xD0\xB2\xD0\xB8\xD0\xBB \xD0\xA1\xD1\x82\xD0\xB8\xD0\xB2\xD0\xB5\xD0\xBD\xD0\xB0 \xD0\xB4\xD0\xBE\xD0\xBC\xD0\xBE\xD0\xB9.",
        "\xEA\xB1\xB1\xEC\xA0\x95 \xEB\xA7\x88\xEC\x84\xB8\xEC\x9A\x94. \xEC\x9D\xB4 \xEB\xAA\xA8\xEB\x93\x9C\xEA\xB0\x80 \xEC\x9D\xB4\xEB\xAF\xB8 \xEC\x8A\xA4\xED\x8B\xB0\xEB\xB8\x90\xEC\x9D\x84 \xED\x87\xB4\xEA\xB7\xBC\xEC\x8B\x9C\xEC\xBC\xB0\xEC\x8A\xB5\xEB\x8B\x88\xEB\x8B\xA4.",
        "\xE3\x81\x94\xE5\xAE\x89\xE5\xBF\x83\xE3\x81\x8F\xE3\x81\xA0\xE3\x81\x95\xE3\x81\x84\xE3\x80\x82\xE3\x81\x93\xE3\x81\xAE\xE3\x83\xA2\xE3\x83\x83\xE3\x83\x89\xE3\x81\x8C\xE3\x81\x99\xE3\x81\xA7\xE3\x81\xAB\xE3\x82\xB9\xE3\x83\x86\xE3\x82\xA3\xE3\x83\xBC\xE3\x83\x96\xE3\x83\xB3\xE3\x82\x92\xE9\x80\x80\xE5\x8B\xA4\xE3\x81\x95\xE3\x81\x9B\xE3\x81\xBE\xE3\x81\x97\xE3\x81\x9F\xE3\x80\x82",
        "\xE6\x94\xBE\xE5\xBF\x83\xE5\x90\xA7\xEF\xBC\x8C\xE6\x9C\xAC\xE6\xA8\xA1\xE7\xBB\x84\xE5\xB7\xB2\xE7\xBB\x8F\xE8\xAE\xA9\xE5\x8F\xB2\xE8\x92\x82\xE6\x96\x87\xE2\x80\x9C\xE4\xB8\x8B\xE7\x8F\xAD\xE4\xBA\x86\xE2\x80\x9D\xE3\x80\x82",
    },
    { // R_START_READY
        "Ready. Waiting for the host to set off",
        "Listo. Esperando a que el anfitri\xC3\xB3n salga",
        "Pr\xC3\xAAt. En attente du d\xC3\xA9part de l'h\xC3\xB4te",
        "Bereit. Warte darauf, dass der Host losgeht",
        "Pronto. In attesa che l'host parta",
        "Pronto. Aguardando o anfitri\xC3\xA3o partir",
        "\xD0\x93\xD0\xBE\xD1\x82\xD0\xBE\xD0\xB2\xD0\xBE. \xD0\x96\xD0\xB4\xD1\x91\xD0\xBC, \xD0\xBF\xD0\xBE\xD0\xBA\xD0\xB0 \xD1\x85\xD0\xBE\xD0\xB7\xD1\x8F\xD0\xB8\xD0\xBD \xD0\xBA\xD0\xBE\xD0\xBC\xD0\xBD\xD0\xB0\xD1\x82\xD1\x8B \xD0\xBE\xD1\x82\xD0\xBF\xD1\x80\xD0\xB0\xD0\xB2\xD0\xB8\xD1\x82\xD1\x81\xD1\x8F",
        "\xEC\xA4\x80\xEB\xB9\x84 \xEC\x99\x84\xEB\xA3\x8C. \xEB\xB0\xA9\xEC\x9E\xA5\xEC\x9D\xB4 \xEC\xB6\x9C\xEB\xB0\x9C\xED\x95\x98\xEA\xB8\xB0\xEB\xA5\xBC \xEA\xB8\xB0\xEB\x8B\xA4\xEB\xA6\xAC\xEB\x8A\x94 \xEC\xA4\x91\xEC\x9E\x85\xEB\x8B\x88\xEB\x8B\xA4",
        "\xE6\xBA\x96\xE5\x82\x99\xE5\xAE\x8C\xE4\xBA\x86\xE3\x80\x82\xE3\x83\x9B\xE3\x82\xB9\xE3\x83\x88\xE3\x81\xAE\xE5\x87\xBA\xE7\x99\xBA\xE3\x82\x92\xE5\xBE\x85\xE3\x81\xA3\xE3\x81\xA6\xE3\x81\x84\xE3\x81\xBE\xE3\x81\x99",
        "\xE5\xB7\xB2\xE5\x87\x86\xE5\xA4\x87\xE5\xAE\x8C\xE6\x88\x90\xEF\xBC\x8C\xE8\xAF\xB7\xE7\xAD\x89\xE5\xBE\x85\xE6\x88\xBF\xE4\xB8\xBB\xE5\x87\xBA\xE5\x8F\x91",
    },
    { // R_START_WAIT
        "Not every player is ready yet -- the run will start by itself once everyone is",
        "A\xC3\xBAn no todos los jugadores est\xC3\xA1n listos: la partida empezar\xC3\xA1 sola cuando lo est\xC3\xA9n",
        "Tous les joueurs ne sont pas pr\xC3\xAAts : la partie d\xC3\xA9marrera toute seule d\xC3\xA8s que ce sera le cas",
        "Noch nicht alle Spieler sind bereit \xE2\x80\x93 der Lauf startet von selbst, sobald alle bereit sind",
        "Non tutti i giocatori sono pronti: la partita inizier\xC3\xA0 da sola quando lo saranno",
        "Nem todos os jogadores est\xC3\xA3o prontos: a partida come\xC3\xA7" "a sozinha quando estiverem",
        "\xD0\x9D\xD0\xB5 \xD0\xB2\xD1\x81\xD0\xB5 \xD0\xB8\xD0\xB3\xD1\x80\xD0\xBE\xD0\xBA\xD0\xB8 \xD0\xB3\xD0\xBE\xD1\x82\xD0\xBE\xD0\xB2\xD1\x8B \xE2\x80\x94 \xD0\xB7\xD0\xB0\xD0\xB1\xD0\xB5\xD0\xB3 \xD0\xBD\xD0\xB0\xD1\x87\xD0\xBD\xD1\x91\xD1\x82\xD1\x81\xD1\x8F \xD1\x81\xD0\xB0\xD0\xBC, \xD0\xBA\xD0\xB0\xD0\xBA \xD1\x82\xD0\xBE\xD0\xBB\xD1\x8C\xD0\xBA\xD0\xBE \xD0\xB2\xD1\x81\xD0\xB5 \xD0\xB1\xD1\x83\xD0\xB4\xD1\x83\xD1\x82 \xD0\xB3\xD0\xBE\xD1\x82\xD0\xBE\xD0\xB2\xD1\x8B",
        "\xEC\x95\x84\xEC\xA7\x81 \xEB\xAA\xA8\xEB\x93\xA0 \xED\x94\x8C\xEB\xA0\x88\xEC\x9D\xB4\xEC\x96\xB4\xEA\xB0\x80 \xEC\xA4\x80\xEB\xB9\x84\xEB\x90\x98\xEC\xA7\x80 \xEC\x95\x8A\xEC\x95\x98\xEC\x8A\xB5\xEB\x8B\x88\xEB\x8B\xA4. \xEB\xAA\xA8\xEB\x91\x90 \xEC\xA4\x80\xEB\xB9\x84\xEB\x90\x98\xEB\xA9\xB4 \xEC\x9E\x90\xEB\x8F\x99\xEC\x9C\xBC\xEB\xA1\x9C \xEC\xB6\x9C\xEB\xB0\x9C\xED\x95\xA9\xEB\x8B\x88\xEB\x8B\xA4",
        "\xE3\x81\xBE\xE3\x81\xA0\xE5\x85\xA8\xE5\x93\xA1\xE3\x81\xAE\xE6\xBA\x96\xE5\x82\x99\xE3\x81\x8C\xE3\x81\xA7\xE3\x81\x8D\xE3\x81\xA6\xE3\x81\x84\xE3\x81\xBE\xE3\x81\x9B\xE3\x82\x93\xE3\x80\x82\xE5\x85\xA8\xE5\x93\xA1\xE3\x81\x9D\xE3\x82\x8D\xE3\x81\x86\xE3\x81\xA8\xE8\x87\xAA\xE5\x8B\x95\xE7\x9A\x84\xE3\x81\xAB\xE5\x87\xBA\xE7\x99\xBA\xE3\x81\x97\xE3\x81\xBE\xE3\x81\x99",
        "\xE8\xBF\x98\xE6\x9C\x89\xE7\x8E\xA9\xE5\xAE\xB6\xE6\xB2\xA1\xE6\x9C\x89\xE5\x87\x86\xE5\xA4\x87\xE5\xA5\xBD\xEF\xBC\x8C\xE5\x85\xA8\xE9\x83\xA8\xE5\x87\x86\xE5\xA4\x87\xE5\xAE\x8C\xE6\x88\x90\xE5\x90\x8E\xE5\xB0\x86\xE8\x87\xAA\xE5\x8A\xA8\xE5\x87\xBA\xE5\x8F\x91",
    },
    { // R_CHAPTER_LOCKED_2
        "A player has not unlocked chapter 2 yet -- the host cannot choose chapter 2 or 3",
        "Un jugador a\xC3\xBAn no ha desbloqueado el cap\xC3\xADtulo 2: el anfitri\xC3\xB3n no puede elegir los cap\xC3\xADtulos 2 ni 3",
        "Un joueur n'a pas encore d\xC3\xA9" "bloqu\xC3\xA9 le chapitre 2 : l'h\xC3\xB4te ne peut choisir ni le chapitre 2 ni le 3",
        "Ein Spieler hat Kapitel 2 noch nicht freigeschaltet \xE2\x80\x93 der Host kann weder Kapitel 2 noch 3 w\xC3\xA4hlen",
        "Un giocatore non ha ancora sbloccato il capitolo 2: l'host non pu\xC3\xB2 scegliere n\xC3\xA9 il capitolo 2 n\xC3\xA9 il 3",
        "Um jogador ainda n\xC3\xA3o desbloqueou o cap\xC3\xADtulo 2: o anfitri\xC3\xA3o n\xC3\xA3o pode escolher os cap\xC3\xADtulos 2 e 3",
        "\xD0\x9E\xD0\xB4\xD0\xB8\xD0\xBD \xD0\xB8\xD0\xB7 \xD0\xB8\xD0\xB3\xD1\x80\xD0\xBE\xD0\xBA\xD0\xBE\xD0\xB2 \xD0\xB5\xD1\x89\xD1\x91 \xD0\xBD\xD0\xB5 \xD0\xBE\xD1\x82\xD0\xBA\xD1\x80\xD1\x8B\xD0\xBB \xD0\xB3\xD0\xBB\xD0\xB0\xD0\xB2\xD1\x83 2 \xE2\x80\x94 \xD1\x85\xD0\xBE\xD0\xB7\xD1\x8F\xD0\xB8\xD0\xBD \xD0\xBA\xD0\xBE\xD0\xBC\xD0\xBD\xD0\xB0\xD1\x82\xD1\x8B \xD0\xBD\xD0\xB5 \xD0\xBC\xD0\xBE\xD0\xB6\xD0\xB5\xD1\x82 \xD0\xB2\xD1\x8B\xD0\xB1\xD1\x80\xD0\xB0\xD1\x82\xD1\x8C \xD0\xB3\xD0\xBB\xD0\xB0\xD0\xB2\xD1\x83 2 \xD0\xB8\xD0\xBB\xD0\xB8 3",
        "\xEC\x95\x84\xEC\xA7\x81 2\xEC\x9E\xA5\xEC\x9D\x84 \xED\x95\xB4\xEA\xB8\x88\xED\x95\x98\xEC\xA7\x80 \xEC\x95\x8A\xEC\x9D\x80 \xED\x94\x8C\xEB\xA0\x88\xEC\x9D\xB4\xEC\x96\xB4\xEA\xB0\x80 \xEC\x9E\x88\xEC\x96\xB4 \xEB\xB0\xA9\xEC\x9E\xA5\xEC\x9D\x80 2\xEC\x9E\xA5\xEA\xB3\xBC 3\xEC\x9E\xA5\xEC\x9D\x84 \xEC\x84\xA0\xED\x83\x9D\xED\x95\xA0 \xEC\x88\x98 \xEC\x97\x86\xEC\x8A\xB5\xEB\x8B\x88\xEB\x8B\xA4",
        "\xE7\xAC\xAC" "2\xE7\xAB\xA0\xE3\x82\x92\xE8\xA7\xA3\xE6\x94\xBE\xE3\x81\x97\xE3\x81\xA6\xE3\x81\x84\xE3\x81\xAA\xE3\x81\x84\xE3\x83\x97\xE3\x83\xAC\xE3\x82\xA4\xE3\x83\xA4\xE3\x83\xBC\xE3\x81\x8C\xE3\x81\x84\xE3\x82\x8B\xE3\x81\x9F\xE3\x82\x81\xE3\x80\x81\xE3\x83\x9B\xE3\x82\xB9\xE3\x83\x88\xE3\x81\xAF\xE7\xAC\xAC" "2\xE7\xAB\xA0\xE3\x83\xBB\xE7\xAC\xAC" "3\xE7\xAB\xA0\xE3\x82\x92\xE9\x81\xB8\xE3\x81\xB9\xE3\x81\xBE\xE3\x81\x9B\xE3\x82\x93",
        "\xE6\x9C\x89\xE7\x8E\xA9\xE5\xAE\xB6\xE5\xB0\x9A\xE6\x9C\xAA\xE8\xA7\xA3\xE9\x94\x81\xE7\xAC\xAC\xE4\xBA\x8C\xE7\xAB\xA0\xEF\xBC\x8C\xE6\x88\xBF\xE4\xB8\xBB\xE4\xB8\x8D\xE8\x83\xBD\xE9\x80\x89\xE6\x8B\xA9\xE7\xAC\xAC\xE4\xBA\x8C\xE7\xAB\xA0\xE5\x92\x8C\xE7\xAC\xAC\xE4\xB8\x89\xE7\xAB\xA0",
    },
    { // R_CHAPTER_LOCKED_3
        "A player has not unlocked chapter 3 yet -- the host cannot choose chapter 3",
        "Un jugador a\xC3\xBAn no ha desbloqueado el cap\xC3\xADtulo 3: el anfitri\xC3\xB3n no puede elegir el cap\xC3\xADtulo 3",
        "Un joueur n'a pas encore d\xC3\xA9" "bloqu\xC3\xA9 le chapitre 3 : l'h\xC3\xB4te ne peut pas choisir le chapitre 3",
        "Ein Spieler hat Kapitel 3 noch nicht freigeschaltet \xE2\x80\x93 der Host kann Kapitel 3 nicht w\xC3\xA4hlen",
        "Un giocatore non ha ancora sbloccato il capitolo 3: l'host non pu\xC3\xB2 scegliere il capitolo 3",
        "Um jogador ainda n\xC3\xA3o desbloqueou o cap\xC3\xADtulo 3: o anfitri\xC3\xA3o n\xC3\xA3o pode escolher o cap\xC3\xADtulo 3",
        "\xD0\x9E\xD0\xB4\xD0\xB8\xD0\xBD \xD0\xB8\xD0\xB7 \xD0\xB8\xD0\xB3\xD1\x80\xD0\xBE\xD0\xBA\xD0\xBE\xD0\xB2 \xD0\xB5\xD1\x89\xD1\x91 \xD0\xBD\xD0\xB5 \xD0\xBE\xD1\x82\xD0\xBA\xD1\x80\xD1\x8B\xD0\xBB \xD0\xB3\xD0\xBB\xD0\xB0\xD0\xB2\xD1\x83 3 \xE2\x80\x94 \xD1\x85\xD0\xBE\xD0\xB7\xD1\x8F\xD0\xB8\xD0\xBD \xD0\xBA\xD0\xBE\xD0\xBC\xD0\xBD\xD0\xB0\xD1\x82\xD1\x8B \xD0\xBD\xD0\xB5 \xD0\xBC\xD0\xBE\xD0\xB6\xD0\xB5\xD1\x82 \xD0\xB2\xD1\x8B\xD0\xB1\xD1\x80\xD0\xB0\xD1\x82\xD1\x8C \xD0\xB3\xD0\xBB\xD0\xB0\xD0\xB2\xD1\x83 3",
        "\xEC\x95\x84\xEC\xA7\x81 3\xEC\x9E\xA5\xEC\x9D\x84 \xED\x95\xB4\xEA\xB8\x88\xED\x95\x98\xEC\xA7\x80 \xEC\x95\x8A\xEC\x9D\x80 \xED\x94\x8C\xEB\xA0\x88\xEC\x9D\xB4\xEC\x96\xB4\xEA\xB0\x80 \xEC\x9E\x88\xEC\x96\xB4 \xEB\xB0\xA9\xEC\x9E\xA5\xEC\x9D\x80 3\xEC\x9E\xA5\xEC\x9D\x84 \xEC\x84\xA0\xED\x83\x9D\xED\x95\xA0 \xEC\x88\x98 \xEC\x97\x86\xEC\x8A\xB5\xEB\x8B\x88\xEB\x8B\xA4",
        "\xE7\xAC\xAC" "3\xE7\xAB\xA0\xE3\x82\x92\xE8\xA7\xA3\xE6\x94\xBE\xE3\x81\x97\xE3\x81\xA6\xE3\x81\x84\xE3\x81\xAA\xE3\x81\x84\xE3\x83\x97\xE3\x83\xAC\xE3\x82\xA4\xE3\x83\xA4\xE3\x83\xBC\xE3\x81\x8C\xE3\x81\x84\xE3\x82\x8B\xE3\x81\x9F\xE3\x82\x81\xE3\x80\x81\xE3\x83\x9B\xE3\x82\xB9\xE3\x83\x88\xE3\x81\xAF\xE7\xAC\xAC" "3\xE7\xAB\xA0\xE3\x82\x92\xE9\x81\xB8\xE3\x81\xB9\xE3\x81\xBE\xE3\x81\x9B\xE3\x82\x93",
        "\xE6\x9C\x89\xE7\x8E\xA9\xE5\xAE\xB6\xE5\xB0\x9A\xE6\x9C\xAA\xE8\xA7\xA3\xE9\x94\x81\xE7\xAC\xAC\xE4\xB8\x89\xE7\xAB\xA0\xEF\xBC\x8C\xE6\x88\xBF\xE4\xB8\xBB\xE4\xB8\x8D\xE8\x83\xBD\xE9\x80\x89\xE6\x8B\xA9\xE7\xAC\xAC\xE4\xB8\x89\xE7\xAB\xA0",
    },
    { // COMBO_INVALID_3
        "These players' saves carry an unfinished co-op record: %s. They should load \"original save\" in Save backup on the main menu (it clears the handshake saves), then pick again.",
        "Las partidas de estos jugadores tienen un registro cooperativo sin terminar: %s. Que carguen \xC2\xABpartida original\xC2\xBB en Copias de partidas del men\xC3\xBA principal (borra las partidas de enlace) y elijan de nuevo.",
        "Les sauvegardes de ces joueurs contiennent une partie coop inachev\xC3\xA9" "e : %s. Ils doivent charger \xC2\xAB sauvegarde d'origine \xC2\xBB dans Sauvegardes du menu principal (cela efface les sauvegardes de liaison), puis choisir \xC3\xA0 nouveau.",
        "Die Spielst\xC3\xA4nde dieser Spieler enthalten einen unfertigen Koop-Eintrag: %s. Sie sollen im Hauptmen\xC3\xBC unter Spielstand-Backup den \xE2\x80\x9EOriginalspielstand\xE2\x80\x9C laden (l\xC3\xB6scht die Handshake-Spielst\xC3\xA4nde) und neu w\xC3\xA4hlen.",
        "I salvataggi di questi giocatori hanno un record cooperativo incompleto: %s. Devono caricare \xC2\xABsalvataggio originale\xC2\xBB in Backup salvataggi del menu principale (cancella i salvataggi di handshake) e scegliere di nuovo.",
        "Os saves destes jogadores t\xC3\xAAm um registro cooperativo inacabado: %s. Eles devem carregar \xC2\xABsave original\xC2\xBB em Backup de saves no menu principal (apaga os saves de handshake) e escolher de novo.",
        "\xD0\x92 \xD1\x81\xD0\xBE\xD1\x85\xD1\x80\xD0\xB0\xD0\xBD\xD0\xB5\xD0\xBD\xD0\xB8\xD1\x8F\xD1\x85 \xD1\x8D\xD1\x82\xD0\xB8\xD1\x85 \xD0\xB8\xD0\xB3\xD1\x80\xD0\xBE\xD0\xBA\xD0\xBE\xD0\xB2 \xD0\xB5\xD1\x81\xD1\x82\xD1\x8C \xD0\xBD\xD0\xB5\xD0\xB7\xD0\xB0\xD0\xB2\xD0\xB5\xD1\x80\xD1\x88\xD1\x91\xD0\xBD\xD0\xBD\xD0\xB0\xD1\x8F \xD0\xB7\xD0\xB0\xD0\xBF\xD0\xB8\xD1\x81\xD1\x8C \xD0\xBA\xD0\xBE\xD0\xBE\xD0\xBF\xD0\xB5\xD1\x80\xD0\xB0\xD1\x82\xD0\xB8\xD0\xB2\xD0\xB0: %s. \xD0\x98\xD0\xBC \xD0\xBD\xD1\x83\xD0\xB6\xD0\xBD\xD0\xBE \xD0\xB7\xD0\xB0\xD0\xB3\xD1\x80\xD1\x83\xD0\xB7\xD0\xB8\xD1\x82\xD1\x8C \xC2\xAB\xD0\xB8\xD1\x81\xD1\x85\xD0\xBE\xD0\xB4\xD0\xBD\xD0\xBE\xD0\xB5 \xD1\x81\xD0\xBE\xD1\x85\xD1\x80\xD0\xB0\xD0\xBD\xD0\xB5\xD0\xBD\xD0\xB8\xD0\xB5\xC2\xBB \xD0\xB2 \xD1\x80\xD0\xB0\xD0\xB7\xD0\xB4\xD0\xB5\xD0\xBB\xD0\xB5 \xC2\xAB\xD0\xA0\xD0\xB5\xD0\xB7\xD0\xB5\xD1\x80\xD0\xB2\xD0\xBD\xD1\x8B\xD0\xB5 \xD0\xBA\xD0\xBE\xD0\xBF\xD0\xB8\xD0\xB8\xC2\xBB \xD0\xB3\xD0\xBB\xD0\xB0\xD0\xB2\xD0\xBD\xD0\xBE\xD0\xB3\xD0\xBE \xD0\xBC\xD0\xB5\xD0\xBD\xD1\x8E (\xD1\x8D\xD1\x82\xD0\xBE \xD0\xBE\xD1\x87\xD0\xB8\xD1\x81\xD1\x82\xD0\xB8\xD1\x82 \xD1\x81\xD0\xBE\xD1\x85\xD1\x80\xD0\xB0\xD0\xBD\xD0\xB5\xD0\xBD\xD0\xB8\xD1\x8F \xD1\x80\xD1\x83\xD0\xBA\xD0\xBE\xD0\xBF\xD0\xBE\xD0\xB6\xD0\xB0\xD1\x82\xD0\xB8\xD1\x8F) \xD0\xB8 \xD0\xB2\xD1\x8B\xD0\xB1\xD1\x80\xD0\xB0\xD1\x82\xD1\x8C \xD0\xB7\xD0\xB0\xD0\xBD\xD0\xBE\xD0\xB2\xD0\xBE.",
        "\xEC\x9D\xB4 \xED\x94\x8C\xEB\xA0\x88\xEC\x9D\xB4\xEC\x96\xB4\xEB\x93\xA4\xEC\x9D\x98 \xEC\xA0\x80\xEC\x9E\xA5\xEC\x97\x90 \xEB\x81\x9D\xEB\x82\x98\xEC\xA7\x80 \xEC\x95\x8A\xEC\x9D\x80 \xED\x98\x91\xEB\x8F\x99 \xEA\xB8\xB0\xEB\xA1\x9D\xEC\x9D\xB4 \xEC\x9E\x88\xEC\x8A\xB5\xEB\x8B\x88\xEB\x8B\xA4: %s. \xEB\xA9\x94\xEC\x9D\xB8 \xEB\xA9\x94\xEB\x89\xB4\xEC\x9D\x98 \xEC\xA0\x80\xEC\x9E\xA5 \xEB\xB0\xB1\xEC\x97\x85\xEC\x97\x90\xEC\x84\x9C '\xEC\x9B\x90\xEB\xB3\xB8 \xEC\xA0\x80\xEC\x9E\xA5'\xEC\x9D\x84 \xEB\xB6\x88\xEB\x9F\xAC\xEC\x98\xA8 \xEB\x92\xA4(\xED\x95\xB8\xEB\x93\x9C\xEC\x85\xB0\xEC\x9D\xB4\xED\x81\xAC \xEC\xA0\x80\xEC\x9E\xA5\xEC\x9D\xB4 \xEC\xA7\x80\xEC\x9B\x8C\xEC\xA7\x91\xEB\x8B\x88\xEB\x8B\xA4) \xEB\x8B\xA4\xEC\x8B\x9C \xEC\x84\xA0\xED\x83\x9D\xED\x95\x98\xEC\x84\xB8\xEC\x9A\x94.",
        "\xE3\x81\x93\xE3\x82\x8C\xE3\x82\x89\xE3\x81\xAE\xE3\x83\x97\xE3\x83\xAC\xE3\x82\xA4\xE3\x83\xA4\xE3\x83\xBC\xE3\x81\xAE\xE3\x82\xBB\xE3\x83\xBC\xE3\x83\x96\xE3\x81\xAB\xE6\x9C\xAA\xE5\xAE\x8C\xE4\xBA\x86\xE3\x81\xAE\xE5\x8D\x94\xE5\x8A\x9B\xE3\x83\x97\xE3\x83\xAC\xE3\x82\xA4\xE8\xA8\x98\xE9\x8C\xB2\xE3\x81\x8C\xE3\x81\x82\xE3\x82\x8A\xE3\x81\xBE\xE3\x81\x99\xEF\xBC\x9A%s\xE3\x80\x82\xE3\x83\xA1\xE3\x82\xA4\xE3\x83\xB3\xE3\x83\xA1\xE3\x83\x8B\xE3\x83\xA5\xE3\x83\xBC\xE3\x81\xAE\xE3\x82\xBB\xE3\x83\xBC\xE3\x83\x96\xE3\x83\x90\xE3\x83\x83\xE3\x82\xAF\xE3\x82\xA2\xE3\x83\x83\xE3\x83\x97\xE3\x81\xA7\xE3\x80\x8C\xE5\x85\x83\xE3\x81\xAE\xE3\x82\xBB\xE3\x83\xBC\xE3\x83\x96\xE3\x80\x8D\xE3\x82\x92\xE8\xAA\xAD\xE3\x81\xBF\xE8\xBE\xBC\xE3\x81\xBF\xEF\xBC\x88\xE3\x83\x8F\xE3\x83\xB3\xE3\x83\x89\xE3\x82\xB7\xE3\x82\xA7\xE3\x82\xA4\xE3\x82\xAF\xE3\x82\xBB\xE3\x83\xBC\xE3\x83\x96\xE3\x81\x8C\xE6\xB6\x88\xE3\x81\x88\xE3\x81\xBE\xE3\x81\x99\xEF\xBC\x89\xE3\x80\x81\xE9\x81\xB8\xE3\x81\xB3\xE7\x9B\xB4\xE3\x81\x97\xE3\x81\xA6\xE3\x81\x8F\xE3\x81\xA0\xE3\x81\x95\xE3\x81\x84\xE3\x80\x82",
        "\xE8\xBF\x99\xE4\xBA\x9B\xE7\x8E\xA9\xE5\xAE\xB6\xE7\x9A\x84\xE5\xAD\x98\xE6\xA1\xA3\xE5\xB8\xA6\xE6\x9C\x89\xE6\x9C\xAA\xE5\xAE\x8C\xE6\x88\x90\xE7\x9A\x84\xE8\x81\x94\xE6\x9C\xBA\xE8\xAE\xB0\xE5\xBD\x95\xEF\xBC\x9A%s\xE3\x80\x82\xE8\xAF\xB7\xE4\xBB\x96\xE4\xBB\xAC\xE5\x9C\xA8\xE4\xB8\xBB\xE8\x8F\x9C\xE5\x8D\x95\xE2\x80\x9C\xE5\xAD\x98\xE6\xA1\xA3\xE5\xA4\x87\xE4\xBB\xBD\xE2\x80\x9D\xE9\x87\x8C\xE8\xAF\xBB\xE5\x8F\x96\xE2\x80\x9C\xE5\x8E\x9F\xE5\xAD\x98\xE6\xA1\xA3\xE2\x80\x9D\xEF\xBC\x88\xE4\xBC\x9A\xE6\xB8\x85\xE7\xA9\xBA\xE6\x8F\xA1\xE6\x89\x8B\xE5\xAD\x98\xE6\xA1\xA3\xEF\xBC\x89\xE5\x90\x8E\xE9\x87\x8D\xE6\x96\xB0\xE9\x80\x89\xE6\x8B\xA9\xE3\x80\x82",
    },
    { // COMBO_INVALID_4
        "These players' saves are on the map, but there is no co-op record to recover them with (most likely the last session did not enter the map together): %s. They should first get back to the warehouse (open the save alone and abandon the adventure, or load a backup in Save backup on the main menu), then pick again.",
        "Las partidas de estos jugadores est\xC3\xA1n en el mapa, pero no hay registro cooperativo con el que recuperarlas (lo m\xC3\xA1s probable es que la \xC3\xBAltima sesi\xC3\xB3n no entrara al mapa a la vez): %s. Primero deben volver a la casa (abrir la partida en solitario y abandonar la aventura, o cargar una copia en Copia de partidas del men\xC3\xBA principal) y volver a elegir.",
        "Les sauvegardes de ces joueurs sont sur la carte, mais il n'y a aucun enregistrement coop pour les r\xC3\xA9" "cup\xC3\xA9rer (probablement parce que la derni\xC3\xA8re session n'est pas entr\xC3\xA9" "e sur la carte ensemble) : %s. Ils doivent d'abord retourner \xC3\xA0 la maison (ouvrir la sauvegarde seul et abandonner l'aventure, ou charger une copie dans Sauvegarde du menu principal), puis choisir \xC3\xA0 nouveau.",
        "Die Spielst\xC3\xA4nde dieser Spieler stehen auf der Karte, aber es gibt keinen Koop-Eintrag zur Wiederherstellung (wahrscheinlich sind sie in der letzten Sitzung nicht gemeinsam auf die Karte gegangen): %s. Sie sollten zuerst ins Haus zur\xC3\xBC" "ckkehren (den Spielstand allein \xC3\xB6" "ffnen und das Abenteuer abbrechen oder im Hauptmen\xC3\xBC unter Spielstand-Sicherung eine Sicherung laden) und dann erneut w\xC3\xA4hlen.",
        "I salvataggi di questi giocatori sono sulla mappa, ma non c'\xC3\xA8 alcun record cooperativo per ripristinarli (probabilmente l'ultima sessione non \xC3\xA8 entrata nella mappa insieme): %s. Devono prima tornare alla casa (aprire il salvataggio da soli e abbandonare l'avventura, oppure caricare un backup in Backup salvataggi dal menu principale) e poi scegliere di nuovo.",
        "Os saves destes jogadores est\xC3\xA3o no mapa, mas n\xC3\xA3o h\xC3\xA1 registro cooperativo para recuper\xC3\xA1-los (provavelmente a \xC3\xBAltima sess\xC3\xA3o n\xC3\xA3o entrou no mapa junta): %s. Eles devem primeiro voltar para a casa (abrir o save sozinhos e abandonar a aventura, ou carregar um backup em Backup de saves no menu principal) e escolher de novo.",
        "\xD0\xA1\xD0\xBE\xD1\x85\xD1\x80\xD0\xB0\xD0\xBD\xD0\xB5\xD0\xBD\xD0\xB8\xD1\x8F \xD1\x8D\xD1\x82\xD0\xB8\xD1\x85 \xD0\xB8\xD0\xB3\xD1\x80\xD0\xBE\xD0\xBA\xD0\xBE\xD0\xB2 \xD0\xBD\xD0\xB0\xD1\x85\xD0\xBE\xD0\xB4\xD1\x8F\xD1\x82\xD1\x81\xD1\x8F \xD0\xBD\xD0\xB0 \xD0\xBA\xD0\xB0\xD1\x80\xD1\x82\xD0\xB5, \xD0\xBD\xD0\xBE \xD0\xBD\xD0\xB5\xD1\x82 \xD0\xBA\xD0\xBE\xD0\xBE\xD0\xBF\xD0\xB5\xD1\x80\xD0\xB0\xD1\x82\xD0\xB8\xD0\xB2\xD0\xBD\xD0\xBE\xD0\xB9 \xD0\xB7\xD0\xB0\xD0\xBF\xD0\xB8\xD1\x81\xD0\xB8 \xD0\xB4\xD0\xBB\xD1\x8F \xD0\xB8\xD1\x85 \xD0\xB2\xD0\xBE\xD1\x81\xD1\x81\xD1\x82\xD0\xB0\xD0\xBD\xD0\xBE\xD0\xB2\xD0\xBB\xD0\xB5\xD0\xBD\xD0\xB8\xD1\x8F (\xD1\x81\xD0\xBA\xD0\xBE\xD1\x80\xD0\xB5\xD0\xB5 \xD0\xB2\xD1\x81\xD0\xB5\xD0\xB3\xD0\xBE, \xD0\xB2 \xD0\xBF\xD1\x80\xD0\xBE\xD1\x88\xD0\xBB\xD1\x8B\xD0\xB9 \xD1\x80\xD0\xB0\xD0\xB7 \xD0\xB2\xD1\x8B \xD0\xBD\xD0\xB5 \xD0\xB2\xD0\xBE\xD1\x88\xD0\xBB\xD0\xB8 \xD0\xBD\xD0\xB0 \xD0\xBA\xD0\xB0\xD1\x80\xD1\x82\xD1\x83 \xD0\xBE\xD0\xB4\xD0\xBD\xD0\xBE\xD0\xB2\xD1\x80\xD0\xB5\xD0\xBC\xD0\xB5\xD0\xBD\xD0\xBD\xD0\xBE): %s. \xD0\xA1\xD0\xBD\xD0\xB0\xD1\x87\xD0\xB0\xD0\xBB\xD0\xB0 \xD0\xB8\xD0\xBC \xD0\xBD\xD1\x83\xD0\xB6\xD0\xBD\xD0\xBE \xD0\xB2\xD0\xB5\xD1\x80\xD0\xBD\xD1\x83\xD1\x82\xD1\x8C\xD1\x81\xD1\x8F \xD0\xB2 \xD0\xB4\xD0\xBE\xD0\xBC (\xD0\xBE\xD1\x82\xD0\xBA\xD1\x80\xD1\x8B\xD1\x82\xD1\x8C \xD1\x81\xD0\xBE\xD1\x85\xD1\x80\xD0\xB0\xD0\xBD\xD0\xB5\xD0\xBD\xD0\xB8\xD0\xB5 \xD0\xB2 \xD0\xBE\xD0\xB4\xD0\xB8\xD0\xBD\xD0\xBE\xD1\x87\xD0\xBA\xD1\x83 \xD0\xB8 \xD0\xBF\xD0\xBE\xD0\xBA\xD0\xB8\xD0\xBD\xD1\x83\xD1\x82\xD1\x8C \xD0\xBF\xD1\x80\xD0\xB8\xD0\xBA\xD0\xBB\xD1\x8E\xD1\x87\xD0\xB5\xD0\xBD\xD0\xB8\xD0\xB5 \xD0\xBB\xD0\xB8\xD0\xB1\xD0\xBE \xD0\xB7\xD0\xB0\xD0\xB3\xD1\x80\xD1\x83\xD0\xB7\xD0\xB8\xD1\x82\xD1\x8C \xD0\xBA\xD0\xBE\xD0\xBF\xD0\xB8\xD1\x8E \xD0\xB2 \xC2\xAB\xD0\xA0\xD0\xB5\xD0\xB7\xD0\xB5\xD1\x80\xD0\xB2\xD0\xBD\xD1\x8B\xD1\x85 \xD0\xBA\xD0\xBE\xD0\xBF\xD0\xB8\xD1\x8F\xD1\x85\xC2\xBB \xD0\xB3\xD0\xBB\xD0\xB0\xD0\xB2\xD0\xBD\xD0\xBE\xD0\xB3\xD0\xBE \xD0\xBC\xD0\xB5\xD0\xBD\xD1\x8E), \xD0\xB7\xD0\xB0\xD1\x82\xD0\xB5\xD0\xBC \xD0\xB2\xD1\x8B\xD0\xB1\xD1\x80\xD0\xB0\xD1\x82\xD1\x8C \xD1\x81\xD0\xBD\xD0\xBE\xD0\xB2\xD0\xB0.",
        "\xEC\x9D\xB4 \xED\x94\x8C\xEB\xA0\x88\xEC\x9D\xB4\xEC\x96\xB4\xEB\x93\xA4\xEC\x9D\x98 \xEC\xA0\x80\xEC\x9E\xA5\xEC\x9D\x80 \xEC\xA7\x80\xEB\x8F\x84 \xEC\x9C\x84\xEC\x97\x90 \xEC\x9E\x88\xEC\xA7\x80\xEB\xA7\x8C \xEB\xB3\xB5\xEA\xB5\xAC\xED\x95\xA0 \xED\x98\x91\xEB\x8F\x99 \xEA\xB8\xB0\xEB\xA1\x9D\xEC\x9D\xB4 \xEC\x97\x86\xEC\x8A\xB5\xEB\x8B\x88\xEB\x8B\xA4(\xEC\xA7\x80\xEB\x82\x9C \xEC\x84\xB8\xEC\x85\x98\xEC\x97\x90\xEC\x84\x9C \xED\x95\xA8\xEA\xBB\x98 \xEC\xA7\x80\xEB\x8F\x84\xEC\x97\x90 \xEB\x93\xA4\xEC\x96\xB4\xEA\xB0\x80\xEC\xA7\x80 \xEB\xAA\xBB\xED\x96\x88\xEC\x9D\x84 \xEA\xB0\x80\xEB\x8A\xA5\xEC\x84\xB1\xEC\x9D\xB4 \xED\x81\xBD\xEB\x8B\x88\xEB\x8B\xA4): %s. \xEB\xA8\xBC\xEC\xA0\x80 \xEC\xA7\x91\xEC\x9C\xBC\xEB\xA1\x9C \xEB\x8F\x8C\xEC\x95\x84\xEA\xB0\x80\xEC\x95\xBC \xED\x95\xA9\xEB\x8B\x88\xEB\x8B\xA4(\xEC\xA0\x80\xEC\x9E\xA5\xEC\x9D\x84 \xED\x98\xBC\xEC\x9E\x90 \xEC\x97\xB4\xEC\x96\xB4 \xEB\xAA\xA8\xED\x97\x98\xEC\x9D\x84 \xED\x8F\xAC\xEA\xB8\xB0\xED\x95\x98\xEA\xB1\xB0\xEB\x82\x98, \xEB\xA9\x94\xEC\x9D\xB8 \xEB\xA9\x94\xEB\x89\xB4\xEC\x9D\x98 \xEC\xA0\x80\xEC\x9E\xA5 \xEB\xB0\xB1\xEC\x97\x85\xEC\x97\x90\xEC\x84\x9C \xEB\xB0\xB1\xEC\x97\x85\xEC\x9D\x84 \xEB\xB6\x88\xEB\x9F\xAC\xEC\x98\xA4\xEC\x84\xB8\xEC\x9A\x94). \xEA\xB7\xB8\xEB\x9F\xB0 \xEB\x8B\xA4\xEC\x9D\x8C \xEB\x8B\xA4\xEC\x8B\x9C \xEC\x84\xA0\xED\x83\x9D\xED\x95\x98\xEC\x84\xB8\xEC\x9A\x94.",
        "\xE3\x81\x93\xE3\x82\x8C\xE3\x82\x89\xE3\x81\xAE\xE3\x83\x97\xE3\x83\xAC\xE3\x82\xA4\xE3\x83\xA4\xE3\x83\xBC\xE3\x81\xAE\xE3\x82\xBB\xE3\x83\xBC\xE3\x83\x96\xE3\x81\xAF\xE3\x83\x9E\xE3\x83\x83\xE3\x83\x97\xE4\xB8\x8A\xE3\x81\xAB\xE3\x81\x82\xE3\x82\x8A\xE3\x81\xBE\xE3\x81\x99\xE3\x81\x8C\xE3\x80\x81\xE5\xBE\xA9\xE6\x97\xA7\xE3\x81\xA7\xE3\x81\x8D\xE3\x82\x8B\xE5\x8D\x94\xE5\x8A\x9B\xE3\x83\x97\xE3\x83\xAC\xE3\x82\xA4\xE3\x81\xAE\xE8\xA8\x98\xE9\x8C\xB2\xE3\x81\x8C\xE3\x81\x82\xE3\x82\x8A\xE3\x81\xBE\xE3\x81\x9B\xE3\x82\x93\xEF\xBC\x88\xE5\x89\x8D\xE5\x9B\x9E\xE3\x81\xAE\xE3\x82\xBB\xE3\x83\x83\xE3\x82\xB7\xE3\x83\xA7\xE3\x83\xB3\xE3\x81\xA7\xE4\xB8\x80\xE7\xB7\x92\xE3\x81\xAB\xE3\x83\x9E\xE3\x83\x83\xE3\x83\x97\xE3\x81\xAB\xE5\x85\xA5\xE3\x82\x89\xE3\x81\xAA\xE3\x81\x8B\xE3\x81\xA3\xE3\x81\x9F\xE5\x8F\xAF\xE8\x83\xBD\xE6\x80\xA7\xE3\x81\x8C\xE9\xAB\x98\xE3\x81\x84\xE3\x81\xA7\xE3\x81\x99\xEF\xBC\x89\xEF\xBC\x9A%s\xE3\x80\x82\xE3\x81\xBE\xE3\x81\x9A\xE6\x8B\xA0\xE7\x82\xB9\xE3\x81\xAB\xE6\x88\xBB\xE3\x81\xA3\xE3\x81\xA6\xE3\x81\x8F\xE3\x81\xA0\xE3\x81\x95\xE3\x81\x84\xEF\xBC\x88\xE3\x82\xBB\xE3\x83\xBC\xE3\x83\x96\xE3\x82\x92\xE4\xB8\x80\xE4\xBA\xBA\xE3\x81\xA7\xE9\x96\x8B\xE3\x81\x84\xE3\x81\xA6\xE5\x86\x92\xE9\x99\xBA\xE3\x82\x92\xE6\x94\xBE\xE6\xA3\x84\xE3\x81\x99\xE3\x82\x8B\xE3\x81\x8B\xE3\x80\x81\xE3\x83\xA1\xE3\x82\xA4\xE3\x83\xB3\xE3\x83\xA1\xE3\x83\x8B\xE3\x83\xA5\xE3\x83\xBC\xE3\x81\xAE\xE3\x82\xBB\xE3\x83\xBC\xE3\x83\x96\xE3\x83\x90\xE3\x83\x83\xE3\x82\xAF\xE3\x82\xA2\xE3\x83\x83\xE3\x83\x97\xE3\x81\x8B\xE3\x82\x89\xE3\x83\x90\xE3\x83\x83\xE3\x82\xAF\xE3\x82\xA2\xE3\x83\x83\xE3\x83\x97\xE3\x82\x92\xE8\xAA\xAD\xE3\x81\xBF\xE8\xBE\xBC\xE3\x82\x80\xEF\xBC\x89\xE3\x80\x82\xE3\x81\x9D\xE3\x81\xAE\xE5\xBE\x8C\xE3\x80\x81\xE3\x82\x82\xE3\x81\x86\xE4\xB8\x80\xE5\xBA\xA6\xE9\x81\xB8\xE6\x8A\x9E\xE3\x81\x97\xE3\x81\xA6\xE3\x81\x8F\xE3\x81\xA0\xE3\x81\x95\xE3\x81\x84\xE3\x80\x82",
        "\xE8\xBF\x99\xE4\xBA\x9B\xE7\x8E\xA9\xE5\xAE\xB6\xE7\x9A\x84\xE5\xAD\x98\xE6\xA1\xA3\xE5\x81\x9C\xE5\x9C\xA8\xE5\x9C\xB0\xE5\x9B\xBE\xE4\xB8\x8A\xEF\xBC\x8C\xE4\xBD\x86\xE6\xB2\xA1\xE6\x9C\x89\xE5\x8F\xAF\xE6\x81\xA2\xE5\xA4\x8D\xE7\x9A\x84\xE8\x81\x94\xE6\x9C\xBA\xE8\xAE\xB0\xE5\xBD\x95\xEF\xBC\x88\xE5\xA4\x9A\xE5\x8D\x8A\xE6\x98\xAF\xE4\xB8\x8A\xE6\xAC\xA1\xE8\x81\x94\xE6\x9C\xBA\xE6\x97\xB6\xE6\xB2\xA1\xE6\x9C\x89\xE4\xB8\x80\xE8\xB5\xB7\xE8\xBF\x9B\xE5\x85\xA5\xE5\x9C\xB0\xE5\x9B\xBE\xEF\xBC\x89\xEF\xBC\x9A%s\xE3\x80\x82\xE8\xAF\xB7\xE4\xBB\x96\xE4\xBB\xAC\xE5\x85\x88\xE5\x9B\x9E\xE5\x88\xB0\xE4\xBB\x93\xE5\xBA\x93\xEF\xBC\x88\xE5\x8D\x95\xE4\xBA\xBA\xE6\x89\x93\xE5\xBC\x80\xE8\xAF\xA5\xE5\xAD\x98\xE6\xA1\xA3\xE5\xB9\xB6\xE6\x94\xBE\xE5\xBC\x83\xE6\x9C\xAC\xE6\xAC\xA1\xE5\x86\x92\xE9\x99\xA9\xEF\xBC\x8C\xE6\x88\x96\xE5\x9C\xA8\xE4\xB8\xBB\xE8\x8F\x9C\xE5\x8D\x95\xE2\x80\x9C\xE5\xAD\x98\xE6\xA1\xA3\xE5\xA4\x87\xE4\xBB\xBD\xE2\x80\x9D\xE9\x87\x8C\xE8\xAF\xBB\xE5\x8F\x96\xE5\xA4\x87\xE4\xBB\xBD\xEF\xBC\x89\xEF\xBC\x8C\xE5\x86\x8D\xE9\x87\x8D\xE6\x96\xB0\xE9\x80\x89\xE6\x8B\xA9\xE3\x80\x82",
    },
    { // R_SYNC_TROUBLE
        "Syncing between the players timed out. A client's connection to the host may have a problem, so the games cannot be kept in sync and may drift apart. If this keeps happening, leave the room and connect again.",
        "La sincronizaci\xC3\xB3n entre los jugadores ha agotado el tiempo. La conexi\xC3\xB3n de un cliente con el anfitri\xC3\xB3n puede tener un problema, as\xC3\xAD que las partidas no se pueden mantener sincronizadas y podr\xC3\xAD" "an divergir. Si sigue ocurriendo, sal de la sala y vuelve a conectarte.",
        "La synchronisation entre les joueurs a expir\xC3\xA9. La connexion d'un client avec l'h\xC3\xB4te a peut-\xC3\xAAtre un probl\xC3\xA8me : les parties ne peuvent pas rester synchronis\xC3\xA9" "es et risquent de diverger. Si cela se r\xC3\xA9p\xC3\xA8te, quittez le salon et reconnectez-vous.",
        "Die Synchronisierung zwischen den Spielern ist abgelaufen. Die Verbindung eines Clients zum Host hat m\xC3\xB6glicherweise ein Problem, daher lassen sich die Spiele nicht synchron halten und k\xC3\xB6nnen auseinanderlaufen. Wenn das \xC3\xB6" "fter passiert, verlasse den Raum und verbinde dich neu.",
        "La sincronizzazione tra i giocatori \xC3\xA8 scaduta. La connessione di un client con l'host potrebbe avere un problema, quindi le partite non possono restare sincronizzate e potrebbero divergere. Se continua, esci dalla stanza e riconnettiti.",
        "A sincroniza\xC3\xA7\xC3\xA3o entre os jogadores expirou. A conex\xC3\xA3o de um cliente com o anfitri\xC3\xA3o pode ter um problema, ent\xC3\xA3o as partidas n\xC3\xA3o conseguem ficar sincronizadas e podem divergir. Se continuar acontecendo, saia da sala e conecte-se de novo.",
        "\xD0\x92\xD1\x80\xD0\xB5\xD0\xBC\xD1\x8F \xD1\x81\xD0\xB8\xD0\xBD\xD1\x85\xD1\x80\xD0\xBE\xD0\xBD\xD0\xB8\xD0\xB7\xD0\xB0\xD1\x86\xD0\xB8\xD0\xB8 \xD0\xBC\xD0\xB5\xD0\xB6\xD0\xB4\xD1\x83 \xD0\xB8\xD0\xB3\xD1\x80\xD0\xBE\xD0\xBA\xD0\xB0\xD0\xBC\xD0\xB8 \xD0\xB8\xD1\x81\xD1\x82\xD0\xB5\xD0\xBA\xD0\xBB\xD0\xBE. \xD0\x92\xD0\xBE\xD0\xB7\xD0\xBC\xD0\xBE\xD0\xB6\xD0\xBD\xD0\xBE, \xD0\xBF\xD1\x80\xD0\xBE\xD0\xB1\xD0\xBB\xD0\xB5\xD0\xBC\xD0\xB0 \xD1\x81 \xD0\xBF\xD0\xBE\xD0\xB4\xD0\xBA\xD0\xBB\xD1\x8E\xD1\x87\xD0\xB5\xD0\xBD\xD0\xB8\xD0\xB5\xD0\xBC \xD0\xBA\xD0\xBB\xD0\xB8\xD0\xB5\xD0\xBD\xD1\x82\xD0\xB0 \xD0\xBA \xD1\x85\xD0\xBE\xD0\xB7\xD1\x8F\xD0\xB8\xD0\xBD\xD1\x83: \xD0\xB8\xD0\xB3\xD1\x80\xD1\x8B \xD0\xBD\xD0\xB5 \xD1\x83\xD0\xB4\xD0\xB0\xD1\x91\xD1\x82\xD1\x81\xD1\x8F \xD1\x81\xD0\xB8\xD0\xBD\xD1\x85\xD1\x80\xD0\xBE\xD0\xBD\xD0\xB8\xD0\xB7\xD0\xB8\xD1\x80\xD0\xBE\xD0\xB2\xD0\xB0\xD1\x82\xD1\x8C, \xD0\xB8 \xD0\xBE\xD0\xBD\xD0\xB8 \xD0\xBC\xD0\xBE\xD0\xB3\xD1\x83\xD1\x82 \xD1\x80\xD0\xB0\xD0\xB7\xD0\xBE\xD0\xB9\xD1\x82\xD0\xB8\xD1\x81\xD1\x8C. \xD0\x95\xD1\x81\xD0\xBB\xD0\xB8 \xD1\x8D\xD1\x82\xD0\xBE \xD0\xBF\xD0\xBE\xD0\xB2\xD1\x82\xD0\xBE\xD1\x80\xD1\x8F\xD0\xB5\xD1\x82\xD1\x81\xD1\x8F, \xD0\xB2\xD1\x8B\xD0\xB9\xD0\xB4\xD0\xB8\xD1\x82\xD0\xB5 \xD0\xB8\xD0\xB7 \xD0\xBA\xD0\xBE\xD0\xBC\xD0\xBD\xD0\xB0\xD1\x82\xD1\x8B \xD0\xB8 \xD0\xBF\xD0\xBE\xD0\xB4\xD0\xBA\xD0\xBB\xD1\x8E\xD1\x87\xD0\xB8\xD1\x82\xD0\xB5\xD1\x81\xD1\x8C \xD0\xB7\xD0\xB0\xD0\xBD\xD0\xBE\xD0\xB2\xD0\xBE.",
        "\xED\x94\x8C\xEB\xA0\x88\xEC\x9D\xB4\xEC\x96\xB4 \xEA\xB0\x84 \xEB\x8F\x99\xEA\xB8\xB0\xED\x99\x94 \xEC\x8B\x9C\xEA\xB0\x84\xEC\x9D\xB4 \xEC\xB4\x88\xEA\xB3\xBC\xEB\x90\x98\xEC\x97\x88\xEC\x8A\xB5\xEB\x8B\x88\xEB\x8B\xA4. \xED\x81\xB4\xEB\x9D\xBC\xEC\x9D\xB4\xEC\x96\xB8\xED\x8A\xB8\xEC\x99\x80 \xEB\xB0\xA9\xEC\x9E\xA5\xEC\x9D\x98 \xEC\x97\xB0\xEA\xB2\xB0\xEC\x97\x90 \xEB\xAC\xB8\xEC\xA0\x9C\xEA\xB0\x80 \xEC\x9E\x88\xEC\x9D\x84 \xEC\x88\x98 \xEC\x9E\x88\xEC\x96\xB4 \xEA\xB2\x8C\xEC\x9E\x84\xEC\x9D\x84 \xEB\x8F\x99\xEA\xB8\xB0\xED\x99\x94\xED\x95\xA0 \xEC\x88\x98 \xEC\x97\x86\xEC\x9C\xBC\xEB\xA9\xB0 \xEC\x84\x9C\xEB\xA1\x9C \xEC\x96\xB4\xEA\xB8\x8B\xEB\x82\xA0 \xEC\x88\x98 \xEC\x9E\x88\xEC\x8A\xB5\xEB\x8B\x88\xEB\x8B\xA4. \xEA\xB3\x84\xEC\x86\x8D\xEB\x90\x98\xEB\xA9\xB4 \xEB\xB0\xA9\xEC\x97\x90\xEC\x84\x9C \xEB\x82\x98\xEA\xB0\x94\xEB\x8B\xA4\xEA\xB0\x80 \xEB\x8B\xA4\xEC\x8B\x9C \xEC\xA0\x91\xEC\x86\x8D\xED\x95\x98\xEC\x84\xB8\xEC\x9A\x94.",
        "\xE3\x83\x97\xE3\x83\xAC\xE3\x82\xA4\xE3\x83\xA4\xE3\x83\xBC\xE9\x96\x93\xE3\x81\xAE\xE5\x90\x8C\xE6\x9C\x9F\xE3\x81\x8C\xE3\x82\xBF\xE3\x82\xA4\xE3\x83\xA0\xE3\x82\xA2\xE3\x82\xA6\xE3\x83\x88\xE3\x81\x97\xE3\x81\xBE\xE3\x81\x97\xE3\x81\x9F\xE3\x80\x82\xE3\x82\xAF\xE3\x83\xA9\xE3\x82\xA4\xE3\x82\xA2\xE3\x83\xB3\xE3\x83\x88\xE3\x81\xA8\xE3\x83\x9B\xE3\x82\xB9\xE3\x83\x88\xE3\x81\xAE\xE6\x8E\xA5\xE7\xB6\x9A\xE3\x81\xAB\xE5\x95\x8F\xE9\xA1\x8C\xE3\x81\x8C\xE3\x81\x82\xE3\x82\x8B\xE5\x8F\xAF\xE8\x83\xBD\xE6\x80\xA7\xE3\x81\x8C\xE3\x81\x82\xE3\x82\x8A\xE3\x80\x81\xE3\x82\xB2\xE3\x83\xBC\xE3\x83\xA0\xE3\x82\x92\xE5\x90\x8C\xE6\x9C\x9F\xE3\x81\xA7\xE3\x81\x8D\xE3\x81\x9A\xE3\x80\x81\xE3\x81\x9A\xE3\x82\x8C\xE3\x82\x8B\xE6\x81\x90\xE3\x82\x8C\xE3\x81\x8C\xE3\x81\x82\xE3\x82\x8A\xE3\x81\xBE\xE3\x81\x99\xE3\x80\x82\xE7\xB9\xB0\xE3\x82\x8A\xE8\xBF\x94\xE3\x81\x97\xE8\xB5\xB7\xE3\x81\x8D\xE3\x82\x8B\xE5\xA0\xB4\xE5\x90\x88\xE3\x81\xAF\xE3\x80\x81\xE3\x83\xAB\xE3\x83\xBC\xE3\x83\xA0\xE3\x82\x92\xE9\x80\x80\xE5\x87\xBA\xE3\x81\x97\xE3\x81\xA6\xE6\x8E\xA5\xE7\xB6\x9A\xE3\x81\x97\xE7\x9B\xB4\xE3\x81\x97\xE3\x81\xA6\xE3\x81\x8F\xE3\x81\xA0\xE3\x81\x95\xE3\x81\x84\xE3\x80\x82",
        "\xE7\x8E\xA9\xE5\xAE\xB6\xE4\xB9\x8B\xE9\x97\xB4\xE7\x9A\x84\xE5\x90\x8C\xE6\xAD\xA5\xE5\xB7\xB2\xE8\xB6\x85\xE6\x97\xB6\xE3\x80\x82\xE5\xAE\xA2\xE6\x88\xB7\xE7\xAB\xAF\xE4\xB8\x8E\xE6\x88\xBF\xE4\xB8\xBB\xE4\xB9\x8B\xE9\x97\xB4\xE7\x9A\x84\xE8\xBF\x9E\xE6\x8E\xA5\xE5\x8F\xAF\xE8\x83\xBD\xE6\x9C\x89\xE9\x97\xAE\xE9\xA2\x98\xEF\xBC\x8C\xE6\x97\xA0\xE6\xB3\x95\xE4\xBF\x9D\xE6\x8C\x81\xE5\x90\x8C\xE6\xAD\xA5\xEF\xBC\x8C\xE4\xB8\xA4\xE8\xBE\xB9\xE7\x9A\x84\xE6\xB8\xB8\xE6\x88\x8F\xE5\x8F\xAF\xE8\x83\xBD\xE4\xBC\x9A\xE9\x80\x90\xE6\xB8\x90\xE4\xB8\x8D\xE4\xB8\x80\xE8\x87\xB4\xE3\x80\x82\xE5\xA6\x82\xE6\x9E\x9C\xE5\x8F\x8D\xE5\xA4\x8D\xE5\x87\xBA\xE7\x8E\xB0\xEF\xBC\x8C\xE8\xAF\xB7\xE9\x80\x80\xE5\x87\xBA\xE6\x88\xBF\xE9\x97\xB4\xE5\x90\x8E\xE9\x87\x8D\xE6\x96\xB0\xE8\xBF\x9E\xE6\x8E\xA5\xE3\x80\x82",
    },
    { // TR_LABEL
        "Connection:",
        "Conexi\xC3\xB3n:",
        "Connexion :",
        "Verbindung:",
        "Connessione:",
        "Conex\xC3\xA3o:",
        "\xD0\x9F\xD0\xBE\xD0\xB4\xD0\xBA\xD0\xBB\xD1\x8E\xD1\x87\xD0\xB5\xD0\xBD\xD0\xB8\xD0\xB5:",
        "\xEC\x97\xB0\xEA\xB2\xB0 \xEB\xB0\xA9\xEC\x8B\x9D:",
        "\xE6\x8E\xA5\xE7\xB6\x9A\xE6\x96\xB9\xE6\xB3\x95:",
        "\xE8\xBF\x9E\xE6\x8E\xA5\xE6\x96\xB9\xE5\xBC\x8F\xEF\xBC\x9A",
    },
    { // TR_DIRECT
        "Direct (port %u)",
        "Directa (puerto %u)",
        "Directe (port %u)",
        "Direkt (Port %u)",
        "Diretta (porta %u)",
        "Direta (porta %u)",
        "\xD0\x9D\xD0\xB0\xD0\xBF\xD1\x80\xD1\x8F\xD0\xBC\xD1\x83\xD1\x8E (\xD0\xBF\xD0\xBE\xD1\x80\xD1\x82 %u)",
        "\xEC\xA7\x81\xEC\xA0\x91 \xEC\x97\xB0\xEA\xB2\xB0 (\xED\x8F\xAC\xED\x8A\xB8 %u)",
        "\xE7\x9B\xB4\xE6\x8E\xA5\xE6\x8E\xA5\xE7\xB6\x9A (\xE3\x83\x9D\xE3\x83\xBC\xE3\x83\x88 %u)",
        "\xE7\x9B\xB4\xE8\xBF\x9E (\xE7\xAB\xAF\xE5\x8F\xA3 %u)",
    },
    { // TR_STEAM
        "Steam relay",
        "Retransmisi\xC3\xB3n de Steam",
        "Relais Steam",
        "Steam-Relay",
        "Relay Steam",
        "Relay da Steam",
        "\xD0\xA0\xD0\xB5\xD1\x82\xD1\x80\xD0\xB0\xD0\xBD\xD1\x81\xD0\xBB\xD1\x8F\xD1\x82\xD0\xBE\xD1\x80 Steam",
        "Steam \xEB\xA6\xB4\xEB\xA0\x88\xEC\x9D\xB4",
        "Steam\xE3\x83\xAA\xE3\x83\xAC\xE3\x83\xBC",
        "Steam \xE4\xB8\xAD\xE7\xBB\xA7",
    },
    { // TR_CHECKING
        "Checking port %u...",
        "Comprobando el puerto %u...",
        "V\xC3\xA9rification du port %u...",
        "Port %u wird gepr\xC3\xBC" "ft ...",
        "Controllo della porta %u...",
        "Verificando a porta %u...",
        "\xD0\x9F\xD1\x80\xD0\xBE\xD0\xB2\xD0\xB5\xD1\x80\xD0\xBA\xD0\xB0 \xD0\xBF\xD0\xBE\xD1\x80\xD1\x82\xD0\xB0 %u...",
        "\xED\x8F\xAC\xED\x8A\xB8 %u \xED\x99\x95\xEC\x9D\xB8 \xEC\xA4\x91...",
        "\xE3\x83\x9D\xE3\x83\xBC\xE3\x83\x88%u\xE3\x82\x92\xE7\xA2\xBA\xE8\xAA\x8D\xE4\xB8\xAD...",
        "\xE6\xAD\xA3\xE5\x9C\xA8\xE6\xA3\x80\xE6\xB5\x8B\xE7\xAB\xAF\xE5\x8F\xA3 %u\xE2\x80\xA6",
    },
    { // TR_OPEN
        "Port %u is open",
        "El puerto %u est\xC3\xA1 abierto",
        "Le port %u est ouvert",
        "Port %u ist offen",
        "La porta %u \xC3\xA8 aperta",
        "A porta %u est\xC3\xA1 aberta",
        "\xD0\x9F\xD0\xBE\xD1\x80\xD1\x82 %u \xD0\xBE\xD1\x82\xD0\xBA\xD1\x80\xD1\x8B\xD1\x82",
        "\xED\x8F\xAC\xED\x8A\xB8 %u \xEC\x97\xB4\xEB\xA0\xA4 \xEC\x9E\x88\xEC\x9D\x8C",
        "\xE3\x83\x9D\xE3\x83\xBC\xE3\x83\x88%u\xE3\x81\xAF\xE9\x96\x8B\xE3\x81\x84\xE3\x81\xA6\xE3\x81\x84\xE3\x81\xBE\xE3\x81\x99",
        "\xE7\xAB\xAF\xE5\x8F\xA3 %u \xE5\xB7\xB2\xE5\xBC\x80\xE6\x94\xBE",
    },
    { // TR_CLOSED
        "Port %u is not open",
        "El puerto %u no est\xC3\xA1 abierto",
        "Le port %u n'est pas ouvert",
        "Port %u ist nicht offen",
        "La porta %u non \xC3\xA8 aperta",
        "A porta %u n\xC3\xA3o est\xC3\xA1 aberta",
        "\xD0\x9F\xD0\xBE\xD1\x80\xD1\x82 %u \xD0\xB7\xD0\xB0\xD0\xBA\xD1\x80\xD1\x8B\xD1\x82",
        "\xED\x8F\xAC\xED\x8A\xB8 %u \xEC\x97\xB4\xEB\xA0\xA4 \xEC\x9E\x88\xEC\xA7\x80 \xEC\x95\x8A\xEC\x9D\x8C",
        "\xE3\x83\x9D\xE3\x83\xBC\xE3\x83\x88%u\xE3\x81\xAF\xE9\x96\x8B\xE6\x94\xBE\xE3\x81\x95\xE3\x82\x8C\xE3\x81\xA6\xE3\x81\x84\xE3\x81\xBE\xE3\x81\x9B\xE3\x82\x93",
        "%u \xE7\xAB\xAF\xE5\x8F\xA3\xE6\x9C\xAA\xE5\xBC\x80\xE6\x94\xBE",
    },
    { // TR_BUSY
        "Port %u is already in use by another program here.",
        "El puerto %u ya lo usa otro programa en este equipo.",
        "Le port %u est d\xC3\xA9j\xC3\xA0 utilis\xC3\xA9 par un autre programme ici.",
        "Port %u wird hier bereits von einem anderen Programm verwendet.",
        "La porta %u \xC3\xA8 gi\xC3\xA0 usata da un altro programma.",
        "A porta %u j\xC3\xA1 est\xC3\xA1 em uso por outro programa.",
        "\xD0\x9F\xD0\xBE\xD1\x80\xD1\x82 %u \xD1\x83\xD0\xB6\xD0\xB5 \xD0\xB7\xD0\xB0\xD0\xBD\xD1\x8F\xD1\x82 \xD0\xB4\xD1\x80\xD1\x83\xD0\xB3\xD0\xBE\xD0\xB9 \xD0\xBF\xD1\x80\xD0\xBE\xD0\xB3\xD1\x80\xD0\xB0\xD0\xBC\xD0\xBC\xD0\xBE\xD0\xB9.",
        "\xED\x8F\xAC\xED\x8A\xB8 %u\xEC\x9D\x80(\xEB\x8A\x94) \xEB\x8B\xA4\xEB\xA5\xB8 \xED\x94\x84\xEB\xA1\x9C\xEA\xB7\xB8\xEB\x9E\xA8\xEC\x9D\xB4 \xEC\x9D\xB4\xEB\xAF\xB8 \xEC\x82\xAC\xEC\x9A\xA9 \xEC\xA4\x91\xEC\x9E\x85\xEB\x8B\x88\xEB\x8B\xA4.",
        "\xE3\x83\x9D\xE3\x83\xBC\xE3\x83\x88%u\xE3\x81\xAF\xE5\x88\xA5\xE3\x81\xAE\xE3\x83\x97\xE3\x83\xAD\xE3\x82\xB0\xE3\x83\xA9\xE3\x83\xA0\xE3\x81\x8C\xE4\xBD\xBF\xE7\x94\xA8\xE4\xB8\xAD\xE3\x81\xA7\xE3\x81\x99\xE3\x80\x82",
        "\xE7\xAB\xAF\xE5\x8F\xA3 %u \xE5\xB7\xB2\xE8\xA2\xAB\xE6\x9C\xAC\xE6\x9C\xBA\xE5\x85\xB6\xE4\xBB\x96\xE7\xA8\x8B\xE5\xBA\x8F\xE5\x8D\xA0\xE7\x94\xA8\xE3\x80\x82",
    },
    { // TR_NOANSWER
        "The server could not check the port (older server). Direct is allowed but unproven.",
        "El servidor no pudo comprobar el puerto (servidor antiguo). La conexi\xC3\xB3n directa est\xC3\xA1 permitida, pero sin comprobar.",
        "Le serveur n'a pas pu v\xC3\xA9rifier le port (ancien serveur). La connexion directe est permise mais non v\xC3\xA9rifi\xC3\xA9" "e.",
        "Der Server konnte den Port nicht pr\xC3\xBC" "fen (\xC3\xA4lterer Server). Direkt ist erlaubt, aber ungepr\xC3\xBC" "ft.",
        "Il server non ha potuto controllare la porta (server vecchio). La connessione diretta \xC3\xA8 consentita ma non verificata.",
        "O servidor n\xC3\xA3o conseguiu verificar a porta (servidor antigo). A conex\xC3\xA3o direta \xC3\xA9 permitida, mas n\xC3\xA3o verificada.",
        "\xD0\xA1\xD0\xB5\xD1\x80\xD0\xB2\xD0\xB5\xD1\x80 \xD0\xBD\xD0\xB5 \xD1\x81\xD0\xBC\xD0\xBE\xD0\xB3 \xD0\xBF\xD1\x80\xD0\xBE\xD0\xB2\xD0\xB5\xD1\x80\xD0\xB8\xD1\x82\xD1\x8C \xD0\xBF\xD0\xBE\xD1\x80\xD1\x82 (\xD1\x81\xD1\x82\xD0\xB0\xD1\x80\xD0\xB0\xD1\x8F \xD0\xB2\xD0\xB5\xD1\x80\xD1\x81\xD0\xB8\xD1\x8F). \xD0\x9F\xD1\x80\xD1\x8F\xD0\xBC\xD0\xBE\xD0\xB5 \xD0\xBF\xD0\xBE\xD0\xB4\xD0\xBA\xD0\xBB\xD1\x8E\xD1\x87\xD0\xB5\xD0\xBD\xD0\xB8\xD0\xB5 \xD1\x80\xD0\xB0\xD0\xB7\xD1\x80\xD0\xB5\xD1\x88\xD0\xB5\xD0\xBD\xD0\xBE, \xD0\xBD\xD0\xBE \xD0\xBD\xD0\xB5 \xD0\xBF\xD1\x80\xD0\xBE\xD0\xB2\xD0\xB5\xD1\x80\xD0\xB5\xD0\xBD\xD0\xBE.",
        "\xEC\x84\x9C\xEB\xB2\x84\xEA\xB0\x80 \xED\x8F\xAC\xED\x8A\xB8\xEB\xA5\xBC \xED\x99\x95\xEC\x9D\xB8\xED\x95\x98\xEC\xA7\x80 \xEB\xAA\xBB\xED\x96\x88\xEC\x8A\xB5\xEB\x8B\x88\xEB\x8B\xA4(\xEA\xB5\xAC\xEB\xB2\x84\xEC\xA0\x84 \xEC\x84\x9C\xEB\xB2\x84). \xEC\xA7\x81\xEC\xA0\x91 \xEC\x97\xB0\xEA\xB2\xB0\xEC\x9D\x80 \xED\x97\x88\xEC\x9A\xA9\xEB\x90\x98\xEC\xA7\x80\xEB\xA7\x8C \xED\x99\x95\xEC\x9D\xB8\xEB\x90\x98\xEC\xA7\x80 \xEC\x95\x8A\xEC\x95\x98\xEC\x8A\xB5\xEB\x8B\x88\xEB\x8B\xA4.",
        "\xE3\x82\xB5\xE3\x83\xBC\xE3\x83\x90\xE3\x83\xBC\xE3\x81\x8C\xE3\x83\x9D\xE3\x83\xBC\xE3\x83\x88\xE3\x82\x92\xE7\xA2\xBA\xE8\xAA\x8D\xE3\x81\xA7\xE3\x81\x8D\xE3\x81\xBE\xE3\x81\x9B\xE3\x82\x93\xE3\x81\xA7\xE3\x81\x97\xE3\x81\x9F(\xE5\x8F\xA4\xE3\x81\x84\xE3\x82\xB5\xE3\x83\xBC\xE3\x83\x90\xE3\x83\xBC)\xE3\x80\x82\xE7\x9B\xB4\xE6\x8E\xA5\xE6\x8E\xA5\xE7\xB6\x9A\xE3\x81\xAF\xE9\x81\xB8\xE3\x81\xB9\xE3\x81\xBE\xE3\x81\x99\xE3\x81\x8C\xE3\x80\x81\xE6\x9C\xAA\xE7\xA2\xBA\xE8\xAA\x8D\xE3\x81\xA7\xE3\x81\x99\xE3\x80\x82",
        "\xE6\x9C\x8D\xE5\x8A\xA1\xE5\x99\xA8\xE6\x97\xA0\xE6\xB3\x95\xE6\xA3\x80\xE6\xB5\x8B\xE8\xAF\xA5\xE7\xAB\xAF\xE5\x8F\xA3\xEF\xBC\x88\xE6\x9C\x8D\xE5\x8A\xA1\xE5\x99\xA8\xE7\x89\x88\xE6\x9C\xAC\xE8\xBE\x83\xE6\x97\xA7\xEF\xBC\x89\xE3\x80\x82\xE5\x85\x81\xE8\xAE\xB8\xE9\x80\x89\xE6\x8B\xA9\xE7\x9B\xB4\xE8\xBF\x9E\xEF\xBC\x8C\xE4\xBD\x86\xE6\x9C\xAA\xE7\xBB\x8F\xE9\xAA\x8C\xE8\xAF\x81\xE3\x80\x82",
    },
    { // TR_RECHECK
        "Recheck",
        "Volver a comprobar",
        "Rev\xC3\xA9rifier",
        "Erneut pr\xC3\xBC" "fen",
        "Ricontrolla",
        "Verificar de novo",
        "\xD0\x9F\xD1\x80\xD0\xBE\xD0\xB2\xD0\xB5\xD1\x80\xD0\xB8\xD1\x82\xD1\x8C \xD1\x81\xD0\xBD\xD0\xBE\xD0\xB2\xD0\xB0",
        "\xEB\x8B\xA4\xEC\x8B\x9C \xED\x99\x95\xEC\x9D\xB8",
        "\xE5\x86\x8D\xE7\xA2\xBA\xE8\xAA\x8D",
        "\xE9\x87\x8D\xE6\x96\xB0\xE6\xA3\x80\xE6\xB5\x8B",
    },
    { // TR_STEAM_NA
        "Steam networking is not available.",
        "La red de Steam no est\xC3\xA1 disponible.",
        "Le r\xC3\xA9seau Steam n'est pas disponible.",
        "Das Steam-Netzwerk ist nicht verf\xC3\xBCgbar.",
        "La rete Steam non \xC3\xA8 disponibile.",
        "A rede da Steam n\xC3\xA3o est\xC3\xA1 dispon\xC3\xADvel.",
        "\xD0\xA1\xD0\xB5\xD1\x82\xD1\x8C Steam \xD0\xBD\xD0\xB5\xD0\xB4\xD0\xBE\xD1\x81\xD1\x82\xD1\x83\xD0\xBF\xD0\xBD\xD0\xB0.",
        "Steam \xEB\x84\xA4\xED\x8A\xB8\xEC\x9B\x8C\xED\x81\xAC\xEB\xA5\xBC \xEC\x82\xAC\xEC\x9A\xA9\xED\x95\xA0 \xEC\x88\x98 \xEC\x97\x86\xEC\x8A\xB5\xEB\x8B\x88\xEB\x8B\xA4.",
        "Steam\xE3\x83\x8D\xE3\x83\x83\xE3\x83\x88\xE3\x83\xAF\xE3\x83\xBC\xE3\x82\xAF\xE3\x82\x92\xE5\x88\xA9\xE7\x94\xA8\xE3\x81\xA7\xE3\x81\x8D\xE3\x81\xBE\xE3\x81\x9B\xE3\x82\x93\xE3\x80\x82",
        "Steam \xE7\xBD\x91\xE7\xBB\x9C\xE4\xB8\x8D\xE5\x8F\xAF\xE7\x94\xA8\xE3\x80\x82",
    },
    { // TR_RELAY
        "Server relay",
        "Retransmisi\xC3\xB3n por servidor",
        "Relais par le serveur",
        "Server-Weiterleitung",
        "Inoltro tramite server",
        "Retransmiss\xC3\xA3o pelo servidor",
        "\xD0\xA7\xD0\xB5\xD1\x80\xD0\xB5\xD0\xB7 \xD1\x81\xD0\xB5\xD1\x80\xD0\xB2\xD0\xB5\xD1\x80",
        "\xEC\x84\x9C\xEB\xB2\x84 \xEC\xA4\x91\xEA\xB3\x84",
        "\xE3\x82\xB5\xE3\x83\xBC\xE3\x83\x90\xE3\x83\xBC\xE4\xB8\xAD\xE7\xB6\x99",
        "\xE6\x9C\x8D\xE5\x8A\xA1\xE5\x99\xA8\xE8\xBD\xAC\xE5\x8F\x91",
    },
    { // TR_RELAY_NA
        "This server cannot carry game traffic.",
        "Este servidor no puede transportar el tr\xC3\xA1" "fico del juego.",
        "Ce serveur ne peut pas transporter le trafic du jeu.",
        "Dieser Server kann keinen Spielverkehr weiterleiten.",
        "Questo server non pu\xC3\xB2 inoltrare il traffico di gioco.",
        "Este servidor n\xC3\xA3o pode transportar o tr\xC3\xA1" "fego do jogo.",
        "\xD0\xAD\xD1\x82\xD0\xBE\xD1\x82 \xD1\x81\xD0\xB5\xD1\x80\xD0\xB2\xD0\xB5\xD1\x80 \xD0\xBD\xD0\xB5 \xD0\xBC\xD0\xBE\xD0\xB6\xD0\xB5\xD1\x82 \xD0\xBF\xD0\xB5\xD1\x80\xD0\xB5\xD0\xB4\xD0\xB0\xD0\xB2\xD0\xB0\xD1\x82\xD1\x8C \xD0\xB8\xD0\xB3\xD1\x80\xD0\xBE\xD0\xB2\xD0\xBE\xD0\xB9 \xD1\x82\xD1\x80\xD0\xB0\xD1\x84\xD0\xB8\xD0\xBA.",
        "\xEC\x9D\xB4 \xEC\x84\x9C\xEB\xB2\x84\xEB\x8A\x94 \xEA\xB2\x8C\xEC\x9E\x84 \xED\x8A\xB8\xEB\x9E\x98\xED\x94\xBD\xEC\x9D\x84 \xEC\xA4\x91\xEA\xB3\x84\xED\x95\xA0 \xEC\x88\x98 \xEC\x97\x86\xEC\x8A\xB5\xEB\x8B\x88\xEB\x8B\xA4.",
        "\xE3\x81\x93\xE3\x81\xAE\xE3\x82\xB5\xE3\x83\xBC\xE3\x83\x90\xE3\x83\xBC\xE3\x81\xAF\xE3\x82\xB2\xE3\x83\xBC\xE3\x83\xA0\xE3\x81\xAE\xE9\x80\x9A\xE4\xBF\xA1\xE3\x82\x92\xE4\xB8\xAD\xE7\xB6\x99\xE3\x81\xA7\xE3\x81\x8D\xE3\x81\xBE\xE3\x81\x9B\xE3\x82\x93\xE3\x80\x82",
        "\xE8\xAF\xA5\xE6\x9C\x8D\xE5\x8A\xA1\xE5\x99\xA8\xE4\xB8\x8D\xE6\x94\xAF\xE6\x8C\x81\xE8\xBD\xAC\xE5\x8F\x91\xE6\xB8\xB8\xE6\x88\x8F\xE6\x95\xB0\xE6\x8D\xAE\xE3\x80\x82",
    },
    { // TR_RELAY_FULL
        "The server already carries as many rooms as it can (%u/%u). Choose another connection method.",
        "El servidor ya transporta todas las salas que puede (%u/%u). Elige otro m\xC3\xA9todo de conexi\xC3\xB3n.",
        "Le serveur transporte d\xC3\xA9j\xC3\xA0 autant de salons qu'il le peut (%u/%u). Choisissez un autre mode de connexion.",
        "Der Server leitet bereits so viele R\xC3\xA4ume weiter, wie er kann (%u/%u). W\xC3\xA4hle eine andere Verbindungsart.",
        "Il server inoltra gi\xC3\xA0 tutte le stanze che pu\xC3\xB2 (%u/%u). Scegli un altro metodo di connessione.",
        "O servidor j\xC3\xA1 transporta todas as salas que consegue (%u/%u). Escolha outro m\xC3\xA9todo de conex\xC3\xA3o.",
        "\xD0\xA1\xD0\xB5\xD1\x80\xD0\xB2\xD0\xB5\xD1\x80 \xD1\x83\xD0\xB6\xD0\xB5 \xD0\xBF\xD0\xB5\xD1\x80\xD0\xB5\xD0\xB4\xD0\xB0\xD1\x91\xD1\x82 \xD1\x81\xD1\x82\xD0\xBE\xD0\xBB\xD1\x8C\xD0\xBA\xD0\xBE \xD0\xBA\xD0\xBE\xD0\xBC\xD0\xBD\xD0\xB0\xD1\x82, \xD1\x81\xD0\xBA\xD0\xBE\xD0\xBB\xD1\x8C\xD0\xBA\xD0\xBE \xD0\xBC\xD0\xBE\xD0\xB6\xD0\xB5\xD1\x82 (%u/%u). \xD0\x92\xD1\x8B\xD0\xB1\xD0\xB5\xD1\x80\xD0\xB8\xD1\x82\xD0\xB5 \xD0\xB4\xD1\x80\xD1\x83\xD0\xB3\xD0\xBE\xD0\xB9 \xD1\x81\xD0\xBF\xD0\xBE\xD1\x81\xD0\xBE\xD0\xB1 \xD0\xBF\xD0\xBE\xD0\xB4\xD0\xBA\xD0\xBB\xD1\x8E\xD1\x87\xD0\xB5\xD0\xBD\xD0\xB8\xD1\x8F.",
        "\xEC\x84\x9C\xEB\xB2\x84\xEA\xB0\x80 \xEC\xB2\x98\xEB\xA6\xAC\xED\x95\xA0 \xEC\x88\x98 \xEC\x9E\x88\xEB\x8A\x94 \xEB\xB0\xA9 \xEC\x88\x98\xEC\x97\x90 \xEB\x8F\x84\xEB\x8B\xAC\xED\x96\x88\xEC\x8A\xB5\xEB\x8B\x88\xEB\x8B\xA4 (%u/%u). \xEB\x8B\xA4\xEB\xA5\xB8 \xEC\x97\xB0\xEA\xB2\xB0 \xEB\xB0\xA9\xEC\x8B\x9D\xEC\x9D\x84 \xEC\x84\xA0\xED\x83\x9D\xED\x95\x98\xEC\x84\xB8\xEC\x9A\x94.",
        "\xE3\x82\xB5\xE3\x83\xBC\xE3\x83\x90\xE3\x83\xBC\xE3\x81\xAF\xE5\xAF\xBE\xE5\xBF\x9C\xE3\x81\xA7\xE3\x81\x8D\xE3\x82\x8B\xE4\xB8\x8A\xE9\x99\x90\xE3\x81\xAE\xE9\x83\xA8\xE5\xB1\x8B\xE6\x95\xB0\xE3\x82\x92\xE4\xB8\xAD\xE7\xB6\x99\xE4\xB8\xAD\xE3\x81\xA7\xE3\x81\x99 (%u/%u)\xE3\x80\x82\xE5\x88\xA5\xE3\x81\xAE\xE6\x8E\xA5\xE7\xB6\x9A\xE6\x96\xB9\xE6\xB3\x95\xE3\x82\x92\xE9\x81\xB8\xE3\x82\x93\xE3\x81\xA7\xE3\x81\x8F\xE3\x81\xA0\xE3\x81\x95\xE3\x81\x84\xE3\x80\x82",
        "\xE6\x9C\x8D\xE5\x8A\xA1\xE5\x99\xA8\xE8\xBD\xAC\xE5\x8F\x91\xE7\x9A\x84\xE6\x88\xBF\xE9\x97\xB4\xE6\x95\xB0\xE5\xB7\xB2\xE6\xBB\xA1 (%u/%u)\xEF\xBC\x8C\xE8\xAF\xB7\xE9\x80\x89\xE6\x8B\xA9\xE5\x85\xB6\xE4\xBB\x96\xE8\xBF\x9E\xE6\x8E\xA5\xE6\x96\xB9\xE5\xBC\x8F\xE3\x80\x82",
    },
    { // TR_RELAY_SEL
        "The lobby server will carry the game's traffic -- no open port needed (%u of %u relay rooms in use). Slower than a direct link.",
        "El servidor del lobby transportar\xC3\xA1 el tr\xC3\xA1" "fico del juego, sin necesidad de abrir puertos (%u de %u salas en uso). M\xC3\xA1s lento que una conexi\xC3\xB3n directa.",
        "Le serveur du salon transportera le trafic du jeu, sans port \xC3\xA0 ouvrir (%u salons sur %u utilis\xC3\xA9s). Plus lent qu'une liaison directe.",
        "Der Lobby-Server leitet den Spielverkehr weiter, kein offener Port n\xC3\xB6tig (%u von %u Relay-R\xC3\xA4umen belegt). Langsamer als eine direkte Verbindung.",
        "Il server della lobby inoltrer\xC3\xA0 il traffico di gioco, senza porte da aprire (%u stanze su %u in uso). Pi\xC3\xB9 lento di un collegamento diretto.",
        "O servidor do lobby transportar\xC3\xA1 o tr\xC3\xA1" "fego do jogo, sem precisar abrir portas (%u de %u salas em uso). Mais lento que uma liga\xC3\xA7\xC3\xA3o direta.",
        "\xD0\xA1\xD0\xB5\xD1\x80\xD0\xB2\xD0\xB5\xD1\x80 \xD0\xBB\xD0\xBE\xD0\xB1\xD0\xB1\xD0\xB8 \xD0\xB1\xD1\x83\xD0\xB4\xD0\xB5\xD1\x82 \xD0\xBF\xD0\xB5\xD1\x80\xD0\xB5\xD0\xB4\xD0\xB0\xD0\xB2\xD0\xB0\xD1\x82\xD1\x8C \xD0\xB8\xD0\xB3\xD1\x80\xD0\xBE\xD0\xB2\xD0\xBE\xD0\xB9 \xD1\x82\xD1\x80\xD0\xB0\xD1\x84\xD0\xB8\xD0\xBA, \xD0\xBE\xD1\x82\xD0\xBA\xD1\x80\xD1\x8B\xD0\xB2\xD0\xB0\xD1\x82\xD1\x8C \xD0\xBF\xD0\xBE\xD1\x80\xD1\x82 \xD0\xBD\xD0\xB5 \xD0\xBD\xD1\x83\xD0\xB6\xD0\xBD\xD0\xBE (\xD0\xB7\xD0\xB0\xD0\xBD\xD1\x8F\xD1\x82\xD0\xBE %u \xD0\xB8\xD0\xB7 %u \xD0\xBA\xD0\xBE\xD0\xBC\xD0\xBD\xD0\xB0\xD1\x82). \xD0\x9C\xD0\xB5\xD0\xB4\xD0\xBB\xD0\xB5\xD0\xBD\xD0\xBD\xD0\xB5\xD0\xB5 \xD0\xBF\xD1\x80\xD1\x8F\xD0\xBC\xD0\xBE\xD0\xB3\xD0\xBE \xD1\x81\xD0\xBE\xD0\xB5\xD0\xB4\xD0\xB8\xD0\xBD\xD0\xB5\xD0\xBD\xD0\xB8\xD1\x8F.",
        "\xEB\xA1\x9C\xEB\xB9\x84 \xEC\x84\x9C\xEB\xB2\x84\xEA\xB0\x80 \xEA\xB2\x8C\xEC\x9E\x84 \xED\x8A\xB8\xEB\x9E\x98\xED\x94\xBD\xEC\x9D\x84 \xEC\xA4\x91\xEA\xB3\x84\xED\x95\x98\xEB\xAF\x80\xEB\xA1\x9C \xED\x8F\xAC\xED\x8A\xB8\xEB\xA5\xBC \xEC\x97\xB4 \xED\x95\x84\xEC\x9A\x94\xEA\xB0\x80 \xEC\x97\x86\xEC\x8A\xB5\xEB\x8B\x88\xEB\x8B\xA4 (\xEC\xA4\x91\xEA\xB3\x84 \xEB\xB0\xA9 %u/%u \xEC\x82\xAC\xEC\x9A\xA9 \xEC\xA4\x91). \xEC\xA7\x81\xEC\xA0\x91 \xEC\x97\xB0\xEA\xB2\xB0\xEB\xB3\xB4\xEB\x8B\xA4 \xEB\x8A\x90\xEB\xA6\xBD\xEB\x8B\x88\xEB\x8B\xA4.",
        "\xE3\x83\xAD\xE3\x83\x93\xE3\x83\xBC\xE3\x82\xB5\xE3\x83\xBC\xE3\x83\x90\xE3\x83\xBC\xE3\x81\x8C\xE3\x82\xB2\xE3\x83\xBC\xE3\x83\xA0\xE3\x81\xAE\xE9\x80\x9A\xE4\xBF\xA1\xE3\x82\x92\xE4\xB8\xAD\xE7\xB6\x99\xE3\x81\x99\xE3\x82\x8B\xE3\x81\x9F\xE3\x82\x81\xE3\x80\x81\xE3\x83\x9D\xE3\x83\xBC\xE3\x83\x88\xE9\x96\x8B\xE6\x94\xBE\xE3\x81\xAF\xE4\xB8\x8D\xE8\xA6\x81\xE3\x81\xA7\xE3\x81\x99 (%u/%u \xE9\x83\xA8\xE5\xB1\x8B\xE4\xBD\xBF\xE7\x94\xA8\xE4\xB8\xAD)\xE3\x80\x82\xE7\x9B\xB4\xE6\x8E\xA5\xE6\x8E\xA5\xE7\xB6\x9A\xE3\x82\x88\xE3\x82\x8A\xE9\x81\x85\xE3\x81\x8F\xE3\x81\xAA\xE3\x82\x8A\xE3\x81\xBE\xE3\x81\x99\xE3\x80\x82",
        "\xE5\xB0\x86\xE7\x94\xB1\xE5\xA4\xA7\xE5\x8E\x85\xE6\x9C\x8D\xE5\x8A\xA1\xE5\x99\xA8\xE8\xBD\xAC\xE5\x8F\x91\xE6\xB8\xB8\xE6\x88\x8F\xE6\x95\xB0\xE6\x8D\xAE\xEF\xBC\x8C\xE6\x97\xA0\xE9\x9C\x80\xE5\xBC\x80\xE6\x94\xBE\xE7\xAB\xAF\xE5\x8F\xA3\xEF\xBC\x88\xE5\xB7\xB2\xE7\x94\xA8 %u/%u \xE4\xB8\xAA\xE8\xBD\xAC\xE5\x8F\x91\xE6\x88\xBF\xE9\x97\xB4\xEF\xBC\x89\xE3\x80\x82\xE6\xAF\x94\xE7\x9B\xB4\xE8\xBF\x9E\xE6\x9B\xB4\xE6\x85\xA2\xE3\x80\x82",
    },
    { // TR_RELAY_WARN
        "This server has a low specification and can only support a few rooms. Choose this option only when the other connection methods are unavailable.",
        "Este servidor tiene una configuraci\xC3\xB3n baja y solo admite unas pocas salas. Elige esta opci\xC3\xB3n solo cuando los dem\xC3\xA1s m\xC3\xA9todos de conexi\xC3\xB3n no est\xC3\xA9n disponibles.",
        "La configuration de ce serveur est modeste et il ne peut prendre en charge que quelques salons. Ne choisissez cette option que si les autres modes de connexion sont indisponibles.",
        "Dieser Server ist nur schwach ausgestattet und unterst\xC3\xBCtzt nur wenige R\xC3\xA4ume. W\xC3\xA4hle diese Option nur, wenn die anderen Verbindungsarten nicht verf\xC3\xBCgbar sind.",
        "La configurazione di questo server \xC3\xA8 bassa e supporta solo poche stanze. Scegli questa opzione solo quando gli altri metodi di connessione non sono disponibili.",
        "A configura\xC3\xA7\xC3\xA3o deste servidor \xC3\xA9 baixa e suporta apenas algumas salas. Escolha esta op\xC3\xA7\xC3\xA3o somente quando os outros m\xC3\xA9todos de conex\xC3\xA3o n\xC3\xA3o estiverem dispon\xC3\xADveis.",
        "\xD0\xAD\xD1\x82\xD0\xBE\xD1\x82 \xD1\x81\xD0\xB5\xD1\x80\xD0\xB2\xD0\xB5\xD1\x80 \xD0\xBC\xD0\xB0\xD0\xBB\xD0\xBE\xD0\xBC\xD0\xBE\xD1\x89\xD0\xBD\xD1\x8B\xD0\xB9 \xD0\xB8 \xD0\xBF\xD0\xBE\xD0\xB4\xD0\xB4\xD0\xB5\xD1\x80\xD0\xB6\xD0\xB8\xD0\xB2\xD0\xB0\xD0\xB5\xD1\x82 \xD0\xBB\xD0\xB8\xD1\x88\xD1\x8C \xD0\xBD\xD0\xB5\xD0\xB1\xD0\xBE\xD0\xBB\xD1\x8C\xD1\x88\xD0\xBE\xD0\xB5 \xD1\x87\xD0\xB8\xD1\x81\xD0\xBB\xD0\xBE \xD0\xBA\xD0\xBE\xD0\xBC\xD0\xBD\xD0\xB0\xD1\x82. \xD0\x92\xD1\x8B\xD0\xB1\xD0\xB8\xD1\x80\xD0\xB0\xD0\xB9\xD1\x82\xD0\xB5 \xD1\x8D\xD1\x82\xD0\xBE\xD1\x82 \xD0\xB2\xD0\xB0\xD1\x80\xD0\xB8\xD0\xB0\xD0\xBD\xD1\x82 \xD1\x82\xD0\xBE\xD0\xBB\xD1\x8C\xD0\xBA\xD0\xBE \xD1\x82\xD0\xBE\xD0\xB3\xD0\xB4\xD0\xB0, \xD0\xBA\xD0\xBE\xD0\xB3\xD0\xB4\xD0\xB0 \xD0\xB4\xD1\x80\xD1\x83\xD0\xB3\xD0\xB8\xD0\xB5 \xD1\x81\xD0\xBF\xD0\xBE\xD1\x81\xD0\xBE\xD0\xB1\xD1\x8B \xD0\xBF\xD0\xBE\xD0\xB4\xD0\xBA\xD0\xBB\xD1\x8E\xD1\x87\xD0\xB5\xD0\xBD\xD0\xB8\xD1\x8F \xD0\xBD\xD0\xB5\xD0\xB4\xD0\xBE\xD1\x81\xD1\x82\xD1\x83\xD0\xBF\xD0\xBD\xD1\x8B.",
        "\xED\x98\x84\xEC\x9E\xAC \xEC\x84\x9C\xEB\xB2\x84 \xEC\x82\xAC\xEC\x96\x91\xEC\x9D\xB4 \xEB\x82\xAE\xEC\x95\x84 \xEC\x86\x8C\xEC\x88\x98\xEC\x9D\x98 \xEB\xB0\xA9\xEB\xA7\x8C \xEC\xA7\x80\xEC\x9B\x90\xED\x95\xA0 \xEC\x88\x98 \xEC\x9E\x88\xEC\x8A\xB5\xEB\x8B\x88\xEB\x8B\xA4. \xEB\x8B\xA4\xEB\xA5\xB8 \xEC\x97\xB0\xEA\xB2\xB0 \xEB\xB0\xA9\xEC\x8B\x9D\xEC\x9D\x84 \xEC\x82\xAC\xEC\x9A\xA9\xED\x95\xA0 \xEC\x88\x98 \xEC\x97\x86\xEC\x9D\x84 \xEB\x95\x8C\xEB\xA7\x8C \xEC\x9D\xB4 \xEC\x98\xB5\xEC\x85\x98\xEC\x9D\x84 \xEC\x84\xA0\xED\x83\x9D\xED\x95\x98\xEC\x84\xB8\xEC\x9A\x94.",
        "\xE3\x81\x93\xE3\x81\xAE\xE3\x82\xB5\xE3\x83\xBC\xE3\x83\x90\xE3\x83\xBC\xE3\x81\xAF\xE3\x82\xB9\xE3\x83\x9A\xE3\x83\x83\xE3\x82\xAF\xE3\x81\x8C\xE4\xBD\x8E\xE3\x81\x8F\xE3\x80\x81\xE5\xB0\x91\xE6\x95\xB0\xE3\x81\xAE\xE9\x83\xA8\xE5\xB1\x8B\xE3\x81\x97\xE3\x81\x8B\xE5\xAF\xBE\xE5\xBF\x9C\xE3\x81\xA7\xE3\x81\x8D\xE3\x81\xBE\xE3\x81\x9B\xE3\x82\x93\xE3\x80\x82\xE4\xBB\x96\xE3\x81\xAE\xE6\x8E\xA5\xE7\xB6\x9A\xE6\x96\xB9\xE6\xB3\x95\xE3\x81\x8C\xE4\xBD\xBF\xE3\x81\x88\xE3\x81\xAA\xE3\x81\x84\xE5\xA0\xB4\xE5\x90\x88\xE3\x81\xAB\xE3\x81\xAE\xE3\x81\xBF\xE3\x80\x81\xE3\x81\x93\xE3\x81\xAE\xE3\x82\xAA\xE3\x83\x97\xE3\x82\xB7\xE3\x83\xA7\xE3\x83\xB3\xE3\x82\x92\xE9\x81\xB8\xE3\x82\x93\xE3\x81\xA7\xE3\x81\x8F\xE3\x81\xA0\xE3\x81\x95\xE3\x81\x84\xE3\x80\x82",
        "\xE5\xBD\x93\xE5\x89\x8D\xE6\x9C\x8D\xE5\x8A\xA1\xE5\x99\xA8\xE9\x85\x8D\xE7\xBD\xAE\xE8\xBE\x83\xE4\xBD\x8E\xEF\xBC\x8C\xE4\xBB\x85\xE8\x83\xBD\xE6\x94\xAF\xE6\x8C\x81\xE5\xB0\x91\xE9\x87\x8F\xE6\x88\xBF\xE9\x97\xB4\xEF\xBC\x8C\xE4\xBB\x85\xE5\x9C\xA8\xE5\x85\xB6\xE4\xBB\x96\xE8\xBF\x9E\xE6\x8E\xA5\xE6\x96\xB9\xE5\xBC\x8F\xE4\xB8\x8D\xE5\x8F\xAF\xE7\x94\xA8\xE6\x97\xB6\xE5\x86\x8D\xE9\x80\x89\xE6\x8B\xA9\xE8\xAF\xA5\xE9\x80\x89\xE9\xA1\xB9\xE3\x80\x82",
    },
    { // TR_RELAY_OK
        "Use it anyway",
        "Usarla igualmente",
        "L'utiliser quand m\xC3\xAAme",
        "Trotzdem w\xC3\xA4hlen",
        "Usala comunque",
        "Usar mesmo assim",
        "\xD0\x92\xD1\x81\xD1\x91 \xD1\x80\xD0\xB0\xD0\xB2\xD0\xBD\xD0\xBE \xD0\xB2\xD1\x8B\xD0\xB1\xD1\x80\xD0\xB0\xD1\x82\xD1\x8C",
        "\xEA\xB7\xB8\xEB\x9E\x98\xEB\x8F\x84 \xEC\x82\xAC\xEC\x9A\xA9",
        "\xE3\x81\x9D\xE3\x82\x8C\xE3\x81\xA7\xE3\x82\x82\xE4\xBD\xBF\xE3\x81\x86",
        "\xE4\xBB\x8D\xE7\x84\xB6\xE9\x80\x89\xE6\x8B\xA9",
    },
};
} // namespace mgmp
